geneSymbol	Context2	DEG_chr	DEG_start	DEG_end	geneType
CFH	AvT	chr1	196651754	196752476	protein_coding
ENPP4	AvT	chr6	46129964	46146699	protein_coding
AOC1	AvT	chr7	150824627	150861504	protein_coding
CYP26B1	AvT	chr2	72129238	72147862	protein_coding
ICA1	AvT	chr7	8113181	8262687	protein_coding
DBNDD1	AvT	chr16	90004871	90019890	protein_coding
SLC7A2	AvT	chr8	17496975	17570573	protein_coding
SARM1	AvT	chr17	28364356	28404049	protein_coding
PLXND1	AvT	chr3	129555213	129606681	protein_coding
VPS50	AvT	chr7	93232340	93361123	protein_coding
ABCB5	AvT	chr7	20615667	20777038	protein_coding
ARX	AvT	chrX	25003694	25016420	protein_coding
PRSS22	AvT	chr16	2852728	2858210	protein_coding
SKAP2	AvT	chr7	26667003	26995239	protein_coding
HOXA11	AvT	chr7	27181157	27185232	protein_coding
THSD7A	AvT	chr7	11370365	11832198	protein_coding
PON1	AvT	chr7	95297173	95324710	protein_coding
GCFC2	AvT	chr2	75652000	75711184	protein_coding
PDK2	AvT	chr17	50094737	50112152	protein_coding
ITGA3	AvT	chr17	50055968	50090485	protein_coding
ITGA2B	AvT	chr17	44372177	44389649	protein_coding
ASB4	AvT	chr7	95478444	95540233	protein_coding
YBX2	AvT	chr17	7288263	7294639	protein_coding
CACNA1G	AvT	chr17	50560715	50627474	protein_coding
BAIAP2L1	AvT	chr7	98291648	98401115	protein_coding
ETV1	AvT	chr7	13891229	13991425	protein_coding
TTC22	AvT	chr1	54779712	54801323	protein_coding
RHBDF1	AvT	chr16	58058	78176	protein_coding
MYLIP	AvT	chr6	16129086	16151367	protein_coding
E2F2	AvT	chr1	23506438	23531233	protein_coding
SYN1	AvT	chrX	47571901	47619858	protein_coding
JARID2	AvT	chr6	15244937	15522042	protein_coding
CDKL5	AvT	chrX	18425583	18653629	protein_coding
AASS	AvT	chr7	122064583	122144489	protein_coding
PGLYRP1	AvT	chr19	46019153	46023053	protein_coding
MMP25	AvT	chr16	3046062	3060729	protein_coding
IL32	AvT	chr16	3064301	3082192	protein_coding
PAX7	AvT	chr1	18630846	18748876	protein_coding
TRAF3IP3	AvT	chr1	209756032	209782320	protein_coding
MLXIPL	AvT	chr7	73593194	73624568	protein_coding
ETV7	AvT	chr6	36354091	36387800	protein_coding
IFFO1	AvT	chr12	6538961	6556102	protein_coding
GIPR	AvT	chr19	45668221	45683722	protein_coding
FUZ	AvT	chr19	49806866	49817376	protein_coding
FYN	AvT	chr6	111660332	111873475	protein_coding
MRC2	AvT	chr17	62627670	62693597	protein_coding
ANOS1	AvT	chrX	8528874	8732195	protein_coding
DPF1	AvT	chr19	38211006	38229714	protein_coding
SYT7	AvT	chr11	61513714	61581167	protein_coding
ANLN	AvT	chr7	36389727	36453791	protein_coding
DCN	AvT	chr12	91140484	91183217	protein_coding
LDAF1	AvT	chr16	21158305	21181330	protein_coding
EHD3	AvT	chr2	31233961	31269451	protein_coding
GPRC5A	AvT	chr12	12890782	12917937	protein_coding
CHDH	AvT	chr3	53812335	53846466	protein_coding
IGF1	AvT	chr12	102395874	102481744	protein_coding
ATP1A2	AvT	chr1	160115758	160143595	protein_coding
PHLDB1	AvT	chr11	118606396	118658038	protein_coding
MARCO	AvT	chr2	118942172	118994664	protein_coding
CYP24A1	AvT	chr20	54153446	54173986	protein_coding
PRDM11	AvT	chr11	45095806	45235110	protein_coding
SNAI2	AvT	chr8	48917598	48921740	protein_coding
HGF	AvT	chr7	81699010	81770438	protein_coding
NCDN	AvT	chr1	35557456	35567274	protein_coding
ADGRA2	AvT	chr8	37784191	37844896	protein_coding
PLEKHB1	AvT	chr11	73646178	73662819	protein_coding
SERPINB1	AvT	chr6	2832332	2842001	protein_coding
FHL1	AvT	chrX	136146702	136211359	protein_coding
BIRC3	AvT	chr11	102317484	102339403	protein_coding
ABCC2	AvT	chr10	99782640	99852594	protein_coding
PLEKHO1	AvT	chr1	150149183	150164720	protein_coding
EHD2	AvT	chr19	47713416	47743134	protein_coding
TYMP	AvT	chr22	50525752	50530326	protein_coding
VIM	AvT	chr10	17228241	17237593	protein_coding
KCNG1	AvT	chr20	51003655	51023244	protein_coding
AGPAT4	AvT	chr6	161129967	161274095	protein_coding
SLAMF7	AvT	chr1	160739057	160754821	protein_coding
SH2D2A	AvT	chr1	156806235	156817014	protein_coding
ANK1	AvT	chr8	41653220	41896741	protein_coding
IKZF2	AvT	chr2	212999691	213152427	protein_coding
CLXN	AvT	chr8	48710789	48735311	protein_coding
SLC18A1	AvT	chr8	20144855	20183206	protein_coding
AGA	AvT	chr4	177430774	177442444	protein_coding
TLL1	AvT	chr4	165873237	166104457	protein_coding
VCAN	AvT	chr5	83471618	83582303	protein_coding
CDH1	AvT	chr16	68737292	68835540	protein_coding
BEST2	AvT	chr19	12751702	12758458	protein_coding
PHLPP2	AvT	chr16	71637835	71724701	protein_coding
RAB27B	AvT	chr18	54717857	54895516	protein_coding
ZIC2	AvT	chr13	99981784	99986765	protein_coding
EPHA3	AvT	chr3	89107522	89482437	protein_coding
DSG2	AvT	chr18	31497624	31551351	protein_coding
ARAP2	AvT	chr4	35948221	36244777	protein_coding
HDAC9	AvT	chr7	18086949	19002416	protein_coding
PER3	AvT	chr1	7784291	7845181	protein_coding
EPN3	AvT	chr17	50532548	50543750	protein_coding
LTBP1	AvT	chr2	32946472	33399509	protein_coding
NEDD4L	AvT	chr18	58044050	58401540	protein_coding
FOXP3	AvT	chrX	49250436	49264800	protein_coding
DKK3	AvT	chr11	11956207	12009948	protein_coding
ARHGEF5	AvT	chr7	144355288	144380632	protein_coding
CYBA	AvT	chr16	88643275	88651083	protein_coding
PRSS8	AvT	chr16	31131433	31135727	protein_coding
FOXN3	AvT	chr14	89124871	89619271	protein_coding
ENTPD2	AvT	chr9	137048107	137054061	protein_coding
ATP9A	AvT	chr20	51596514	51768390	protein_coding
GALC	AvT	chr14	87837820	87993665	protein_coding
PHF21B	AvT	chr22	44881162	45010022	protein_coding
TRAF1	AvT	chr9	120902393	120931875	protein_coding
CDK14	AvT	chr7	90466424	91210590	protein_coding
CAMK2B	AvT	chr7	44209993	44334577	protein_coding
TBXAS1	AvT	chr7	139777051	140020325	protein_coding
SLC2A3	AvT	chr12	7919230	8019007	protein_coding
STYK1	AvT	chr12	10618919	10674318	protein_coding
GNA15	AvT	chr19	3136033	3163749	protein_coding
PRDM6	AvT	chr5	123089241	123194266	protein_coding
GUCY1B1	AvT	chr4	155758988	155807811	protein_coding
CDH3	AvT	chr16	68636189	68727468	protein_coding
DGAT2	AvT	chr11	75759512	75801542	protein_coding
AHRR	AvT	chr5	320682	438291	protein_coding
LIMCH1	AvT	chr4	41359574	41700049	protein_coding
DLX3	AvT	chr17	49990005	49995224	protein_coding
ST3GAL6	AvT	chr3	98732175	98821201	protein_coding
ATP2C2	AvT	chr16	84368476	84465779	protein_coding
CDON	AvT	chr11	125955796	126063335	protein_coding
BCAS1	AvT	chr20	53936777	54070641	protein_coding
TRAM2	AvT	chr6	52497408	52577077	protein_coding
ERBB3	AvT	chr12	56076799	56103505	protein_coding
MYLK	AvT	chr3	123610049	123884375	protein_coding
PRKCQ	AvT	chr10	6427136	6580855	protein_coding
TLE2	AvT	chr19	2997639	3047635	protein_coding
CTNNA2	AvT	chr2	79185231	80648861	protein_coding
NGEF	AvT	chr2	232878686	233013263	protein_coding
CLDN18	AvT	chr3	137998735	138033655	protein_coding
MSANTD3	AvT	chr9	100426693	100451734	protein_coding
ARFGEF1	AvT	chr8	67173511	67343961	protein_coding
NEO1	AvT	chr15	73051645	73305205	protein_coding
TNFRSF1A	AvT	chr12	6328757	6342114	protein_coding
NAV3	AvT	chr12	77324641	78213010	protein_coding
ROGDI	AvT	chr16	4796962	4802926	protein_coding
PDK3	AvT	chrX	24465244	24550466	protein_coding
KCNAB2	AvT	chr1	5990927	6101193	protein_coding
MAOB	AvT	chrX	43766400	43882559	protein_coding
RORA	AvT	chr15	60488284	61229302	protein_coding
TGFBR3	AvT	chr1	91680343	91906335	protein_coding
PLA2G10	AvT	chr16	14672548	14694308	protein_coding
DAPP1	AvT	chr4	99816816	99870190	protein_coding
CLTCL1	AvT	chr22	19179320	19291774	protein_coding
CNGB1	AvT	chr16	57882340	57971128	protein_coding
ST6GALNAC2	AvT	chr17	76565377	76586956	protein_coding
MGAT4A	AvT	chr2	98619106	98732639	protein_coding
RPS6KA2	AvT	chr6	166409364	166906451	protein_coding
VASH1	AvT	chr14	76761468	76783015	protein_coding
TRIB2	AvT	chr2	12716910	12742734	protein_coding
HLTF	AvT	chr3	149030122	149086554	protein_coding
CDH19	AvT	chr18	66501083	66604438	protein_coding
SLC6A15	AvT	chr12	84859491	84913629	protein_coding
LIMS2	AvT	chr2	127638381	127681786	protein_coding
ALDH3A2	AvT	chr17	19647291	19685760	protein_coding
TRHDE	AvT	chr12	72087266	72670758	protein_coding
CRMP1	AvT	chr4	5748084	5893086	protein_coding
EVC	AvT	chr4	5711201	5814305	protein_coding
SIDT1	AvT	chr3	113532400	113629714	protein_coding
SCARB1	AvT	chr12	124776856	124882668	protein_coding
PANX2	AvT	chr22	50170731	50180295	protein_coding
TP63	AvT	chr3	189631389	189897276	protein_coding
LLGL2	AvT	chr17	75525080	75575215	protein_coding
FNDC8	AvT	chr17	35121615	35130732	protein_coding
GSDMB	AvT	chr17	39904595	39919854	protein_coding
DHRS9	AvT	chr2	169064789	169096168	protein_coding
GLI2	AvT	chr2	120735623	120992653	protein_coding
NOTCH3	AvT	chr19	15159038	15200996	protein_coding
CA12	AvT	chr15	63321378	63382027	protein_coding
NTN4	AvT	chr12	95657807	95791189	protein_coding
NUAK1	AvT	chr12	106063345	106138954	protein_coding
TACR2	AvT	chr10	69403903	69416918	protein_coding
SEMA3C	AvT	chr7	80742538	80922379	protein_coding
WNT8B	AvT	chr10	100463009	100483744	protein_coding
SLC25A40	AvT	chr7	87833561	87876404	protein_coding
CACNG4	AvT	chr17	66964707	67033400	protein_coding
SLC46A1	AvT	chr17	28394642	28407197	protein_coding
PLXNA2	AvT	chr1	208022242	208244850	protein_coding
TPD52	AvT	chr8	80034745	80231232	protein_coding
ACACB	AvT	chr12	109116587	109268226	protein_coding
PAG1	AvT	chr8	80967810	81112116	protein_coding
GPC4	AvT	chrX	133300103	133416214	protein_coding
CAMSAP3	AvT	chr19	7595826	7618352	protein_coding
PAK3	AvT	chrX	110944285	111227361	protein_coding
LRCH4	AvT	chr7	100574011	100586161	protein_coding
TYR	AvT	chr11	89177875	89295759	protein_coding
GPR137B	AvT	chr1	236142148	236221865	protein_coding
SMC1B	AvT	chr22	45344063	45413619	protein_coding
MAP2	AvT	chr2	209423988	209734235	protein_coding
LAMP3	AvT	chr3	183122200	183163839	protein_coding
FAP	AvT	chr2	162170684	162245151	protein_coding
EDN1	AvT	chr6	12287459	12297194	protein_coding
TP73	AvT	chr1	3652516	3736201	protein_coding
UBE2D4	AvT	chr7	43926436	43956136	protein_coding
CLUL1	AvT	chr18	596988	650334	protein_coding
CDH17	AvT	chr8	94124381	94217303	protein_coding
FKBP7	AvT	chr2	178463664	178478600	protein_coding
SLC1A3	AvT	chr5	36596588	36688335	protein_coding
TNS1	AvT	chr2	217799588	218033982	protein_coding
RAPGEF3	AvT	chr12	47734363	47771040	protein_coding
OPHN1	AvT	chrX	67949349	68434120	protein_coding
EPB41L2	AvT	chr6	130839343	131063361	protein_coding
RIMS1	AvT	chr6	71886550	72403150	protein_coding
MOXD1	AvT	chr6	132296055	132401556	protein_coding
PTPRH	AvT	chr19	55181230	55209508	protein_coding
EPHA6	AvT	chr3	96814581	97761532	protein_coding
COL5A3	AvT	chr19	9959561	10010504	protein_coding
MEF2C	AvT	chr5	88717117	88904257	protein_coding
CADPS2	AvT	chr7	122318411	122886779	protein_coding
ATP8B1	AvT	chr18	57646426	57803560	protein_coding
SMARCD3	AvT	chr7	151238764	151277896	protein_coding
FYB1	AvT	chr5	39105252	39274528	protein_coding
MPP4	AvT	chr2	201644870	201698694	protein_coding
COL19A1	AvT	chr6	69866556	70212468	protein_coding
DLG3	AvT	chrX	70444835	70505490	protein_coding
KCNK2	AvT	chr1	215005775	215237090	protein_coding
TRAF5	AvT	chr1	211326325	211375036	protein_coding
OPRK1	AvT	chr8	53225724	53251637	protein_coding
GRHL2	AvT	chr8	101492439	101669726	protein_coding
COL16A1	AvT	chr1	31652260	31704319	protein_coding
OVGP1	AvT	chr1	111414319	111427735	protein_coding
WNT11	AvT	chr11	76186325	76210761	protein_coding
FAT2	AvT	chr5	151504092	151591331	protein_coding
ERO1B	AvT	chr1	236214681	236282019	protein_coding
FTL	AvT	chr19	48965275	48967896	protein_coding
TMPRSS11E	AvT	chr4	68447463	68497604	protein_coding
MMP2	AvT	chr16	55389700	55506691	protein_coding
LPCAT2	AvT	chr16	55508994	55586666	protein_coding
NID2	AvT	chr14	52004809	52069059	protein_coding
PTHLH	AvT	chr12	27958084	27972755	protein_coding
PHACTR3	AvT	chr20	59577495	59847711	protein_coding
PIR	AvT	chrX	15384799	15493635	protein_coding
SULT2B1	AvT	chr19	48552172	48599425	protein_coding
EPB41L1	AvT	chr20	36091504	36232799	protein_coding
SMOX	AvT	chr20	4120980	4187748	protein_coding
SLC4A11	AvT	chr20	3227417	3239580	protein_coding
SIRPG	AvT	chr20	1629152	1657779	protein_coding
FXYD3	AvT	chr19	35115521	35125653	protein_coding
LTBP4	AvT	chr19	40592883	40629821	protein_coding
YPEL3	AvT	chr16	30092314	30096915	protein_coding
ICAM1	AvT	chr19	10271093	10286615	protein_coding
LYZ	AvT	chr12	69348381	69354234	protein_coding
NRCAM	AvT	chr7	108147623	108456717	protein_coding
SLC26A4	AvT	chr7	107660594	107717809	protein_coding
RAPGEF4	AvT	chr2	172735274	173052893	protein_coding
SMPX	AvT	chrX	21705978	21758176	protein_coding
ALKBH5	AvT	chr17	18183078	18209954	protein_coding
NLRP1	AvT	chr17	5499415	5619424	protein_coding
ZFHX4	AvT	chr8	76681239	76867281	protein_coding
ESR1	AvT	chr6	151651284	152129619	protein_coding
SLC22A17	AvT	chr14	23346314	23352912	protein_coding
TGM1	AvT	chr14	24249114	24264432	protein_coding
DAZL	AvT	chr3	16586792	16670306	protein_coding
COL9A3	AvT	chr20	62816244	62841163	protein_coding
UNC13D	AvT	chr17	75827225	75845353	protein_coding
TGFB2	AvT	chr1	218345336	218444619	protein_coding
GABRP	AvT	chr5	170763350	170814047	protein_coding
PTGS1	AvT	chr9	122370530	122395705	protein_coding
CRAT	AvT	chr9	129094142	129111313	protein_coding
TBC1D2	AvT	chr9	98199011	98255649	protein_coding
WHRN	AvT	chr9	114402078	114505525	protein_coding
BLNK	AvT	chr10	96189171	96272658	protein_coding
SMIM24	AvT	chr19	3473986	3480525	protein_coding
TREM2	AvT	chr6	41158488	41163186	protein_coding
ABL1	AvT	chr9	130713043	130887675	protein_coding
PCSK5	AvT	chr9	75890644	76362975	protein_coding
TSPAN15	AvT	chr10	69451150	69507676	protein_coding
MACROH2A2	AvT	chr10	70052544	70112282	protein_coding
CATSPERG	AvT	chr19	38335775	38370943	protein_coding
MISP	AvT	chr19	748404	764363	protein_coding
RASSF7	AvT	chr11	560207	564067	protein_coding
ARVCF	AvT	chr22	19969892	20016823	protein_coding
P2RX6	AvT	chr22	21009808	21028013	protein_coding
GGT5	AvT	chr22	24218000	24245748	protein_coding
SEPTIN3	AvT	chr22	41969443	41998221	protein_coding
SLC5A1	AvT	chr22	32043050	32113029	protein_coding
RAB36	AvT	chr22	23145366	23165663	protein_coding
NEFH	AvT	chr22	29480218	29491390	protein_coding
RASD2	AvT	chr22	35539796	35554003	protein_coding
PDGFB	AvT	chr22	39223359	39244982	protein_coding
APOL1	AvT	chr22	36253071	36267530	protein_coding
CACNA1I	AvT	chr22	39570753	39689735	protein_coding
NCF4	AvT	chr22	36860988	36878017	protein_coding
KCTD17	AvT	chr22	37051739	37063390	protein_coding
IL2RB	AvT	chr22	37118666	37176676	protein_coding
KCNK10	AvT	chr14	88180103	88326907	protein_coding
PYGL	AvT	chr14	50857891	50944734	protein_coding
TRIM9	AvT	chr14	50975261	51096078	protein_coding
SAMD15	AvT	chr14	77376689	77392163	protein_coding
DAAM1	AvT	chr14	59188646	59371405	protein_coding
HIF1A	AvT	chr14	61695456	61748263	protein_coding
PAPLN	AvT	chr14	73236338	73275334	protein_coding
RPS6KA5	AvT	chr14	90847861	91060682	protein_coding
NFATC4	AvT	chr14	24365673	24379604	protein_coding
MMP9	AvT	chr20	46008908	46016561	protein_coding
PROCR	AvT	chr20	35171850	35216240	protein_coding
NINL	AvT	chr20	25451594	25585586	protein_coding
CD40	AvT	chr20	46118249	46129872	protein_coding
NFATC2	AvT	chr20	51386957	51562831	protein_coding
RIMS4	AvT	chr20	44751808	44810546	protein_coding
EEF1A2	AvT	chr20	63477488	63500533	protein_coding
PTK6	AvT	chr20	63528001	63537376	protein_coding
SLC52A3	AvT	chr20	758695	776015	protein_coding
ANGPT4	AvT	chr20	869900	916334	protein_coding
SNPH	AvT	chr20	1266269	1309328	protein_coding
HAO1	AvT	chr20	7882985	7940520	protein_coding
JAG1	AvT	chr20	10637684	10674396	protein_coding
SNTA1	AvT	chr20	33407955	33443885	protein_coding
PXMP4	AvT	chr20	33702758	33720319	protein_coding
WFDC2	AvT	chr20	45469386	45481533	protein_coding
PPP1R16B	AvT	chr20	38804915	38923025	protein_coding
SPINT3	AvT	chr20	45512461	45515622	protein_coding
METTL4	AvT	chr18	2537525	2571509	protein_coding
LAMA1	AvT	chr18	6941742	7117859	protein_coding
NOL4	AvT	chr18	33851100	34224952	protein_coding
VSIG1	AvT	chrX	108044970	108079184	protein_coding
STS	AvT	chrX	7147237	7804358	protein_coding
TBL1X	AvT	chrX	9463258	9741037	protein_coding
MID1	AvT	chrX	10445310	10833654	protein_coding
GLRA2	AvT	chrX	14529298	14731812	protein_coding
SMARCA1	AvT	chrX	129446501	129523947	protein_coding
CD99L2	AvT	chrX	150766336	150898816	protein_coding
VGLL1	AvT	chrX	136532154	136556807	protein_coding
KLHL4	AvT	chrX	87517409	87670050	protein_coding
NALCN	AvT	chr13	101053773	101416508	protein_coding
MSLN	AvT	chr16	760734	768866	protein_coding
HSF4	AvT	chr16	67164681	67169945	protein_coding
CORO1A	AvT	chr16	30182817	30189085	protein_coding
MAPK3	AvT	chr16	30114105	30123506	protein_coding
GDPD3	AvT	chr16	30104810	30113537	protein_coding
ELMO3	AvT	chr16	67199111	67204029	protein_coding
PHKB	AvT	chr16	47461123	47701523	protein_coding
NFAT5	AvT	chr16	69565094	69704666	protein_coding
ZNF423	AvT	chr16	49487524	49857919	protein_coding
CCL22	AvT	chr16	57357925	57366191	protein_coding
PARD6A	AvT	chr16	67660909	67662777	protein_coding
MMP15	AvT	chr16	58025606	58046901	protein_coding
HAS3	AvT	chr16	69105653	69118719	protein_coding
ESRP2	AvT	chr16	68229033	68238102	protein_coding
FA2H	AvT	chr16	74712955	74774837	protein_coding
CMC2	AvT	chr16	80966448	81020270	protein_coding
CRISPLD2	AvT	chr16	84819981	84920768	protein_coding
MEFV	AvT	chr16	3240392	3256954	protein_coding
PYCARD	AvT	chr16	31201486	31203450	protein_coding
TMC5	AvT	chr16	19410428	19499113	protein_coding
SLC6A2	AvT	chr16	55655988	55707645	protein_coding
CORO2B	AvT	chr15	68578971	68727806	protein_coding
CTSH	AvT	chr15	78921058	78949574	protein_coding
CEMIP	AvT	chr15	80779343	80951776	protein_coding
HOMER2	AvT	chr15	82834664	82986153	protein_coding
BMF	AvT	chr15	40087889	40108928	protein_coding
RHOV	AvT	chr15	40872214	40874234	protein_coding
MYEF2	AvT	chr15	48134632	48178353	protein_coding
PDGFRL	AvT	chr8	17576433	17644071	protein_coding
ZDHHC2	AvT	chr8	17155974	17224799	protein_coding
RP1	AvT	chr8	54509422	54871720	protein_coding
CA2	AvT	chr8	85463968	85481493	protein_coding
RIPK2	AvT	chr8	89757783	89791064	protein_coding
EYA1	AvT	chr8	71197432	71592025	protein_coding
NIPAL2	AvT	chr8	98189826	98294393	protein_coding
PLAT	AvT	chr8	42174718	42207709	protein_coding
JPH1	AvT	chr8	74234700	74321592	protein_coding
STK3	AvT	chr8	98371228	98942827	protein_coding
ESRP1	AvT	chr8	94640987	94707466	protein_coding
TRPS1	AvT	chr8	115408496	115809673	protein_coding
SNX16	AvT	chr8	81799581	81842866	protein_coding
GSDMD	AvT	chr8	143553207	143563062	protein_coding
TUSC3	AvT	chr8	15417215	15766649	protein_coding
ASAH1	AvT	chr8	18055992	18084998	protein_coding
DHDH	AvT	chr19	48933699	48944969	protein_coding
DMPK	AvT	chr19	45769709	45782552	protein_coding
TNNT1	AvT	chr19	55132698	55149351	protein_coding
SYDE1	AvT	chr19	15107364	15114988	protein_coding
CASP14	AvT	chr19	15049480	15058293	protein_coding
NUMBL	AvT	chr19	40665905	40690972	protein_coding
FSD1	AvT	chr19	4304595	4323843	protein_coding
TJP3	AvT	chr19	3708356	3750813	protein_coding
TGFB1	AvT	chr19	41301587	41353961	protein_coding
DENND3	AvT	chr8	141117278	141195808	protein_coding
ICAM5	AvT	chr19	10289952	10296778	protein_coding
ATP1A3	AvT	chr19	41966582	41997497	protein_coding
MEIS3	AvT	chr19	47403124	47419530	protein_coding
PTPRS	AvT	chr19	5158495	5340941	protein_coding
FAM83E	AvT	chr19	48599961	48615093	protein_coding
KLF1	AvT	chr19	12884422	12887201	protein_coding
JAK3	AvT	chr19	17824780	17848071	protein_coding
KCNN1	AvT	chr19	17947484	18000085	protein_coding
PDE4C	AvT	chr19	18207965	18248200	protein_coding
MAG	AvT	chr19	35291647	35316351	protein_coding
LSR	AvT	chr19	35248330	35267967	protein_coding
ZNF14	AvT	chr19	19710472	19733112	protein_coding
SCN1B	AvT	chr19	35030447	35040455	protein_coding
ZNF85	AvT	chr19	20923222	20950697	protein_coding
CADM4	AvT	chr19	43622366	43639850	protein_coding
ITGB8	AvT	chr7	20330609	20415754	protein_coding
DNAH11	AvT	chr7	21543039	21901839	protein_coding
GSDME	AvT	chr7	24698355	24757940	protein_coding
ADAP1	AvT	chr7	897900	955407	protein_coding
TFEC	AvT	chr7	115935148	116159896	protein_coding
MET	AvT	chr7	116672051	116798386	protein_coding
LFNG	AvT	chr7	2512529	2529177	protein_coding
VIPR2	AvT	chr7	159028175	159144944	protein_coding
TSPAN12	AvT	chr7	120787319	120858402	protein_coding
CPED1	AvT	chr7	120988697	121297980	protein_coding
HIBADH	AvT	chr7	27525440	27662988	protein_coding
CPVL	AvT	chr7	28994636	29195451	protein_coding
GRB10	AvT	chr7	50590063	50793462	protein_coding
ABHD11	AvT	chr7	73736091	73738863	protein_coding
COBL	AvT	chr7	51016211	51317187	protein_coding
EPHB6	AvT	chr7	142854930	142871094	protein_coding
HSPB1	AvT	chr7	76302673	76305813	protein_coding
SNX8	AvT	chr7	2251770	2354318	protein_coding
HYAL4	AvT	chr7	123828955	123877481	protein_coding
PPP1R17	AvT	chr7	31687215	31708457	protein_coding
SERPINE1	AvT	chr7	101122158	101139263	protein_coding
ACTR3C	AvT	chr7	150243916	150323725	protein_coding
TSPAN13	AvT	chr7	16753745	16784536	protein_coding
AGR2	AvT	chr7	16791387	16833433	protein_coding
URGCP	AvT	chr7	43875894	43926411	protein_coding
PRKAG2	AvT	chr7	151556117	151877507	protein_coding
CLIP2	AvT	chr7	74289407	74405943	protein_coding
SPATA6L	AvT	chr9	4553386	4666674	protein_coding
CNTNAP3	AvT	chr9	39064710	39288611	protein_coding
PRUNE2	AvT	chr9	76611376	76906591	protein_coding
AMBP	AvT	chr9	114060127	114080970	protein_coding
ENG	AvT	chr9	127811130	127855232	protein_coding
DOCK8	AvT	chr9	214854	465259	protein_coding
NCS1	AvT	chr9	130172347	130237303	protein_coding
MPDZ	AvT	chr9	13104620	13279790	protein_coding
GLIS3	AvT	chr9	3824127	4348392	protein_coding
PTGDS	AvT	chr9	136975053	136981750	protein_coding
SHB	AvT	chr9	37915898	38069227	protein_coding
GATA3	AvT	chr10	8045315	8075198	protein_coding
CUBN	AvT	chr10	16823966	17129811	protein_coding
PITX3	AvT	chr10	102230189	102241512	protein_coding
CPEB3	AvT	chr10	92046692	92291628	protein_coding
DNAJC12	AvT	chr10	67796668	67838188	protein_coding
CSF3	AvT	chr17	40015361	40017816	protein_coding
RNF43	AvT	chr17	58353676	58417735	protein_coding
RASD1	AvT	chr17	17494437	17496396	protein_coding
DRG2	AvT	chr17	18087892	18107979	protein_coding
ALDH3A1	AvT	chr17	19737984	19748943	protein_coding
B9D1	AvT	chr17	19334308	19378193	protein_coding
CNTNAP1	AvT	chr17	42682531	42699993	protein_coding
COL1A1	AvT	chr17	50184101	50201634	protein_coding
MPP2	AvT	chr17	43875357	43909711	protein_coding
HLF	AvT	chr17	55264960	55325187	protein_coding
EFNB3	AvT	chr17	7705202	7711372	protein_coding
MMD	AvT	chr17	55392616	55421944	protein_coding
MAP2K6	AvT	chr17	69414683	69553865	protein_coding
MYH3	AvT	chr17	10628526	10657309	protein_coding
PMP22	AvT	chr17	15229773	15272292	protein_coding
CWH43	AvT	chr4	48986162	49062093	protein_coding
AREG	AvT	chr4	74444999	74455005	protein_coding
INPP4B	AvT	chr4	142023160	142847432	protein_coding
CPE	AvT	chr4	165361194	165498547	protein_coding
TRIM2	AvT	chr4	153152163	153339319	protein_coding
SLC2A9	AvT	chr4	9771153	10054936	protein_coding
GLRB	AvT	chr4	157076100	157172090	protein_coding
BST1	AvT	chr4	15703000	15775614	protein_coding
PPARGC1A	AvT	chr4	23755041	23904089	protein_coding
CRYAB	AvT	chr11	111908564	111923722	protein_coding
CTSC	AvT	chr11	88265069	88359684	protein_coding
CCND1	AvT	chr11	69641143	69654474	protein_coding
NECTIN1	AvT	chr11	119623408	119729200	protein_coding
SLC67A1	AvT	chr11	2899718	2925247	protein_coding
SOX6	AvT	chr11	15966449	16739591	protein_coding
EXPH5	AvT	chr11	108505435	108593768	protein_coding
P3H3	AvT	chr12	6828381	6839854	protein_coding
CLEC2B	AvT	chr12	9852369	9870635	protein_coding
SELPLG	AvT	chr12	108620413	108633894	protein_coding
CAPRIN2	AvT	chr12	30709512	30823302	protein_coding
TNS2	AvT	chr12	53046969	53064379	protein_coding
PARP11	AvT	chr12	3791047	3873448	protein_coding
DUSP16	AvT	chr12	12473282	12563147	protein_coding
RASAL1	AvT	chr12	113096517	113136258	protein_coding
FZD10	AvT	chr12	130162459	130165740	protein_coding
ENO2	AvT	chr12	6913745	6923707	protein_coding
COL12A1	AvT	chr6	75084326	75206267	protein_coding
BTN3A3	AvT	chr6	26440452	26453422	protein_coding
FRK	AvT	chr6	115931149	116061093	protein_coding
MAN1A1	AvT	chr6	119177204	119349767	protein_coding
TPD52L1	AvT	chr6	125119049	125264407	protein_coding
RIPOR2	AvT	chr6	24803362	25042170	protein_coding
TULP1	AvT	chr6	35497874	35512896	protein_coding
SLC26A8	AvT	chr6	35943516	36028767	protein_coding
MDGA1	AvT	chr6	37630679	37699306	protein_coding
GLP1R	AvT	chr6	39048781	39091303	protein_coding
BMP5	AvT	chr6	55753653	55875595	protein_coding
BACH2	AvT	chr6	89926528	90296923	protein_coding
ALDH5A1	AvT	chr6	24494798	24537207	protein_coding
VNN1	AvT	chr6	132680849	132719962	protein_coding
SOBP	AvT	chr6	107490073	107661306	protein_coding
ARFGEF3	AvT	chr6	138161939	138344663	protein_coding
SMOC2	AvT	chr6	168440656	168673445	protein_coding
IMPG1	AvT	chr6	75921114	76072678	protein_coding
VEGFA	AvT	chr6	43770184	43786487	protein_coding
LAMA4	AvT	chr6	112106077	112254939	protein_coding
TENT5A	AvT	chr6	81491439	81752774	protein_coding
PRSS16	AvT	chr6	27247701	27256646	protein_coding
PCDHB2	AvT	chr5	141094606	141098703	protein_coding
SEMA5A	AvT	chr5	9035033	9546142	protein_coding
GHR	AvT	chr5	42423439	42721878	protein_coding
NME5	AvT	chr5	138115169	138139443	protein_coding
CDH9	AvT	chr5	26880597	27121150	protein_coding
SPARC	AvT	chr5	151661096	151687352	protein_coding
RASGRF2	AvT	chr5	80960310	81230162	protein_coding
NPR3	AvT	chr5	32689070	32791724	protein_coding
ST8SIA4	AvT	chr5	100806933	100903285	protein_coding
LIFR	AvT	chr5	38474668	38608354	protein_coding
DPYSL3	AvT	chr5	147390808	147510089	protein_coding
PDGFRB	AvT	chr5	150113839	150158260	protein_coding
STC2	AvT	chr5	173314723	173328447	protein_coding
UNC5A	AvT	chr5	176810505	176880898	protein_coding
CLDN16	AvT	chr3	190322522	190412460	protein_coding
CD86	AvT	chr3	122055362	122121139	protein_coding
GRK7	AvT	chr3	141763408	141819352	protein_coding
WNT5A	AvT	chr3	55465715	55490539	protein_coding
COL7A1	AvT	chr3	48564073	48595329	protein_coding
HES1	AvT	chr3	194136142	194138732	protein_coding
HYAL1	AvT	chr3	50299883	50312890	protein_coding
PODXL2	AvT	chr3	127629143	127672810	protein_coding
PLSCR4	AvT	chr3	146192335	146251179	protein_coding
PLCH1	AvT	chr3	155375580	155745085	protein_coding
IL1A	AvT	chr2	112773925	112784493	protein_coding
ITGB6	AvT	chr2	160099664	160271888	protein_coding
FNDC4	AvT	chr2	27491883	27495631	protein_coding
IFIH1	AvT	chr2	162267074	162318684	protein_coding
GCA	AvT	chr2	162318839	162371595	protein_coding
CLIP4	AvT	chr2	29095545	29199777	protein_coding
GALNT3	AvT	chr2	165747588	165846201	protein_coding
TACR1	AvT	chr2	75046463	75199520	protein_coding
FN1	AvT	chr2	215360440	215436120	protein_coding
GLS	AvT	chr2	190880821	190965552	protein_coding
IGFBP2	AvT	chr2	216632828	216664441	protein_coding
EFHD1	AvT	chr2	232606057	232682781	protein_coding
ST3GAL5	AvT	chr2	85837120	85905199	protein_coding
CHST10	AvT	chr2	100391860	100417826	protein_coding
PLCD4	AvT	chr2	218607855	218637186	protein_coding
IL1R2	AvT	chr2	101991824	102029018	protein_coding
IL1RL2	AvT	chr2	102186980	102240002	protein_coding
IL18R1	AvT	chr2	102311529	102398777	protein_coding
SLC9A2	AvT	chr2	102619553	102711355	protein_coding
TPO	AvT	chr2	1373933	1543711	protein_coding
ID2	AvT	chr2	8678845	8684461	protein_coding
RND3	AvT	chr2	150468195	150539011	protein_coding
VAX2	AvT	chr2	70900576	70965373	protein_coding
ATP6V1B1	AvT	chr2	70935771	70965431	protein_coding
EPHA4	AvT	chr2	221418027	221574202	protein_coding
MARK1	AvT	chr1	220528086	220664461	protein_coding
PAPPA2	AvT	chr1	176463171	176845601	protein_coding
ELAPOR1	AvT	chr1	109113175	109206781	protein_coding
FBXO6	AvT	chr1	11664189	11674354	protein_coding
C1orf21	AvT	chr1	184386098	184629019	protein_coding
WLS	AvT	chr1	68098473	68233120	protein_coding
RGS2	AvT	chr1	192809039	192812275	protein_coding
KIF21B	AvT	chr1	200969390	201023714	protein_coding
KMO	AvT	chr1	241532134	241595642	protein_coding
RIMS3	AvT	chr1	40620679	40665690	protein_coding
ST6GALNAC5	AvT	chr1	76867447	77067546	protein_coding
PADI2	AvT	chr1	17066761	17119459	protein_coding
MFAP2	AvT	chr1	16974498	16981616	protein_coding
RGS4	AvT	chr1	163068775	163076802	protein_coding
RAB29	AvT	chr1	205767986	205775482	protein_coding
P3H1	AvT	chr1	42746335	42767084	protein_coding
ARTN	AvT	chr1	43933320	43937244	protein_coding
PTCH2	AvT	chr1	44819154	44843253	protein_coding
TSPAN1	AvT	chr1	46173794	46185968	protein_coding
HSD11B1	AvT	chr1	209686178	209734949	protein_coding
MAN1C1	AvT	chr1	25616791	25786205	protein_coding
SLC5A9	AvT	chr1	48222685	48248644	protein_coding
ESYT2	AvT	chr7	158730995	158830253	protein_coding
MUC5B	AvT	chr11	1223066	1262172	protein_coding
TREH	AvT	chr11	118657316	118679690	protein_coding
NRP2	AvT	chr2	205681990	205798133	protein_coding
C1orf54	AvT	chr1	150268034	150281735	protein_coding
ATP10B	AvT	chr5	160563120	160852214	protein_coding
ELOVL4	AvT	chr6	79914814	79947553	protein_coding
TNFAIP3	AvT	chr6	137866383	137885836	protein_coding
CCN2	AvT	chr6	131948176	131951456	protein_coding
RARRES1	AvT	chr3	158696892	158732798	protein_coding
MFSD1	AvT	chr3	158732198	158829719	protein_coding
C1orf198	AvT	chr1	230837119	230869589	protein_coding
PHF19	AvT	chr9	120855651	120894896	protein_coding
NEK6	AvT	chr9	124257606	124353307	protein_coding
BSPRY	AvT	chr9	113349520	113371233	protein_coding
GALNT12	AvT	chr9	98807613	98851266	protein_coding
ALG2	AvT	chr9	99216425	99221942	protein_coding
ONECUT2	AvT	chr18	57435374	57491298	protein_coding
LTBP2	AvT	chr14	74498183	74612378	protein_coding
FLVCR2	AvT	chr14	75578594	75663214	protein_coding
PPP4R4	AvT	chr14	94146128	94279734	protein_coding
GPR68	AvT	chr14	91232532	91254026	protein_coding
ESRRB	AvT	chr14	76310712	76501837	protein_coding
FKBP1B	AvT	chr2	24049701	24063681	protein_coding
CNRIP1	AvT	chr2	68284171	68320051	protein_coding
BCL11A	AvT	chr2	60450520	60554467	protein_coding
EPCAM	AvT	chr2	47345158	47387601	protein_coding
ELOVL3	AvT	chr10	102226299	102229589	protein_coding
GPAM	AvT	chr10	112149865	112215416	protein_coding
PPP1R3C	AvT	chr10	91628442	91633071	protein_coding
CNNM1	AvT	chr10	99329356	99394330	protein_coding
MSX2	AvT	chr5	174724582	174730896	protein_coding
RCL1	AvT	chr9	4792944	4885917	protein_coding
MOB3B	AvT	chr9	27325209	27529814	protein_coding
INSL6	AvT	chr9	5123880	5185647	protein_coding
CCDC170	AvT	chr6	151494013	151621193	protein_coding
PLEKHG1	AvT	chr6	150599848	150843665	protein_coding
TP53AIP1	AvT	chr11	128934731	128943399	protein_coding
PLXDC2	AvT	chr10	19815943	20289856	protein_coding
ENOX1	AvT	chr13	43213004	43787328	protein_coding
SOHLH2	AvT	chr13	36168217	36214588	protein_coding
SMAD9	AvT	chr13	36844831	36920887	protein_coding
TGFBI	AvT	chr5	136028988	136063818	protein_coding
PLS1	AvT	chr3	142595644	142713869	protein_coding
SOCS2	AvT	chr12	93569808	93583487	protein_coding
CLU	AvT	chr8	27596917	27615056	protein_coding
PDLIM2	AvT	chr8	22578058	22598025	protein_coding
TEX14	AvT	chr17	58556678	58692055	protein_coding
LRAT	AvT	chr4	154626945	154753120	protein_coding
ABCC11	AvT	chr16	48165773	48247568	protein_coding
A1BG	AvT	chr19	58345178	58353492	protein_coding
PDZRN3	AvT	chr3	73382431	73624941	protein_coding
MAPK8IP1	AvT	chr11	45885618	45906470	protein_coding
GJA3	AvT	chr13	20138252	20161615	protein_coding
ADGRB2	AvT	chr1	31727117	31764893	protein_coding
TMEM156	AvT	chr4	38965999	39032922	protein_coding
TMEM54	AvT	chr1	32894593	32901440	protein_coding
CXCR4	AvT	chr2	136114349	136119177	protein_coding
RASL11A	AvT	chr13	27270810	27275192	protein_coding
MRPS2	AvT	chr9	135499984	135504673	protein_coding
PRXL2A	AvT	chr10	80406443	80437115	protein_coding
PTGFR	AvT	chr1	78303884	78540701	protein_coding
GLIPR2	AvT	chr9	36136536	36163913	protein_coding
RECK	AvT	chr9	36036905	36124455	protein_coding
ACO1	AvT	chr9	32384603	32454769	protein_coding
AKR1D1	AvT	chr7	138002324	138118306	protein_coding
SRGN	AvT	chr10	69088103	69104811	protein_coding
CHST3	AvT	chr10	71964395	72013558	protein_coding
ECD	AvT	chr10	73130155	73169055	protein_coding
HVCN1	AvT	chr12	110627841	110704950	protein_coding
RASSF8	AvT	chr12	25958068	26079892	protein_coding
BHLHE41	AvT	chr12	26120030	26125037	protein_coding
SSPN	AvT	chr12	26121991	26299290	protein_coding
WWP1	AvT	chr8	86342547	86478420	protein_coding
GIPC1	AvT	chr19	14477759	14496157	protein_coding
MMP19	AvT	chr12	55835433	55842968	protein_coding
NR4A1	AvT	chr12	52022832	52059509	protein_coding
HOXC13	AvT	chr12	53938831	53946544	protein_coding
LRP1	AvT	chr12	57128483	57213361	protein_coding
SARDH	AvT	chr9	133663528	133739976	protein_coding
IL13RA2	AvT	chrX	115003975	115019977	protein_coding
RAB9B	AvT	chrX	103822327	103835153	protein_coding
ESX1	AvT	chrX	104250038	104254933	protein_coding
TNFAIP6	AvT	chr2	151357592	151380046	protein_coding
BAZ2B	AvT	chr2	159315312	159617282	protein_coding
SLC36A1	AvT	chr5	151437046	151492379	protein_coding
BATF3	AvT	chr1	212686417	212699840	protein_coding
ZNF137P	AvT	chr19	52588551	52597413	transcribed_unprocessed_pseudogene
RAB38	AvT	chr11	88113251	88175443	protein_coding
MXD4	AvT	chr4	2247432	2262115	protein_coding
DAW1	AvT	chr2	227870931	227924344	protein_coding
PI3	AvT	chr20	45174902	45176544	protein_coding
SLPI	AvT	chr20	45252239	45254564	protein_coding
PREX1	AvT	chr20	48624249	48828096	protein_coding
PARD6B	AvT	chr20	50731382	50756795	protein_coding
TOX2	AvT	chr20	43914844	44069616	protein_coding
PTGIS	AvT	chr20	49503874	49568157	protein_coding
CDH26	AvT	chr20	59958423	60034011	protein_coding
KCNK15	AvT	chr20	44745865	44752313	protein_coding
PAIP2B	AvT	chr2	71182738	71227109	protein_coding
IL17C	AvT	chr16	88638572	88640468	protein_coding
POF1B	AvT	chrX	85276746	85379755	protein_coding
HIF3A	AvT	chr19	46297042	46343433	protein_coding
CEACAM8	AvT	chr19	42580243	42595055	protein_coding
GRM4	AvT	chr6	34018643	34155622	protein_coding
UNC5CL	AvT	chr6	41026895	41039221	protein_coding
MOCS1	AvT	chr6	39899578	39934551	protein_coding
GNMT	AvT	chr6	42960690	42963883	protein_coding
CPNE5	AvT	chr6	36740775	36839444	protein_coding
RUNX2	AvT	chr6	45328157	45664349	protein_coding
RAB17	AvT	chr2	237574322	237601623	protein_coding
CXCL6	AvT	chr4	73836640	73849064	protein_coding
EREG	AvT	chr4	74365145	74388749	protein_coding
SSUH2	AvT	chr3	8619386	8745040	protein_coding
SH3TC1	AvT	chr4	8182072	8241803	protein_coding
MT2A	AvT	chr16	56608584	56609497	protein_coding
DOK4	AvT	chr16	57471917	57487382	protein_coding
ABCC4	AvT	chr13	95019835	95301822	protein_coding
BMP4	AvT	chr14	53949736	53958761	protein_coding
PTGER2	AvT	chr14	52314305	52329822	protein_coding
GRK4	AvT	chr4	2963571	3040760	protein_coding
HS3ST3B1	AvT	chr17	14301081	14349404	protein_coding
SRMS	AvT	chr20	63538489	63547749	protein_coding
FNDC11	AvT	chr20	63547891	63558138	protein_coding
IL1B	AvT	chr2	112829751	112836816	protein_coding
TNFSF9	AvT	chr19	6531026	6535924	protein_coding
CD70	AvT	chr19	6583183	6604103	protein_coding
C3	AvT	chr19	6677704	6730562	protein_coding
TNFSF14	AvT	chr19	6658085	6670621	protein_coding
SDCBP2	AvT	chr20	1309909	1329211	protein_coding
NRSN2	AvT	chr20	346705	359660	protein_coding
BMP2	AvT	chr20	6767686	6780251	protein_coding
OVOL2	AvT	chr20	17956979	18059188	protein_coding
AMOT	AvT	chrX	112774503	112840831	protein_coding
UROD	AvT	chr1	45010950	45015575	protein_coding
MCF2L	AvT	chr13	112894378	113099742	protein_coding
SLURP1	AvT	chr8	142740949	142742406	protein_coding
THRA	AvT	chr17	40058290	40093867	protein_coding
CCR7	AvT	chr17	40551081	40565472	protein_coding
NR1D1	AvT	chr17	40092793	40100589	protein_coding
PRRG2	AvT	chr19	49580646	49591004	protein_coding
IFI6	AvT	chr1	27666064	27672212	protein_coding
SIX1	AvT	chr14	60643421	60658259	protein_coding
L3HYPDH	AvT	chr14	59460363	59484408	protein_coding
HSPA2	AvT	chr14	64535905	64546173	protein_coding
FAM78A	AvT	chr9	131258076	131277365	protein_coding
ZC4H2	AvT	chrX	64915802	65034713	protein_coding
EDN2	AvT	chr1	41478774	41484686	protein_coding
BCL11B	AvT	chr14	99169287	99272197	protein_coding
ATP13A4	AvT	chr3	193398967	193593111	protein_coding
RAB3IP	AvT	chr12	69738860	69823204	protein_coding
PLA2G5	AvT	chr1	20028179	20091911	protein_coding
KLF2	AvT	chr19	16324826	16328685	protein_coding
SYNGR3	AvT	chr16	1989660	1994275	protein_coding
AKAP9	AvT	chr7	91940840	92110673	protein_coding
GNG11	AvT	chr7	93921735	93928610	protein_coding
HIP1	AvT	chr7	75533298	75738986	protein_coding
STEAP4	AvT	chr7	88270892	88307010	protein_coding
SRD5A3	AvT	chr4	55346213	55373100	protein_coding
KDR	AvT	chr4	55078476	55125595	protein_coding
ADM2	AvT	chr22	50481543	50486440	protein_coding
LIF	AvT	chr22	30240453	30246759	protein_coding
CPA4	AvT	chr7	130293134	130324180	protein_coding
CDHR3	AvT	chr7	105876796	106036432	protein_coding
FOXP2	AvT	chr7	114086317	114693772	protein_coding
IRF5	AvT	chr7	128933429	128950038	protein_coding
ARHGAP22	AvT	chr10	48446036	48656265	protein_coding
CGNL1	AvT	chr15	57375967	57550729	protein_coding
CHAC1	AvT	chr15	40952962	40956512	protein_coding
PALLD	AvT	chr4	168497052	168928457	protein_coding
BBOX1	AvT	chr11	27040698	27127810	protein_coding
AP1M2	AvT	chr19	10572670	10587315	protein_coding
MTUS1	AvT	chr8	17643794	17801545	protein_coding
KLK10	AvT	chr19	51012739	51021048	protein_coding
EPB41L4A	AvT	chr5	112142441	112419313	protein_coding
ITFG1	AvT	chr16	47154387	47464149	protein_coding
QRICH2	AvT	chr17	76274049	76308276	protein_coding
ARHGEF6	AvT	chrX	136665547	136781688	protein_coding
CDKN1C	AvT	chr11	2883213	2885775	protein_coding
CDH15	AvT	chr16	89171748	89195492	protein_coding
PGAP6	AvT	chr16	370788	387113	protein_coding
TNNI3	AvT	chr19	55151767	55157773	protein_coding
GAMT	AvT	chr19	1397026	1401570	protein_coding
NXNL2	AvT	chr9	88534033	88584274	protein_coding
STARD8	AvT	chrX	68647666	68725842	protein_coding
NALF2	AvT	chrX	69504326	69532508	protein_coding
SH3BP4	AvT	chr2	234952017	235055714	protein_coding
THEM6	AvT	chr8	142727191	142736938	protein_coding
DPP6	AvT	chr7	153748133	154894285	protein_coding
ACE2	AvT	chrX	15494566	15607236	protein_coding
ATP8B3	AvT	chr19	1782075	1812276	protein_coding
ARPC1B	AvT	chr7	99374226	99394827	protein_coding
GDF15	AvT	chr19	18374731	18389176	protein_coding
CRB3	AvT	chr19	6463777	6467221	protein_coding
LSP1	AvT	chr11	1850904	1892267	protein_coding
TNNI2	AvT	chr11	1838981	1841680	protein_coding
H19	AvT	chr11	1995165	2004552	lncRNA
COL5A1	AvT	chr9	134641803	134844843	protein_coding
MNX1	AvT	chr7	156994051	157010663	protein_coding
RBBP8NL	AvT	chr20	62410237	62427539	protein_coding
PRDM12	AvT	chr9	130664594	130682986	protein_coding
FIBCD1	AvT	chr9	130900194	130941232	protein_coding
ARHGEF16	AvT	chr1	3454550	3481127	protein_coding
SMPDL3B	AvT	chr1	27935000	27959157	protein_coding
THEMIS2	AvT	chr1	27872543	27886685	protein_coding
CASZ1	AvT	chr1	10636604	10796650	protein_coding
HSD17B3	AvT	chr9	96235306	96302176	protein_coding
POLN	AvT	chr4	2071918	2242121	protein_coding
AKAP12	AvT	chr6	151239936	151358563	protein_coding
SYNE1	AvT	chr6	152121687	152637801	protein_coding
EPS8L1	AvT	chr19	55072020	55090124	protein_coding
GGT7	AvT	chr20	34844714	34872868	protein_coding
GFAP	AvT	chr17	44903159	44916937	protein_coding
PYY	AvT	chr17	43952733	44004469	protein_coding
GSE1	AvT	chr16	85169525	85676204	protein_coding
NFATC1	AvT	chr18	79395856	79529325	protein_coding
RAB11FIP4	AvT	chr17	31391675	31538211	protein_coding
RFTN1	AvT	chr3	16313574	16514026	protein_coding
GALNT15	AvT	chr3	16174573	16231992	protein_coding
SLC6A6	AvT	chr3	14402565	14489349	protein_coding
GFPT2	AvT	chr5	180300682	180353339	protein_coding
AOC3	AvT	chr17	42851184	42858130	protein_coding
KREMEN2	AvT	chr16	2963960	2968380	protein_coding
NINJ1	AvT	chr9	93121496	93134310	protein_coding
MAP1B	AvT	chr5	72107234	72209565	protein_coding
KHDRBS3	AvT	chr8	135457456	135656722	protein_coding
LLGL1	AvT	chr17	18225569	18244876	protein_coding
GCH1	AvT	chr14	54842008	54903280	protein_coding
FCRLA	AvT	chr1	161706958	161714352	protein_coding
EMILIN2	AvT	chr18	2846930	2916003	protein_coding
RAMP1	AvT	chr2	237858893	237912111	protein_coding
PTPRE	AvT	chr10	127906805	128085856	protein_coding
FIGNL1	AvT	chr7	50444128	50450406	protein_coding
ITGB4	AvT	chr17	75721190	75757821	protein_coding
GUCY2D	AvT	chr17	8002615	8020342	protein_coding
DLG4	AvT	chr17	7187187	7219836	protein_coding
REEP2	AvT	chr5	138438988	138446969	protein_coding
RAB25	AvT	chr1	156061148	156070514	protein_coding
SYT11	AvT	chr1	155859449	155885199	protein_coding
ALDH3B2	AvT	chr11	67662155	67681224	protein_coding
VSTM2L	AvT	chr20	37903111	37945350	protein_coding
ZBED3	AvT	chr5	77072072	77087353	protein_coding
PATJ	AvT	chr1	61742477	62178675	protein_coding
KANK4	AvT	chr1	62236165	62319434	protein_coding
ATP8A2	AvT	chr13	25371974	26025851	protein_coding
WASF3	AvT	chr13	26557661	26688948	protein_coding
GPR12	AvT	chr13	26755200	26760802	protein_coding
PEMT	AvT	chr17	17505561	17591718	protein_coding
TMCC2	AvT	chr1	205227912	205285632	protein_coding
DCLK1	AvT	chr13	35768652	36132164	protein_coding
CCNA1	AvT	chr13	36431520	36442870	protein_coding
EPSTI1	AvT	chr13	42886388	42992392	protein_coding
POSTN	AvT	chr13	37562582	37598855	protein_coding
RNF128	AvT	chrX	106693794	106797016	protein_coding
EPHB2	AvT	chr1	22710839	22921500	protein_coding
LARGE1	AvT	chr22	33162226	33922885	protein_coding
C1QTNF6	AvT	chr22	37180166	37199385	protein_coding
LRRIQ1	AvT	chr12	85036314	85264457	protein_coding
LRRCC1	AvT	chr8	85107116	85146080	protein_coding
CA1	AvT	chr8	85327608	85379014	protein_coding
RNF122	AvT	chr8	33547754	33567170	protein_coding
DGLUCY	AvT	chr14	91060044	91226929	protein_coding
CATSPERB	AvT	chr14	91580696	91780707	protein_coding
TTC9	AvT	chr14	70641665	70675366	protein_coding
LOXL2	AvT	chr8	23296897	23425328	protein_coding
IRAK2	AvT	chr3	10164863	10243756	protein_coding
CNTN6	AvT	chr3	1092658	1404217	protein_coding
TSPAN2	AvT	chr1	115048011	115089503	protein_coding
TSHB	AvT	chr1	115029826	115034302	protein_coding
SORT1	AvT	chr1	109309568	109397967	protein_coding
VTCN1	AvT	chr1	117143587	117210960	protein_coding
GRHL1	AvT	chr2	9951693	10002277	protein_coding
RSAD2	AvT	chr2	6865557	6898239	protein_coding
NAV1	AvT	chr1	201538982	201826969	protein_coding
TMEM241	AvT	chr18	23197144	23437971	protein_coding
CABLES1	AvT	chr18	23134564	23260470	protein_coding
DOCK2	AvT	chr5	169637249	170083382	protein_coding
EMP1	AvT	chr12	13196723	13219941	protein_coding
SOX5	AvT	chr12	23529504	24562544	protein_coding
RERG	AvT	chr12	15107783	15348675	protein_coding
SPOCD1	AvT	chr1	31790422	31816022	protein_coding
PHC2	AvT	chr1	33323623	33431095	protein_coding
HOOK1	AvT	chr1	59814786	59876369	protein_coding
DSC2	AvT	chr18	31058545	31102600	protein_coding
DSG3	AvT	chr18	31447741	31478702	protein_coding
DAGLA	AvT	chr11	61680391	61747003	protein_coding
TCN1	AvT	chr11	59852800	59866489	protein_coding
C5AR2	AvT	chr19	47332148	47347329	protein_coding
CLDN10	AvT	chr13	95433604	95579759	protein_coding
DZIP1	AvT	chr13	95578202	95644740	protein_coding
POGLUT2	AvT	chr13	102784281	102799040	protein_coding
CTSL	AvT	chr9	87724051	87731469	protein_coding
CEMIP2	AvT	chr9	71683364	71816690	protein_coding
AGTPBP1	AvT	chr9	85546539	85742144	protein_coding
ENTREP1	AvT	chr9	69324567	69392592	protein_coding
TBX3	AvT	chr12	114670255	114684175	protein_coding
HRK	AvT	chr12	116856144	116881441	protein_coding
DTX1	AvT	chr12	113056710	113098028	protein_coding
KCP	AvT	chr7	128862042	128910719	protein_coding
TES	AvT	chr7	116210493	116258789	protein_coding
NT5E	AvT	chr6	85449584	85495791	protein_coding
PRR5L	AvT	chr11	36296120	36465209	protein_coding
LMO2	AvT	chr11	33858574	33892076	protein_coding
EHF	AvT	chr11	34617044	34663386	protein_coding
PRRG4	AvT	chr11	32829675	32858120	protein_coding
AVIL	AvT	chr12	57797376	57818734	protein_coding
GDF11	AvT	chr12	55743122	55757264	protein_coding
AGAP2	AvT	chr12	57723761	57742157	protein_coding
B4GALNT1	AvT	chr12	57623409	57633239	protein_coding
COQ10A	AvT	chr12	56266846	56270966	protein_coding
MAP7	AvT	chr6	136342281	136550819	protein_coding
PKIB	AvT	chr6	122471917	122726375	protein_coding
DYSF	AvT	chr2	71453561	71686763	protein_coding
KLHL36	AvT	chr16	84643425	84667837	protein_coding
BCO1	AvT	chr16	81238576	81291226	protein_coding
KIAA0513	AvT	chr16	85027709	85094230	protein_coding
CCDC102A	AvT	chr16	57511999	57537163	protein_coding
GLUL	AvT	chr1	182378098	182392206	protein_coding
RNASEL	AvT	chr1	182573634	182589272	protein_coding
KIAA1614	AvT	chr1	180912897	180951614	protein_coding
NPL	AvT	chr1	182789293	182831017	protein_coding
CHRND	AvT	chr2	232525993	232536667	protein_coding
SERPINE2	AvT	chr2	223975045	224039688	protein_coding
SLC41A2	AvT	chr12	104801801	104958759	protein_coding
VILL	AvT	chr3	37987978	38007188	protein_coding
THSD1	AvT	chr13	52377163	52416373	protein_coding
LMO7	AvT	chr13	75620434	75859870	protein_coding
SCEL	AvT	chr13	77535605	77646769	protein_coding
GPNMB	AvT	chr7	23235967	23275108	protein_coding
IL6	AvT	chr7	22725884	22732002	protein_coding
ZDHHC4	AvT	chr7	6577405	6589374	protein_coding
MYO1G	AvT	chr7	44962662	44979813	protein_coding
NKX2-8	AvT	chr14	36580004	36582614	protein_coding
ALPK3	AvT	chr15	84817176	84873479	protein_coding
LIMD2	AvT	chr17	63695883	63701172	protein_coding
BLK	AvT	chr8	11486894	11564599	protein_coding
HLX	AvT	chr1	220879431	220885059	protein_coding
IL1RN	AvT	chr2	113099315	113134016	protein_coding
IL36RN	AvT	chr2	113058638	113065382	protein_coding
BIN1	AvT	chr2	127048017	127107556	protein_coding
GYPC	AvT	chr2	126655938	126696667	protein_coding
ST6GALNAC4	AvT	chr9	127907876	127917055	protein_coding
TMOD1	AvT	chr9	97501180	97601743	protein_coding
SLC2A8	AvT	chr9	127397138	127408424	protein_coding
ZFP37	AvT	chr9	113038377	113056759	protein_coding
SLC31A2	AvT	chr9	113150976	113164140	protein_coding
TLR4	AvT	chr9	117704175	117724735	protein_coding
ZNF189	AvT	chr9	101398851	101410660	protein_coding
TEX10	AvT	chr9	100302072	100352957	protein_coding
GARNL3	AvT	chr9	127224265	127393660	protein_coding
WDR38	AvT	chr9	124853266	124859132	protein_coding
CTSV	AvT	chr9	97025073	97156556	protein_coding
ENPP2	AvT	chr8	119557085	119673453	protein_coding
MYC	AvT	chr8	127735434	127742951	protein_coding
CCN3	AvT	chr8	119416446	119424434	protein_coding
DMAC1	AvT	chr9	7796500	7888380	protein_coding
POLR1E	AvT	chr9	37481695	37503701	protein_coding
IL11RA	AvT	chr9	34651582	34661902	protein_coding
TLN1	AvT	chr9	35696948	35732195	protein_coding
DNAJB5	AvT	chr9	34989641	34998900	protein_coding
ALDH1B1	AvT	chr9	38392623	38398661	protein_coding
KIF13A	AvT	chr6	17759183	17987635	protein_coding
GMPR	AvT	chr6	16238555	16295923	protein_coding
KIAA0319	AvT	chr6	24544104	24646191	protein_coding
SLC22A23	AvT	chr6	3268962	3457050	protein_coding
PGBD1	AvT	chr6	28281493	28303691	protein_coding
TLR2	AvT	chr4	153684050	153708537	protein_coding
SYTL2	AvT	chr11	85694224	85811182	protein_coding
RAB30	AvT	chr11	82973133	83071923	protein_coding
SULF1	AvT	chr8	69466624	69660935	protein_coding
TRPC6	AvT	chr11	101451470	101872562	protein_coding
MMP7	AvT	chr11	102520508	102530853	protein_coding
MMP20	AvT	chr11	102576832	102625332	protein_coding
POU2F3	AvT	chr11	120236640	120319945	protein_coding
TMPRSS13	AvT	chr11	117900641	117929459	protein_coding
SMAD6	AvT	chr15	66702236	66782849	protein_coding
PLCB2	AvT	chr15	40278176	40307941	protein_coding
STRA6	AvT	chr15	74179466	74212267	protein_coding
TTLL7	AvT	chr1	83865024	83999164	protein_coding
IFI44L	AvT	chr1	78619902	78646145	protein_coding
GIPC2	AvT	chr1	77979542	78138448	protein_coding
CLCA2	AvT	chr1	86424171	86456553	protein_coding
CYP1B1	AvT	chr2	38066973	38109902	protein_coding
FAM149B1	AvT	chr10	73168119	73244504	protein_coding
ZNF365	AvT	chr10	62374192	62480288	protein_coding
OIT3	AvT	chr10	72893573	72933036	protein_coding
MYPN	AvT	chr10	68087897	68212017	protein_coding
AOX1	AvT	chr2	200585864	200677064	protein_coding
HECW2	AvT	chr2	196189099	196593684	protein_coding
IDH1	AvT	chr2	208236224	208266095	protein_coding
ARHGAP24	AvT	chr4	85475150	86002668	protein_coding
FAM13A	AvT	chr4	88725955	89111398	protein_coding
HERC6	AvT	chr4	88378739	88443098	protein_coding
HERC5	AvT	chr4	88457086	88506188	protein_coding
RASGEF1B	AvT	chr4	81426393	82044244	protein_coding
BMPR1B	AvT	chr4	94757937	95158448	protein_coding
SHROOM3	AvT	chr4	76435229	76783253	protein_coding
ANXA3	AvT	chr4	78551621	78610493	protein_coding
FBN2	AvT	chr5	128257909	128659185	protein_coding
MAPK8IP3	AvT	chr16	1706166	1770351	protein_coding
SHISAL1	AvT	chr22	44243665	44312951	protein_coding
B4GALNT3	AvT	chr12	459923	563509	protein_coding
ERP27	AvT	chr12	14914039	14938537	protein_coding
PIK3C2G	AvT	chr12	18242960	18648416	protein_coding
PLCZ1	AvT	chr12	18683169	18738100	protein_coding
PRICKLE1	AvT	chr12	42456753	42590355	protein_coding
KLRG1	AvT	chr12	8950044	9010760	protein_coding
TAPBPL	AvT	chr12	6451690	6466517	protein_coding
AMIGO2	AvT	chr12	47075707	47080902	protein_coding
DUSP6	AvT	chr12	89347235	89352501	protein_coding
AMDHD1	AvT	chr12	95943301	95968720	protein_coding
PDX1	AvT	chr13	27920000	27926313	protein_coding
ACVRL1	AvT	chr12	51906908	51923361	protein_coding
N4BP2L1	AvT	chr13	32400723	32428311	protein_coding
MAP3K12	AvT	chr12	53479669	53500063	protein_coding
RHOF	AvT	chr12	121777754	121803403	protein_coding
GRTP1	AvT	chr13	113324163	113364158	protein_coding
RTN1	AvT	chr14	59595976	59870796	protein_coding
SYT16	AvT	chr14	61811849	62112550	protein_coding
SLC38A6	AvT	chr14	60981114	61114316	protein_coding
AK7	AvT	chr14	96392128	96490031	protein_coding
GCNT3	AvT	chr15	59594875	59640239	protein_coding
NCOA2	AvT	chr8	70109772	70404191	protein_coding
PCSK6	AvT	chr15	101289784	101525202	protein_coding
RLBP1	AvT	chr15	89209869	89222577	protein_coding
MFGE8	AvT	chr15	88898683	88913468	protein_coding
ITGAX	AvT	chr16	31355134	31382999	protein_coding
MARVELD3	AvT	chr16	71626161	71642114	protein_coding
KIFC3	AvT	chr16	57755668	57863053	protein_coding
GCSH	AvT	chr16	81081945	81096406	protein_coding
CDH13	AvT	chr16	82626965	83800640	protein_coding
MEAK7	AvT	chr16	84476345	84565284	protein_coding
GALNS	AvT	chr16	88813733	88856970	protein_coding
MED9	AvT	chr17	17476994	17493221	protein_coding
GID4	AvT	chr17	18039408	18068405	protein_coding
ZNF287	AvT	chr17	16546954	16569218	protein_coding
PRPSAP2	AvT	chr17	18840085	18931287	protein_coding
ABCA8	AvT	chr17	68866052	68955470	protein_coding
GNAL	AvT	chr18	11689264	11885685	protein_coding
ZMYND15	AvT	chr17	4739108	4746119	protein_coding
CCDC40	AvT	chr17	80036632	80100613	protein_coding
TMC6	AvT	chr17	78107397	78132579	protein_coding
SECTM1	AvT	chr17	82321024	82335518	protein_coding
MAPK4	AvT	chr18	50559451	50731830	protein_coding
P3H4	AvT	chr17	41801944	41812750	protein_coding
GRB7	AvT	chr17	39737490	39747292	protein_coding
IGFBP4	AvT	chr17	40443446	40457727	protein_coding
FKBP10	AvT	chr17	41812680	41823221	protein_coding
MISP3	AvT	chr19	14072108	14075062	protein_coding
CIB3	AvT	chr19	16161368	16173525	protein_coding
ZFP14	AvT	chr19	36334453	36379201	protein_coding
PGGHG	AvT	chr11	289095	296107	protein_coding
COL6A1	AvT	chr21	45981755	46005050	protein_coding
COL6A2	AvT	chr21	46096722	46132851	protein_coding
DOP1B	AvT	chr21	36156758	36294275	protein_coding
EMP3	AvT	chr19	48321310	48330560	protein_coding
LMTK3	AvT	chr19	48485271	48513935	protein_coding
SLC47A1	AvT	chr17	19495385	19579034	protein_coding
FHAD1	AvT	chr1	15236521	15400283	protein_coding
PADI1	AvT	chr1	17205128	17246007	protein_coding
ARHGEF19	AvT	chr1	16197854	16212893	protein_coding
IL22RA1	AvT	chr1	24119771	24143165	protein_coding
CCN1	AvT	chr1	85580756	85584589	protein_coding
PRKACB	AvT	chr1	84078062	84238498	protein_coding
SYPL2	AvT	chr1	109466542	109482134	protein_coding
SLC44A3	AvT	chr1	94820278	94895246	protein_coding
ZNF697	AvT	chr1	119619377	119648454	protein_coding
NECTIN4	AvT	chr1	161070988	161090045	protein_coding
CRABP2	AvT	chr1	156699597	156708094	protein_coding
RGS16	AvT	chr1	182598623	182604394	protein_coding
RGL1	AvT	chr1	183636085	183928532	protein_coding
RORC	AvT	chr1	151806071	151831845	protein_coding
TUFT1	AvT	chr1	151540305	151583583	protein_coding
CGN	AvT	chr1	151510139	151538692	protein_coding
ADAMTSL4	AvT	chr1	150549369	150560937	protein_coding
MINDY1	AvT	chr1	150995125	151008376	protein_coding
ANXA9	AvT	chr1	150981321	150996077	protein_coding
SELENBP1	AvT	chr1	151364302	151372716	protein_coding
OAZ3	AvT	chr1	151762899	151771334	protein_coding
SYT14	AvT	chr1	209900923	210171389	protein_coding
DYRK3	AvT	chr1	206635536	206684419	protein_coding
DUSP10	AvT	chr1	221700669	221742089	protein_coding
ATP8B2	AvT	chr1	154325520	154351307	protein_coding
EFNA3	AvT	chr1	155078823	155087538	protein_coding
HCN3	AvT	chr1	155277328	155289848	protein_coding
SCCPDH	AvT	chr1	246724064	246768137	protein_coding
CEP170	AvT	chr1	243124428	243255793	protein_coding
ETNK2	AvT	chr1	204131062	204152044	protein_coding
OSR1	AvT	chr2	19351485	19359486	protein_coding
RHOB	AvT	chr2	20447074	20449440	protein_coding
ZNF514	AvT	chr2	95122087	95165672	protein_coding
DQX1	AvT	chr2	74518131	74526396	protein_coding
NPHP1	AvT	chr2	110122311	110205066	protein_coding
MALL	AvT	chr2	110083870	110116022	protein_coding
THNSL2	AvT	chr2	88170295	88186636	protein_coding
NT5DC4	AvT	chr2	112721020	112742879	protein_coding
SLC20A1	AvT	chr2	112645854	112663829	protein_coding
FAHD2B	AvT	chr2	97082040	97094903	protein_coding
GULP1	AvT	chr2	188291105	188595943	protein_coding
ABCA12	AvT	chr2	214931542	215138626	protein_coding
ACKR3	AvT	chr2	236567692	236582358	protein_coding
MARCHF4	AvT	chr2	216257865	216372483	protein_coding
RBMS3	AvT	chr3	28574791	30010391	protein_coding
STAC	AvT	chr3	36380321	36548045	protein_coding
PTPRG	AvT	chr3	61561569	62297609	protein_coding
COL8A1	AvT	chr3	99638426	99799226	protein_coding
NXPE3	AvT	chr3	101778900	101843743	protein_coding
ADPRH	AvT	chr3	119579268	119590165	protein_coding
BOC	AvT	chr3	113210846	113287463	protein_coding
UCN2	AvT	chr3	48561718	48563781	protein_coding
ENSG00000145063	AvT	chr2	11105317	11132821	lncRNA
EAF2	AvT	chr3	121835183	121886526	protein_coding
ILDR1	AvT	chr3	121987323	122022274	protein_coding
SCD5	AvT	chr4	82629539	82798796	protein_coding
PLAC8	AvT	chr4	83059493	83137075	protein_coding
ANKRD31	AvT	chr5	75068275	75236911	protein_coding
ARHGAP26	AvT	chr5	142770377	143229011	protein_coding
N4BP3	AvT	chr5	178113167	178127034	protein_coding
GFOD1	AvT	chr6	13357830	13487662	protein_coding
KLHL3	AvT	chr5	137617500	137736221	protein_coding
DCDC2	AvT	chr6	24171755	24360249	protein_coding
DAAM2	AvT	chr6	39792298	39904877	protein_coding
HMGCLL1	AvT	chr6	55434368	55579197	protein_coding
FGD2	AvT	chr6	37005645	37029299	protein_coding
CYP39A1	AvT	chr6	46549383	46652830	protein_coding
PNRC1	AvT	chr6	89080751	89085160	protein_coding
SLC2A12	AvT	chr6	133987581	134052660	protein_coding
SDK1	AvT	chr7	3301252	4269000	protein_coding
IGFBP3	AvT	chr7	45912245	45921874	protein_coding
STRA8	AvT	chr7	135231979	135258663	protein_coding
EPHA1	AvT	chr7	143390289	143408856	protein_coding
NLGN4X	AvT	chrX	5840637	6228867	protein_coding
SHROOM2	AvT	chrX	9786429	9949443	protein_coding
RAB19	AvT	chr7	140404047	140427974	protein_coding
CCDC120	AvT	chrX	49053572	49069857	protein_coding
AWAT2	AvT	chrX	70040542	70049988	protein_coding
IL2RG	AvT	chrX	71107404	71112108	protein_coding
RADX	AvT	chrX	106611930	106679439	protein_coding
DOCK11	AvT	chrX	118495814	118686974	protein_coding
ZNF185	AvT	chrX	152896695	152973511	protein_coding
CSGALNACT1	AvT	chr8	19404156	19758029	protein_coding
SNTG1	AvT	chr8	49909789	50796692	protein_coding
ATP6V0D2	AvT	chr8	85987323	86154227	protein_coding
MAL2	AvT	chr8	119165034	119249903	protein_coding
GSDMC	AvT	chr8	129748196	129786624	protein_coding
ARHGAP39	AvT	chr8	144529179	144685879	protein_coding
UHRF2	AvT	chr9	6413151	6507056	protein_coding
FBXO10	AvT	chr9	37510892	37576380	protein_coding
NTRK2	AvT	chr9	84668375	85095751	protein_coding
SHC3	AvT	chr9	89005771	89178818	protein_coding
AOPEP	AvT	chr9	94726604	95151793	protein_coding
CRB2	AvT	chr9	123356170	123380324	protein_coding
POLE3	AvT	chr9	113407232	113410723	protein_coding
LCN2	AvT	chr9	128149071	128153453	protein_coding
ST8SIA6	AvT	chr10	17315421	17454595	protein_coding
ZEB1	AvT	chr10	31318495	31529814	protein_coding
ANKRD1	AvT	chr10	90912092	90921091	protein_coding
HTR7	AvT	chr10	90740823	90858039	protein_coding
DNAJB12	AvT	chr10	72332830	72355167	protein_coding
PLEKHS1	AvT	chr10	113751262	113783429	protein_coding
HSD17B12	AvT	chr11	43680509	43857741	protein_coding
ENDOD1	AvT	chr11	95089817	95132645	protein_coding
TENM4	AvT	chr11	78652829	79441030	protein_coding
CAPN5	AvT	chr11	77066961	77126155	protein_coding
ST14	AvT	chr11	130159746	130210367	protein_coding
PLCH2	AvT	chr1	2425980	2505532	protein_coding
TAGLN	AvT	chr11	117197509	117207464	protein_coding
KIAA1755	AvT	chr20	38210503	38261039	protein_coding
TBX6	AvT	chr16	30085793	30091933	protein_coding
HMGA2	AvT	chr12	65824460	65966291	protein_coding
CNTN5	AvT	chr11	99020949	100358885	protein_coding
MPP7	AvT	chr10	28050993	28335290	protein_coding
FRMPD2B	AvT	chr10	46870858	46894562	transcribed_unprocessed_pseudogene
ADGRL3	AvT	chr4	61200326	62078335	protein_coding
FAM124A	AvT	chr13	51222334	51284239	protein_coding
HNMT	AvT	chr2	137964020	138016364	protein_coding
WDR17	AvT	chr4	176065840	176182820	protein_coding
CD226	AvT	chr18	69831158	69961803	protein_coding
CNDP1	AvT	chr18	74534400	74587212	protein_coding
PPP1R1C	AvT	chr2	181954241	182131398	protein_coding
DIXDC1	AvT	chr11	111927144	112022653	protein_coding
FREM2	AvT	chr13	38687077	38887131	protein_coding
FOXO1	AvT	chr13	40555667	40667612	protein_coding
SLC7A11	AvT	chr4	138164097	138242349	protein_coding
GPR158	AvT	chr10	25174802	25602229	protein_coding
CACNA1C	AvT	chr12	1970772	2697950	protein_coding
THRB	AvT	chr3	24117153	24495756	protein_coding
TMEM86A	AvT	chr11	18693122	18704785	protein_coding
ANK3	AvT	chr10	60026298	60733490	protein_coding
SLC2A13	AvT	chr12	39755025	40106089	protein_coding
DIP2C	AvT	chr10	274201	689937	protein_coding
ME3	AvT	chr11	86438751	86672636	protein_coding
ADAMTS12	AvT	chr5	33523535	33892019	protein_coding
THYN1	AvT	chr11	134248270	134253370	protein_coding
ANO4	AvT	chr12	100717244	101128648	protein_coding
EDNRA	AvT	chr4	147480917	147544954	protein_coding
NR3C2	AvT	chr4	148078762	148445549	protein_coding
AKR1C6P	AvT	chr10	4871901	4891975	transcribed_unprocessed_pseudogene
AKR1C2	AvT	chr10	4987775	5018031	protein_coding
RNF144A	AvT	chr2	6917386	7068286	protein_coding
TMEM45B	AvT	chr11	129815791	129861265	protein_coding
ACSL1	AvT	chr4	184755501	184826853	protein_coding
SACS	AvT	chr13	23288689	23433763	protein_coding
GFRA1	AvT	chr10	116056925	116276803	protein_coding
TMEM132D	AvT	chr12	129071725	129904025	protein_coding
CCDC74B	AvT	chr2	130139287	130145134	protein_coding
TLCD4	AvT	chr1	95117292	95197607	protein_coding
TMEM178A	AvT	chr2	39664982	39717963	protein_coding
ARL11	AvT	chr13	49628464	49634842	protein_coding
TCF7L1	AvT	chr2	85133392	85310388	protein_coding
SH2D6	AvT	chr2	85418714	85437029	protein_coding
KCNK13	AvT	chr14	90061994	90185853	protein_coding
SPOCK1	AvT	chr5	136975298	137598379	protein_coding
OLAH	AvT	chr10	15032227	15073853	protein_coding
GJA1	AvT	chr6	121435577	121449727	protein_coding
RASGRP3	AvT	chr2	33436272	33586669	protein_coding
ANKRD22	AvT	chr10	88819896	88851844	protein_coding
SLC16A12	AvT	chr10	89430174	89556701	protein_coding
PRDM8	AvT	chr4	80183879	80204329	protein_coding
HHEX	AvT	chr10	92689903	92695647	protein_coding
PTPRK	AvT	chr6	127968780	128520619	protein_coding
ZNF117	AvT	chr7	64970663	65006687	protein_coding
LMNTD1	AvT	chr12	25409307	25648579	protein_coding
BANK1	AvT	chr4	101411286	102074812	protein_coding
ACOXL	AvT	chr2	110732524	111118548	protein_coding
BMP6	AvT	chr6	7726049	7881728	protein_coding
MERTK	AvT	chr2	111898607	112029561	protein_coding
PLA2R1	AvT	chr2	159932006	160062636	protein_coding
SLC25A27	AvT	chr6	46652915	46678190	protein_coding
ADGRF1	AvT	chr6	46997708	47042350	protein_coding
ADGRF4	AvT	chr6	47685864	47722021	protein_coding
TRAPPC8	AvT	chr18	31829197	31953136	protein_coding
FAM81B	AvT	chr5	95391366	95450454	protein_coding
LPCAT1	AvT	chr5	1456480	1524282	protein_coding
LURAP1L	AvT	chr9	12775020	12823060	protein_coding
SPMIP4	AvT	chr7	25134692	25180356	protein_coding
PID1	AvT	chr2	228850526	229271867	protein_coding
KCTD15	AvT	chr19	33795933	33815763	protein_coding
MCOLN2	AvT	chr1	84925583	84997115	protein_coding
CACNA2D1	AvT	chr7	81946444	82443970	protein_coding
HS3ST3A1	AvT	chr17	13494032	13601929	protein_coding
SEMA3D	AvT	chr7	84995195	85187056	protein_coding
GRAP	AvT	chr17	19020656	19047143	protein_coding
SLC5A10	AvT	chr17	18950345	19022595	protein_coding
ANKRD29	AvT	chr18	23598926	23663088	protein_coding
ROBO3	AvT	chr11	124865432	124881471	protein_coding
RETREG1	AvT	chr5	16473038	16617101	protein_coding
PRKCA	AvT	chr17	66302613	66810743	protein_coding
CEP112	AvT	chr17	65635537	66192251	protein_coding
ABCA6	AvT	chr17	69074255	69142031	protein_coding
PGCKA1	AvT	chr4	37453439	37624344	protein_coding
DISP1	AvT	chr1	222814730	223006258	protein_coding
TNIK	AvT	chr3	171058414	171460408	protein_coding
FAM167A	AvT	chr8	11421463	11475908	protein_coding
OBSCN	AvT	chr1	228208044	228378876	protein_coding
CNTNAP3B	AvT	chr9	41890314	42129552	protein_coding
SORBS2	AvT	chr4	185585444	185956652	protein_coding
CEP170P1	AvT	chr4	118467590	118554100	transcribed_unprocessed_pseudogene
CHODL	AvT	chr21	17901263	18267373	protein_coding
PDE1C	AvT	chr7	31751179	32428131	protein_coding
JAM2	AvT	chr21	25639258	25717562	protein_coding
ADAMTS1	AvT	chr21	26835755	26845409	protein_coding
WNT7A	AvT	chr3	13816258	13880071	protein_coding
CCDC144BP	AvT	chr17	18542155	18625447	transcribed_unprocessed_pseudogene
USP43	AvT	chr17	9644663	9729693	protein_coding
RAB6B	AvT	chr3	133824235	133895882	protein_coding
PROM2	AvT	chr2	95274444	95302296	protein_coding
GOLGA7B	AvT	chr10	97849295	97871580	protein_coding
SLC26A2	AvT	chr5	149960758	149993455	protein_coding
SLC24A2	AvT	chr9	19507452	19789119	protein_coding
GRIP1	AvT	chr12	66347431	67069162	protein_coding
NAT2	AvT	chr8	18391252	18401218	protein_coding
MMP16	AvT	chr8	88032011	88328025	protein_coding
KCNMA1	AvT	chr10	76869601	77638369	protein_coding
ADAMTS3	AvT	chr4	72280969	72569221	protein_coding
ADAMTSL3	AvT	chr15	83653683	84039842	protein_coding
ART3	AvT	chr4	76011184	76114094	protein_coding
SLC28A1	AvT	chr15	84884612	84945803	protein_coding
MAP3K7CL	AvT	chr21	29077060	29175889	protein_coding
CLDN8	AvT	chr21	30214006	30216097	protein_coding
SORCS3	AvT	chr10	104641290	105265242	protein_coding
FUT6	AvT	chr19	5830361	5839722	protein_coding
FGF18	AvT	chr5	171419645	171457626	protein_coding
UBE2L6	AvT	chr11	57551656	57568284	protein_coding
RAB11FIP1	AvT	chr8	37858618	37899513	protein_coding
MAPK13	AvT	chr6	36127809	36144524	protein_coding
IGKV1OR-2	AvT	chr9	64765054	64765535	IG_V_pseudogene
ATAD2	AvT	chr8	123319850	123416350	protein_coding
FBXO32	AvT	chr8	123497889	123541273	protein_coding
RBPMS	AvT	chr8	30384416	30572256	protein_coding
TMEM171	AvT	chr5	73120569	73131812	protein_coding
STEAP2	AvT	chr7	90167590	90238137	protein_coding
ST3GAL2	AvT	chr16	70375977	70439263	protein_coding
IL34	AvT	chr16	70579878	70661556	protein_coding
ZNF19	AvT	chr16	71464555	71565502	protein_coding
KCNJ15	AvT	chr21	38155549	38307357	protein_coding
TSPAN18	AvT	chr11	44726322	44932427	protein_coding
CREB3L1	AvT	chr11	46277637	46321422	protein_coding
ZNF618	AvT	chr9	113876052	114056593	protein_coding
DGKI	AvT	chr7	137381037	137847092	protein_coding
TMEM268	AvT	chr9	114611206	114646422	protein_coding
ACAN	AvT	chr15	88803436	88875353	protein_coding
TNFRSF14	AvT	chr1	2554244	2565382	protein_coding
CIB4	AvT	chr2	26581205	26641366	protein_coding
KRTCAP3	AvT	chr2	27442337	27446481	protein_coding
CFAP251	AvT	chr12	121918574	122003927	protein_coding
RHPN1	AvT	chr8	143368810	143384221	protein_coding
XDH	AvT	chr2	31334320	31414747	protein_coding
CNNM4	AvT	chr2	96760898	96811888	protein_coding
MRAS	AvT	chr3	138347648	138405534	protein_coding
TENT5B	AvT	chr1	27005020	27012850	protein_coding
RNF207	AvT	chr1	6205392	6221299	protein_coding
CUL4B	AvT	chrX	120505920	120604074	protein_coding
RHBDL2	AvT	chr1	38885807	38941830	protein_coding
TMSB15B	AvT	chrX	103918896	103966712	protein_coding
KCNB1	AvT	chr20	49293394	49484297	protein_coding
TSPAN33	AvT	chr7	129144690	129169699	protein_coding
NRG2	AvT	chr5	139846779	140043299	protein_coding
CD1D	AvT	chr1	158178015	158186427	protein_coding
CPA2	AvT	chr7	130266863	130289798	protein_coding
CPA5	AvT	chr7	130344816	130368730	protein_coding
PPP1R9A	AvT	chr7	94907202	95296415	protein_coding
DUSP23	AvT	chr1	159780932	159782543	protein_coding
NPM2	AvT	chr8	22024125	22036897	protein_coding
CDA	AvT	chr1	20588932	20618908	protein_coding
DMTN	AvT	chr8	22048995	22082527	protein_coding
MPZ	AvT	chr1	161304735	161309968	protein_coding
WFDC8	AvT	chr20	45551153	45579326	protein_coding
WNT9B	AvT	chr17	46833201	46886730	protein_coding
CACHD1	AvT	chr1	64469765	64693058	protein_coding
CIART	AvT	chr1	150282543	150287093	protein_coding
ARHGAP27	AvT	chr17	45393898	45434421	protein_coding
PLA2G4D	AvT	chr15	42067009	42094562	protein_coding
C1R	AvT	chr12	7080213	7092540	protein_coding
STARD9	AvT	chr15	42575606	42720998	protein_coding
THEM4	AvT	chr1	151870866	151909637	protein_coding
ISL2	AvT	chr15	76336773	76342475	protein_coding
ZFYVE28	AvT	chr4	2269582	2418651	protein_coding
LYPD5	AvT	chr19	43785874	43827206	protein_coding
CCDC28B	AvT	chr1	32200383	32205453	protein_coding
CPAMD8	AvT	chr19	16892951	17026815	protein_coding
ANKLE1	AvT	chr19	17281645	17287649	protein_coding
ABCG1	AvT	chr21	42199689	42304389	protein_coding
TMPRSS3	AvT	chr21	42371840	42396119	protein_coding
RSPH1	AvT	chr21	42472486	42496366	protein_coding
SLC37A1	AvT	chr21	42495994	42581440	protein_coding
CBS	AvT	chr21	43050900	43076943	protein_coding
G6PD	AvT	chrX	154517825	154547584	protein_coding
ICOSLG	AvT	chr21	44215382	44241446	protein_coding
ITGB2	AvT	chr21	44885948	44932079	protein_coding
ADAMTS13	AvT	chr9	133414358	133459402	protein_coding
SLC2A6	AvT	chr9	133471088	133479148	protein_coding
GPSM1	AvT	chr9	136327476	136359605	protein_coding
ST6GALNAC6	AvT	chr9	127885321	127906616	protein_coding
PKN3	AvT	chr9	128702499	128720924	protein_coding
BRSK1	AvT	chr19	55282072	55312562	protein_coding
COX6B2	AvT	chr19	55349306	55354719	protein_coding
PLPP7	AvT	chr9	131289459	131359022	protein_coding
MPZL3	AvT	chr11	118226690	118252365	protein_coding
SHC1	AvT	chr1	154962284	154974395	protein_coding
IL6R	AvT	chr1	154405193	154469450	protein_coding
NBEAL2	AvT	chr3	46979666	47009707	protein_coding
AZGP1	AvT	chr7	99966720	99976066	protein_coding
FGFR4	AvT	chr5	177086456	177098151	protein_coding
LY6E	AvT	chr8	143012722	143023832	protein_coding
FOXH1	AvT	chr8	144473412	144475873	protein_coding
NAPEPLD	AvT	chr7	103099776	103151172	protein_coding
FBXO27	AvT	chr19	38990714	39033773	protein_coding
COX7A1	AvT	chr19	36150922	36152449	protein_coding
SHANK1	AvT	chr19	50659255	50719802	protein_coding
FAM171A2	AvT	chr17	44353215	44363868	protein_coding
FMNL3	AvT	chr12	49636499	49708165	protein_coding
TAMALIN	AvT	chr12	52006946	52015889	protein_coding
ALOX15	AvT	chr17	4630919	4642294	protein_coding
ADCY10P1	AvT	chr6	41101022	41138727	transcribed_unprocessed_pseudogene
CXCL16	AvT	chr17	4733533	4739934	protein_coding
MSLNL	AvT	chr16	769428	782054	protein_coding
BICDL2	AvT	chr16	3027682	3036993	protein_coding
PDZK1IP1	AvT	chr1	47183582	47191398	protein_coding
PRKAA2	AvT	chr1	56645314	56715335	protein_coding
SLC45A1	AvT	chr1	8318104	8344167	protein_coding
AKR7A3	AvT	chr1	19282496	19288823	protein_coding
DHRS3	AvT	chr1	12567909	12620133	protein_coding
LAPTM5	AvT	chr1	30732465	30757855	protein_coding
SDC3	AvT	chr1	30869466	30908810	protein_coding
NEXN	AvT	chr1	77888480	77943895	protein_coding
LRRIQ3	AvT	chr1	74026015	74198187	protein_coding
EEIG2	AvT	chr1	108560036	108644900	protein_coding
HENMT1	AvT	chr1	108648285	108661526	protein_coding
ATXN7L2	AvT	chr1	109483479	109492812	protein_coding
CADM3	AvT	chr1	159171609	159203313	protein_coding
SLAMF9	AvT	chr1	159951492	159954237	protein_coding
OLFML2B	AvT	chr1	161983192	162023869	protein_coding
KLHDC9	AvT	chr1	161098361	161100346	protein_coding
ATF3	AvT	chr1	212565334	212620777	protein_coding
DENND2D	AvT	chr1	111185969	111204535	protein_coding
SNED1	AvT	chr2	240998612	241095569	protein_coding
C1orf115	AvT	chr1	220690363	220699153	protein_coding
MT2P1	AvT	chr4	68376323	68376505	processed_pseudogene
WDR64	AvT	chr1	241652278	241802777	protein_coding
DISC1	AvT	chr1	231626790	232041272	protein_coding
LRATD1	AvT	chr2	14632700	14650814	protein_coding
VSNL1	AvT	chr2	17539020	17657018	protein_coding
CCDC74A	AvT	chr2	131527675	131533666	protein_coding
SPATA18	AvT	chr4	52051304	52097302	protein_coding
SGPP2	AvT	chr2	222424511	222562621	protein_coding
INHBB	AvT	chr2	120346136	120351803	protein_coding
NEURL3	AvT	chr2	96497644	96508153	protein_coding
CTSS	AvT	chr1	150730079	150765957	protein_coding
MSX1	AvT	chr4	4859665	4863936	protein_coding
BNIPL	AvT	chr1	151036321	151047720	protein_coding
C1QTNF7	AvT	chr4	15339818	15446167	protein_coding
SPRR2D	AvT	chr1	153039732	153041931	protein_coding
S100A9	AvT	chr1	153357767	153361027	protein_coding
ALPP	AvT	chr2	232378724	232382889	protein_coding
ALPG	AvT	chr2	232406844	232410714	protein_coding
ANTXR2	AvT	chr4	79901146	80125454	protein_coding
GPR155	AvT	chr2	174431571	174487150	protein_coding
CLDN1	AvT	chr3	190305707	190322446	protein_coding
INAVA	AvT	chr1	200891003	200915742	protein_coding
LINC01116	AvT	chr2	176611437	176637931	lncRNA
SLC15A2	AvT	chr3	121894391	121944188	protein_coding
ELF3	AvT	chr1	202007945	202017183	protein_coding
TMEM169	AvT	chr2	216081866	216102783	protein_coding
IGFBP7	AvT	chr4	57030766	57110690	protein_coding
TMEM79	AvT	chr1	156282935	156293185	protein_coding
ADORA1	AvT	chr1	203090654	203167407	protein_coding
NEK10	AvT	chr3	27106484	27369460	protein_coding
NUAK2	AvT	chr1	205302063	205321745	protein_coding
IFI16	AvT	chr1	158999953	159055156	protein_coding
EIF5A2	AvT	chr3	170888418	170908644	protein_coding
PPM1L	AvT	chr3	160755602	161078902	protein_coding
CADPS	AvT	chr3	62398346	62875563	protein_coding
CDS1	AvT	chr4	84582879	84651334	protein_coding
PRICKLE2	AvT	chr3	64092236	64445476	protein_coding
ADAMTS9	AvT	chr3	64515654	64688000	protein_coding
RPP14	AvT	chr3	58306245	58324695	protein_coding
ABHD6	AvT	chr3	58237516	58295693	protein_coding
DNASE1L3	AvT	chr3	58192257	58214697	protein_coding
RBM47	AvT	chr4	40423267	40630892	protein_coding
IL17RE	AvT	chr3	9902612	9916402	protein_coding
PLSCR2	AvT	chr3	146391421	146495991	protein_coding
UCN	AvT	chr2	27307400	27308445	protein_coding
KLF15	AvT	chr3	126342635	126357458	protein_coding
LIPH	AvT	chr3	185506262	185552617	protein_coding
S100P	AvT	chr4	6693878	6697170	protein_coding
EMCN	AvT	chr4	100395341	100880126	protein_coding
SLC9B2	AvT	chr4	103019868	103085829	protein_coding
SPRY1	AvT	chr4	123396754	123403760	protein_coding
MST1R	AvT	chr3	49886902	49906130	protein_coding
PPM1M	AvT	chr3	52245741	52250616	protein_coding
PRSS12	AvT	chr4	118280038	118353003	protein_coding
NDST3	AvT	chr4	118033579	118258634	protein_coding
GUCY1A1	AvT	chr4	155666707	155737059	protein_coding
TMEM144	AvT	chr4	158201604	158255416	protein_coding
NPY1R	AvT	chr4	163323962	163344852	protein_coding
FHIP1A	AvT	chr4	151409118	151670503	protein_coding
ELOVL7	AvT	chr5	60751791	60844274	protein_coding
RNF180	AvT	chr5	64165291	64372869	protein_coding
ANKRD33B	AvT	chr5	10564070	10657816	protein_coding
C5orf63	AvT	chr5	127045235	127073506	protein_coding
HTR4	AvT	chr5	148446042	148677235	protein_coding
RHOBTB3	AvT	chr5	95713522	95824383	protein_coding
CMYA5	AvT	chr5	79689777	79800607	protein_coding
EGFLAM	AvT	chr5	38258409	38465480	protein_coding
EBF1	AvT	chr5	158695920	159099951	protein_coding
ADGRF2P	AvT	chr6	47673420	47693719	transcribed_unitary_pseudogene
CSF2	AvT	chr5	132073789	132076170	protein_coding
TMEM200A	AvT	chr6	130365404	130443424	protein_coding
IL31RA	AvT	chr5	55851357	55922854	protein_coding
ANKRD55	AvT	chr5	56099680	56233330	protein_coding
MATCAP2	AvT	chr7	36324152	36390125	protein_coding
GALNT10	AvT	chr5	154190514	154420984	protein_coding
MYOZ3	AvT	chr5	150660450	150680022	protein_coding
COG5	AvT	chr7	107201372	107564261	protein_coding
GPR85	AvT	chr7	113078331	113087778	protein_coding
KCNK5	AvT	chr6	39188128	39229559	protein_coding
SP8	AvT	chr7	20782279	20786886	protein_coding
ELAPOR2	AvT	chr7	86876906	87059693	protein_coding
SYTL3	AvT	chr6	158644387	158768355	protein_coding
HEY1	AvT	chr8	79762371	79767857	protein_coding
ZNF704	AvT	chr8	80628451	80874781	protein_coding
FABP5	AvT	chr8	81280535	81284777	protein_coding
CHMP4C	AvT	chr8	81732448	81759515	protein_coding
C7orf57	AvT	chr7	48035501	48061304	protein_coding
HNF4G	AvT	chr8	75407914	75566834	protein_coding
PEX2	AvT	chr8	76980258	77001044	protein_coding
SLC30A8	AvT	chr8	116950273	117176714	protein_coding
TNFRSF11B	AvT	chr8	118923557	118952055	protein_coding
OSGIN2	AvT	chr8	89901849	89927888	protein_coding
NOS3	AvT	chr7	150991017	151015653	protein_coding
CA3	AvT	chr8	85373436	85449040	protein_coding
SLC7A13	AvT	chr8	86214063	86321146	protein_coding
GEM	AvT	chr8	94249249	94262461	protein_coding
PDP1	AvT	chr8	93857788	93926068	protein_coding
RPP25L	AvT	chr9	34610486	34612605	protein_coding
PSIP1	AvT	chr9	15464065	15511202	protein_coding
NIPSNAP3B	AvT	chr9	104763850	104777764	protein_coding
FXN	AvT	chr9	69035750	69079076	protein_coding
TMEM71	AvT	chr8	132685007	132760712	protein_coding
MAMDC2	AvT	chr9	70043820	70226987	protein_coding
PRSS37	AvT	chr7	141836300	141841487	protein_coding
QNG1	AvT	chr9	83938311	83956986	protein_coding
SVEP1	AvT	chr9	110365248	110579880	protein_coding
ANKS6	AvT	chr9	98731329	98796965	protein_coding
FBP1	AvT	chr9	94603133	94640323	protein_coding
VEGFD	AvT	chrX	15345594	15384509	protein_coding
CLDN3	AvT	chr7	73768997	73770270	protein_coding
CARD19	AvT	chr9	93096161	93113283	protein_coding
NOL6	AvT	chr9	33461353	33473930	protein_coding
AQP3	AvT	chr9	33441156	33447596	protein_coding
SLITRK5	AvT	chr13	87671371	87696272	protein_coding
MARCHF8	AvT	chr10	45454585	45594931	protein_coding
ZCCHC24	AvT	chr10	79382325	79445625	protein_coding
PGM2L1	AvT	chr11	74330315	74398473	protein_coding
SLC16A9	AvT	chr10	59650762	59736002	protein_coding
HEPACAM	AvT	chr11	124919205	124936431	protein_coding
EML5	AvT	chr14	88612240	88792994	protein_coding
TMEM63C	AvT	chr14	77116568	77259498	protein_coding
AKR1E2	AvT	chr10	4786629	4848062	protein_coding
BEND7	AvT	chr10	13438484	13529237	protein_coding
SPACA9	AvT	chr9	132878027	132890201	protein_coding
STOX1	AvT	chr10	68827199	68895432	protein_coding
NDRG2	AvT	chr14	21016763	21071094	protein_coding
ARHGEF40	AvT	chr14	21069647	21090248	protein_coding
ZNF219	AvT	chr14	21090053	21104722	protein_coding
ANKRD2	AvT	chr10	97572499	97583896	protein_coding
ARHGAP42	AvT	chr11	100687288	100993941	protein_coding
LARGE2	AvT	chr11	45918146	45929376	protein_coding
TTC7B	AvT	chr14	90524564	90816500	protein_coding
RAPSN	AvT	chr11	47437762	47449192	protein_coding
AGBL2	AvT	chr11	47659591	47715389	protein_coding
TC2N	AvT	chr14	91779746	91867536	protein_coding
CLMN	AvT	chr14	95181940	95319921	protein_coding
CACNB2	AvT	chr10	18140424	18543557	protein_coding
HTRA1	AvT	chr10	122458551	122514907	protein_coding
GPR176	AvT	chr15	39799008	39920936	protein_coding
ADAMTS15	AvT	chr11	130448645	130476645	protein_coding
IKBIP	AvT	chr12	98613405	98645113	protein_coding
SPINT1	AvT	chr15	40843513	40858383	protein_coding
FBN1	AvT	chr15	48408313	48645721	protein_coding
CKB	AvT	chr14	103519660	103523167	protein_coding
LARP6	AvT	chr15	70829130	70854157	protein_coding
ASPG	AvT	chr14	104085537	104115582	protein_coding
TMEM100	AvT	chr17	55718739	55732121	protein_coding
APBB1	AvT	chr11	6395111	6419453	protein_coding
NUDT13	AvT	chr10	73110375	73131828	protein_coding
NETO1	AvT	chr18	72742314	72868146	protein_coding
CYB5A	AvT	chr18	74250846	74291995	protein_coding
IFTAP	AvT	chr11	36594369	36675695	protein_coding
SERPINB7	AvT	chr18	63752935	63805376	protein_coding
CDYL2	AvT	chr16	80597907	80804598	protein_coding
ATMIN	AvT	chr16	81035842	81047350	protein_coding
PKD1L2	AvT	chr16	81100875	81220370	protein_coding
A2ML1	AvT	chr12	8822621	8887001	protein_coding
BEAN1	AvT	chr16	66427295	66493529	protein_coding
CENPV	AvT	chr17	16342534	16353656	protein_coding
CDH16	AvT	chr16	66908122	66919187	protein_coding
ATF7IP2	AvT	chr16	10326434	10483640	protein_coding
BEX3	AvT	chrX	103376299	103378301	protein_coding
PLEKHA7	AvT	chr11	16777297	17014420	protein_coding
BMERB1	AvT	chr16	15434475	15625028	protein_coding
LDHD	AvT	chr16	75111855	75116782	protein_coding
MESP1	AvT	chr15	89749875	89751249	protein_coding
SCNN1G	AvT	chr16	23182677	23216883	protein_coding
NAV2	AvT	chr11	19350724	20121601	protein_coding
NAB2	AvT	chr12	57089014	57095476	protein_coding
CCDC178	AvT	chr18	32937402	33441101	protein_coding
MAP1A	AvT	chr15	43510958	43531620	protein_coding
AKTIP	AvT	chr16	53490502	53504411	protein_coding
TEF	AvT	chr22	41367333	41399326	protein_coding
SAMD14	AvT	chr17	50110040	50130160	protein_coding
ACSF2	AvT	chr17	50426158	50474845	protein_coding
NOD2	AvT	chr16	50693217	50733348	protein_coding
ZNF91	AvT	chr19	23304991	23395501	protein_coding
MYO5B	AvT	chr18	49822789	50195164	protein_coding
FN3K	AvT	chr17	82735603	82751197	protein_coding
LPO	AvT	chr17	58218548	58268518	protein_coding
ZNF701	AvT	chr19	52555822	52599928	protein_coding
NCKAP5L	AvT	chr12	49791140	49828750	protein_coding
GPD1	AvT	chr12	50103982	50111316	protein_coding
AXL	AvT	chr19	41219174	41261766	protein_coding
TMC4	AvT	chr19	54160095	54173250	protein_coding
TRAPPC9	AvT	chr8	139727725	140458579	protein_coding
SPINT2	AvT	chr19	38244035	38292615	protein_coding
PSCA	AvT	chr8	142670308	142682725	protein_coding
LY6D	AvT	chr8	142784882	142786539	protein_coding
SEMA6B	AvT	chr19	4542588	4581784	protein_coding
NXN	AvT	chr17	799310	979776	protein_coding
KIFC2	AvT	chr8	144465940	144474202	protein_coding
SERPINF2	AvT	chr17	1742069	1755271	protein_coding
TRPV3	AvT	chr17	3510502	3557812	protein_coding
GGT6	AvT	chr17	4556927	4560818	protein_coding
KLK5	AvT	chr19	50943299	50953314	protein_coding
KLK6	AvT	chr19	50958631	50969673	protein_coding
KLK11	AvT	chr19	51022216	51028039	protein_coding
KRT80	AvT	chr12	52168996	52192014	protein_coding
HID1	AvT	chr17	74950741	74973166	protein_coding
MGAT5B	AvT	chr17	76868404	76950393	protein_coding
TMC8	AvT	chr17	78130770	78142968	protein_coding
TOX-DT	AvT	chr8	59117374	59123478	lncRNA
GSDMA	AvT	chr17	39953263	39977768	protein_coding
ABCA3	AvT	chr16	2275878	2340749	protein_coding
VWCE	AvT	chr11	61255672	61295334	protein_coding
RAB3IL1	AvT	chr11	61897232	61920269	protein_coding
TRANK1	AvT	chr3	36826817	36945057	protein_coding
BATF2	AvT	chr11	64987945	64997018	protein_coding
SCARA3	AvT	chr8	27633414	27676776	protein_coding
SCARA5	AvT	chr8	27869883	27992834	protein_coding
ZNF355P	AvT	chr21	13095305	13113790	unprocessed_pseudogene
GNG4	AvT	chr1	235547685	235650754	protein_coding
KCNV2	AvT	chr9	2717510	2730037	protein_coding
FOXI1	AvT	chr5	170105897	170109734	protein_coding
PDHB	AvT	chr3	58427630	58434012	protein_coding
PXK	AvT	chr3	58332686	58426746	protein_coding
KCTD6	AvT	chr3	58491078	58502360	protein_coding
ACOX2	AvT	chr3	58504544	58537387	protein_coding
MFSD2A	AvT	chr1	39955112	39969968	protein_coding
CMAHP	AvT	chr6	25081862	25138081	transcribed_unitary_pseudogene
SCNN1B	AvT	chr16	23278231	23381299	protein_coding
RAB31	AvT	chr18	9708246	9862551	protein_coding
CAVIN2	AvT	chr2	191834305	191847211	protein_coding
MTCL1	AvT	chr18	8705271	8832780	protein_coding
SLC20A2	AvT	chr8	42416449	42542530	protein_coding
AXIN2	AvT	chr17	65528561	65562067	protein_coding
ZNF30	AvT	chr19	34926887	34945172	protein_coding
LRATD2	AvT	chr8	126552443	126558478	protein_coding
LDLRAD4	AvT	chr18	13216173	13652755	protein_coding
KCTD19	AvT	chr16	67289428	67326760	protein_coding
IL7R	AvT	chr5	35852695	35879603	protein_coding
WFDC12	AvT	chr20	45123425	45124465	protein_coding
NPNT	AvT	chr4	105894775	106004027	protein_coding
FAM178B	AvT	chr2	96875882	96986580	protein_coding
GSTM4	AvT	chr1	109656099	109665496	protein_coding
SHOX2	AvT	chr3	158095905	158106420	protein_coding
TSPAN5	AvT	chr4	98470365	98658690	protein_coding
ATOH8	AvT	chr2	85751344	85791383	protein_coding
MAT2A	AvT	chr2	85539165	85545281	protein_coding
INPP5D	AvT	chr2	233059967	233207903	protein_coding
SPRY3	AvT	chrX	155612298	155782459	protein_coding
STXBP6	AvT	chr14	24809454	25050333	protein_coding
COL4A3	AvT	chr2	227164624	227314792	protein_coding
AR	AvT	chrX	67543353	67730619	protein_coding
MN1	AvT	chr22	27748277	27801756	protein_coding
SH3TC2	AvT	chr5	148923639	149063163	protein_coding
STK32A	AvT	chr5	147234963	147387855	protein_coding
CXCL8	AvT	chr4	73740519	73747379	protein_coding
RASSF6	AvT	chr4	73571550	73620631	protein_coding
SDC2	AvT	chr8	96493410	96611790	protein_coding
ZEB2	AvT	chr2	144364364	144521057	protein_coding
CLIC3	AvT	chr9	136994608	136996568	protein_coding
ANTXR1	AvT	chr2	69013176	69249327	protein_coding
MT1E	AvT	chr16	56625475	56627112	protein_coding
NRG4	AvT	chr15	75935969	76059795	protein_coding
PCDH7	AvT	chr4	30720369	31146805	protein_coding
P2RY1	AvT	chr3	152835131	152841439	protein_coding
WNT10B	AvT	chr12	48965340	48971735	protein_coding
NLGN2	AvT	chr17	7404874	7419860	protein_coding
MYO7B	AvT	chr2	127535683	127637729	protein_coding
RNF150	AvT	chr4	140859807	141212877	protein_coding
ADRA1B	AvT	chr5	159865080	159973012	protein_coding
CMTM8	AvT	chr3	32237207	32370699	protein_coding
LGALS9B	AvT	chr17	20449395	20467548	protein_coding
FRMPD2	AvT	chr10	48153088	48274696	protein_coding
DCLK2	AvT	chr4	150078176	150257454	protein_coding
TMEM182	AvT	chr2	102736905	103019900	protein_coding
KRT8	AvT	chr12	52897182	52949954	protein_coding
KRT78	AvT	chr12	52837804	52849092	protein_coding
TMT1B	AvT	chr12	55681736	55684611	protein_coding
KRT86	AvT	chr12	52249300	52309163	protein_coding
DENND5B	AvT	chr12	31382226	31591170	protein_coding
DNAJC18	AvT	chr5	139408588	139444491	protein_coding
NPAS2	AvT	chr2	100820091	100996829	protein_coding
KRT83	AvT	chr12	52314301	52321398	protein_coding
IRX1	AvT	chr5	3595832	3601403	protein_coding
CDH2	AvT	chr18	27932879	28177946	protein_coding
SIX2	AvT	chr2	45005182	45009452	protein_coding
SGCD	AvT	chr5	155870344	156767788	protein_coding
DPY19L2P2	AvT	chr7	103175343	103277638	transcribed_unprocessed_pseudogene
KCNS3	AvT	chr2	17877847	18361616	protein_coding
GPR37	AvT	chr7	124743885	124765792	protein_coding
FSHR	AvT	chr2	48962157	49154527	protein_coding
CEL	AvT	chr9	133061981	133071861	protein_coding
PSG6	AvT	chr19	42902086	42919563	protein_coding
MTSS1	AvT	chr8	124550776	124728775	protein_coding
GSTA4	AvT	chr6	52977948	52995312	protein_coding
HAS2	AvT	chr8	121612116	121641440	protein_coding
S1PR1	AvT	chr1	101235366	101243713	protein_coding
ALK	AvT	chr2	29192774	29921586	protein_coding
MTM1	AvT	chrX	150568417	150673143	protein_coding
OBP2B	AvT	chr9	133205277	133209250	protein_coding
NRTN	AvT	chr19	5805056	5828324	protein_coding
FUT3	AvT	chr19	5842888	5851471	protein_coding
GRIK1	AvT	chr21	29536933	29940033	protein_coding
CDC42BPG	AvT	chr11	64823051	64844679	protein_coding
TMEM37	AvT	chr2	119429901	119438504	protein_coding
SOSTDC1	AvT	chr7	16461481	16530580	protein_coding
ZNF440	AvT	chr19	11814273	11835216	protein_coding
GAA	AvT	chr17	80101533	80119881	protein_coding
KCNK3	AvT	chr2	26692722	26733420	protein_coding
ESCO2	AvT	chr8	27771949	27812640	protein_coding
KRT19	AvT	chr17	41523613	41528308	protein_coding
KRT15	AvT	chr17	41513745	41522529	protein_coding
KRT9	AvT	chr17	41565836	41572059	protein_coding
PDE7B	AvT	chr6	135851701	136195574	protein_coding
NAT1	AvT	chr8	18170399	18223739	protein_coding
KRT20	AvT	chr17	40874934	40885243	protein_coding
GLOD5	AvT	chrX	48761747	48773648	protein_coding
RXFP1	AvT	chr4	158315311	158653372	protein_coding
PIK3CD	AvT	chr1	9629889	9730117	protein_coding
P2RY6	AvT	chr11	73264498	73305103	protein_coding
NMRAL2P	AvT	chr3	185960039	185979837	transcribed_unprocessed_pseudogene
PLEKHG5	AvT	chr1	6467122	6520074	protein_coding
TMEM51	AvT	chr1	15152498	15220484	protein_coding
BCL2	AvT	chr18	63123346	63320128	protein_coding
MLLT3	AvT	chr9	20341669	20622499	protein_coding
KLF17	AvT	chr1	44118821	44135140	protein_coding
ADRA1D	AvT	chr20	4220630	4249287	protein_coding
MIR31HG	AvT	chr9	21364605	21591906	lncRNA
LGALS9C	AvT	chr17	18476737	18494945	protein_coding
ATPAF2	AvT	chr17	17977409	18039209	protein_coding
DRC3	AvT	chr17	17972813	18016889	protein_coding
SYNPO	AvT	chr5	150601080	150659208	protein_coding
ANKRD20A4P	AvT	chr9	64369675	64438574	transcribed_unprocessed_pseudogene
GAP43	AvT	chr3	115623510	115721490	protein_coding
EPHX4	AvT	chr1	92029475	92063538	protein_coding
CALB2	AvT	chr16	71358713	71390436	protein_coding
FRMD3	AvT	chr9	83242990	83538737	protein_coding
MBOAT1	AvT	chr6	20099684	20212469	protein_coding
CLEC7A	AvT	chr12	10116777	10130258	protein_coding
NEGR1	AvT	chr1	71395943	72282539	protein_coding
MACROD2	AvT	chr20	13995369	16053197	protein_coding
STARD5	AvT	chr15	81309053	81324183	protein_coding
CFAP53	AvT	chr18	50227193	50266504	protein_coding
FGGY	AvT	chr1	59295910	59810647	protein_coding
FUT9	AvT	chr6	96015436	96215612	protein_coding
RAB40A	AvT	chrX	103496541	103526752	protein_coding
MAB21L4	AvT	chr2	240886048	240896893	protein_coding
RND1	AvT	chr12	48857145	48865870	protein_coding
THEMIS	AvT	chr6	127708072	127918631	protein_coding
ZNF738	AvT	chr19	21358930	21388582	protein_coding
TMEM217	AvT	chr6	37212180	37258155	protein_coding
OVOL1	AvT	chr11	65786714	65797219	protein_coding
NBEA	AvT	chr13	34942270	35673022	protein_coding
MYEOV	AvT	chr11	69294129	69341682	protein_coding
SH3RF3	AvT	chr2	109129205	109504634	protein_coding
EVC2	AvT	chr4	5542772	5709548	protein_coding
ZNF680	AvT	chr7	64519878	64563078	protein_coding
HPSE	AvT	chr4	83292461	83335153	protein_coding
ADCK5	AvT	chr8	144373101	144393242	protein_coding
ABCD2	AvT	chr12	39550033	39619803	protein_coding
SYT12	AvT	chr11	67006772	67050870	protein_coding
C11orf86	AvT	chr11	66975277	66977009	protein_coding
LIPM	AvT	chr10	88802730	88820546	protein_coding
ZNF483	AvT	chr9	111525054	111577844	protein_coding
PLAC8L1	AvT	chr5	146084313	146105577	protein_coding
STOX2	AvT	chr4	183797692	184023526	protein_coding
SAA1	AvT	chr11	18266260	18269977	protein_coding
SULT1B1	AvT	chr4	69721167	69787961	protein_coding
ADGRG2	AvT	chrX	18989307	19122956	protein_coding
SUSD5	AvT	chr3	33150043	33218810	protein_coding
HEG1	AvT	chr3	124965710	125055997	protein_coding
TOP6BL	AvT	chr11	66744451	66843516	protein_coding
JUP	AvT	chr17	41750887	41786931	protein_coding
TIGD3	AvT	chr11	65354751	65357613	protein_coding
PHOSPHO1	AvT	chr17	49223366	49230787	protein_coding
SPTBN2	AvT	chr11	66682496	66744670	protein_coding
SPATA31G1	AvT	chr9	35041095	35045986	protein_coding
CTSF	AvT	chr11	66563463	66568879	protein_coding
MSRB3	AvT	chr12	65278643	65491430	protein_coding
TLR10	AvT	chr4	38772238	38782990	protein_coding
TLR1	AvT	chr4	38787555	38856817	protein_coding
FAM53A	AvT	chr4	1617915	1684313	protein_coding
ENSG00000174171	AvT	chr15	41892747	41899528	lncRNA
GLIS1	AvT	chr1	53506232	53739164	protein_coding
LINGO2	AvT	chr9	27937617	29213601	protein_coding
GOLT1A	AvT	chr1	204198158	204214121	protein_coding
CMKLR1	AvT	chr12	108288044	108339317	protein_coding
SLCO2A1	AvT	chr3	133932699	134052184	protein_coding
BRSK2	AvT	chr11	1389899	1462689	protein_coding
B4GAT1	AvT	chr11	66345374	66347638	protein_coding
HRAS	AvT	chr11	532242	537343	protein_coding
RIN1	AvT	chr11	66330241	66336840	protein_coding
FZD4	AvT	chr11	86945679	86955395	protein_coding
BTC	AvT	chr4	74744759	74794717	protein_coding
AMY1B	AvT	chr1	103687415	103701064	protein_coding
CD164L2	AvT	chr1	27379176	27383333	protein_coding
SLC22A1	AvT	chr6	160121815	160159398	protein_coding
CHST2	AvT	chr3	143119771	143124014	protein_coding
ZDHHC14	AvT	chr6	157381133	157678157	protein_coding
MARCKSL1	AvT	chr1	32333827	32336233	protein_coding
TMEM51-AS1	AvT	chr1	15111815	15153618	lncRNA
CSRP2	AvT	chr12	76858703	76879638	protein_coding
VWA3A	AvT	chr16	22092528	22156964	protein_coding
CATSPER1	AvT	chr11	66016752	66026479	protein_coding
CCNE2	AvT	chr8	94879641	94896678	protein_coding
CST6	AvT	chr11	66012008	66013505	protein_coding
GRAMD2A	AvT	chr15	72159806	72197830	protein_coding
SCUBE2	AvT	chr11	9019476	9138114	protein_coding
LPL	AvT	chr8	19901717	19967267	protein_coding
UCP2	AvT	chr11	73974061	73983542	protein_coding
SUGCT	AvT	chr7	40134044	40861613	protein_coding
CCDC85B	AvT	chr11	65890673	65891635	protein_coding
TOM1L2	AvT	chr17	17843507	17972469	protein_coding
GPR156	AvT	chr3	120164645	120285426	protein_coding
LINC02873	AvT	chr11	130631289	130717352	lncRNA
NR2F1	AvT	chr5	93583222	93594611	protein_coding
TTLL11	AvT	chr9	121815674	122093606	protein_coding
CREG2	AvT	chr2	101345550	101387503	protein_coding
PLEKHF2	AvT	chr8	95115642	95156698	protein_coding
TUBB6	AvT	chr18	12307287	12344320	protein_coding
CRYBG2	AvT	chr1	26321698	26360080	protein_coding
SPHK1	AvT	chr17	76376584	76387860	protein_coding
HSD11B2	AvT	chr16	67430652	67437553	protein_coding
DMRTA1	AvT	chr9	22446824	22455740	protein_coding
EID2B	AvT	chr19	39530987	39532852	protein_coding
GJC3	AvT	chr7	99923266	99929620	protein_coding
RIMS2	AvT	chr8	103500610	104254430	protein_coding
SYNE3	AvT	chr14	95407266	95516678	protein_coding
SLCO3A1	AvT	chr15	91853708	92172435	protein_coding
DIRAS1	AvT	chr19	2714566	2721438	protein_coding
KBTBD11	AvT	chr8	1973677	2006937	protein_coding
MAP3K19	AvT	chr2	134964485	135047468	protein_coding
RNF152	AvT	chr18	61808067	61895097	protein_coding
MYO1D	AvT	chr17	32492522	32877192	protein_coding
FOXL1	AvT	chr16	86576340	86583478	protein_coding
FOXC2	AvT	chr16	86566829	86569728	protein_coding
TTTY14	AvT	chrY	18772706	19077555	lncRNA
BASP1	AvT	chr5	17065598	17276843	protein_coding
IRX5	AvT	chr16	54930865	54934485	protein_coding
GRIN1	AvT	chr9	137138346	137168756	protein_coding
FUT2	AvT	chr19	48695957	48705951	protein_coding
FIBIN	AvT	chr11	26994112	26997087	protein_coding
SMCR8	AvT	chr17	18315293	18328056	protein_coding
PHETA2	AvT	chr22	42073789	42079439	protein_coding
FAM9B	AvT	chrX	9024232	9295682	protein_coding
LINC01561	AvT	chr10	120597949	120600124	lncRNA
FBXO39	AvT	chr17	6776215	6797101	protein_coding
TOP3A	AvT	chr17	18271428	18315007	protein_coding
LRRN4CL	AvT	chr11	62686406	62689609	protein_coding
UBE2U	AvT	chr1	64203623	64267368	protein_coding
ERICH5	AvT	chr8	98064271	98095512	protein_coding
ACOT4	AvT	chr14	73591873	73595766	protein_coding
NHLH2	AvT	chr1	115836377	115843917	protein_coding
SAMD12	AvT	chr8	118189455	118622112	protein_coding
NAALADL2	AvT	chr3	174438573	175810548	protein_coding
NECTIN3	AvT	chr3	111070071	111275563	protein_coding
TENM3-AS1	AvT	chr4	181820001	182145249	lncRNA
DPY19L2	AvT	chr12	63558913	63668939	protein_coding
ALS2CL	AvT	chr3	46668994	46694071	protein_coding
GRAMD1C	AvT	chr3	113828182	113947179	protein_coding
STAP2	AvT	chr19	4324040	4342786	protein_coding
ZNF114	AvT	chr19	48270041	48287743	protein_coding
ZNF518B	AvT	chr4	10439873	10461381	protein_coding
SPINK6	AvT	chr5	148202794	148215137	protein_coding
POGLUT3	AvT	chr11	108472112	108498405	protein_coding
RNF212	AvT	chr4	1056250	1113564	protein_coding
CALML5	AvT	chr10	5498697	5499570	protein_coding
DNAJC22	AvT	chr12	49345607	49357546	protein_coding
GLDC	AvT	chr9	6532467	6645729	protein_coding
TUBAL3	AvT	chr10	5393101	5404828	protein_coding
CTXN1	AvT	chr19	7924491	7926135	protein_coding
CTNNBIP1	AvT	chr1	9848269	9910368	protein_coding
DYNAP	AvT	chr18	54587757	54599493	protein_coding
RPP25	AvT	chr15	74954418	74956772	protein_coding
GLULP4	AvT	chr9	34917175	34918296	processed_pseudogene
THBD	AvT	chr20	23045633	23049672	protein_coding
GDPD4	AvT	chr11	77216558	77301687	protein_coding
TMEM139	AvT	chr7	143279937	143288240	protein_coding
PFAS	AvT	chr17	8247618	8270491	protein_coding
KLHDC7A	AvT	chr1	18480930	18485974	protein_coding
NSA2P3	AvT	chrX	100910712	100911489	processed_pseudogene
EXOC3L1	AvT	chr16	67184314	67190242	protein_coding
TRIML2	AvT	chr4	188091247	188109611	protein_coding
CCDC89	AvT	chr11	85683848	85686195	protein_coding
TMTC2	AvT	chr12	82686880	83134870	protein_coding
FUCA1	AvT	chr1	23845077	23868356	protein_coding
TMEM125	AvT	chr1	43269979	43274007	protein_coding
PCARE	AvT	chr2	29060976	29074523	protein_coding
MEIS3P1	AvT	chr17	15786618	15787575	processed_pseudogene
DAND5	AvT	chr19	12965159	12974760	protein_coding
EGR3	AvT	chr8	22687659	22693480	protein_coding
VWA1	AvT	chr1	1434861	1442882	protein_coding
FJX1	AvT	chr11	35618460	35620865	protein_coding
LBX2	AvT	chr2	74497517	74503316	protein_coding
SLITRK4	AvT	chrX	143622790	143636101	protein_coding
HTR1D	AvT	chr1	23190178	23217547	protein_coding
ALOX15B	AvT	chr17	8039011	8049134	protein_coding
ARL14	AvT	chr3	160677160	160678448	protein_coding
SYCN	AvT	chr19	39202825	39204263	protein_coding
CDH5	AvT	chr16	66366636	66404784	protein_coding
MYADM	AvT	chr19	53864763	53878125	protein_coding
MROH1	AvT	chr8	144147997	144262470	protein_coding
RNF227	AvT	chr17	7913339	7916289	protein_coding
B3GNT3	AvT	chr19	17794697	17814175	protein_coding
NRXN1	AvT	chr2	49918503	51225575	protein_coding
ANKRD18A	AvT	chr9	38540567	38620596	protein_coding
TDRD6	AvT	chr6	46687875	46704319	protein_coding
LYNX1	AvT	chr8	142771197	142777859	protein_coding
MEIOC	AvT	chr17	44656404	44690308	protein_coding
FZD2	AvT	chr17	44557484	44561262	protein_coding
ITPRID1	AvT	chr7	31514090	31656504	protein_coding
DEFB124	AvT	chr20	31465471	31476757	protein_coding
GAS1	AvT	chr9	86944362	86947506	protein_coding
NRIP1	AvT	chr21	14961235	15065936	protein_coding
SLC47A2	AvT	chr17	19678288	19718979	protein_coding
LINC01559	AvT	chr12	13371089	13387167	lncRNA
CUEDC1	AvT	chr17	57861243	57955851	protein_coding
LSMEM1	AvT	chr7	112480853	112491062	protein_coding
NQO1	AvT	chr16	69706996	69726668	protein_coding
RPH3AL	AvT	chr17	212389	386376	protein_coding
F2R	AvT	chr5	76716126	76735770	protein_coding
HLA-V	AvT	chr6	29792234	29793136	transcribed_unprocessed_pseudogene
MUC16	AvT	chr19	8848844	9010390	protein_coding
OFCC1	AvT	chr6	9596297	9939349	transcribed_unitary_pseudogene
DDX60L	AvT	chr4	168356735	168537786	protein_coding
SYNE4	AvT	chr19	36003282	36008831	protein_coding
GPR135	AvT	chr14	59429022	59465380	protein_coding
ANKRD62	AvT	chr18	12093843	12129764	protein_coding
TNFSF15	AvT	chr9	114784652	114806039	protein_coding
ATG9B	AvT	chr7	151012209	151024499	protein_coding
PLAG1	AvT	chr8	56160909	56211333	protein_coding
AMIGO1	AvT	chr1	109504178	109509738	protein_coding
GPR3	AvT	chr1	27392622	27395814	protein_coding
SLC9A9	AvT	chr3	143265222	143848485	protein_coding
SLC2A4	AvT	chr17	7281667	7289241	protein_coding
CLDN7	AvT	chr17	7259347	7264016	protein_coding
ZNF329	AvT	chr19	58126248	58155110	protein_coding
RTKN2	AvT	chr10	62183035	62268844	protein_coding
CHST15	AvT	chr10	124007668	124093698	protein_coding
IDH2	AvT	chr15	90083045	90102490	protein_coding
KCNIP1	AvT	chr5	170353487	170736632	protein_coding
UNC5C	AvT	chr4	95162504	95549206	protein_coding
RGMA	AvT	chr15	93035271	93089211	protein_coding
PRR34	AvT	chr22	46049478	46054144	lncRNA
FIGN	AvT	chr2	163593396	163736012	protein_coding
C1S	AvT	chr12	6988259	7071281	protein_coding
ZNF804B	AvT	chr7	88759700	89338528	protein_coding
TEX19	AvT	chr17	82359247	82363775	protein_coding
TSHZ2	AvT	chr20	52972358	53495330	protein_coding
XKRX	AvT	chrX	100913445	100929433	protein_coding
BGN	AvT	chrX	153488654	153510299	protein_coding
MXRA7	AvT	chr17	76672551	76711004	protein_coding
SPNS3	AvT	chr17	4433940	4488208	protein_coding
EPGN	AvT	chr4	74308470	74316789	protein_coding
RNF32-DT	AvT	chr7	156388922	156640654	lncRNA
KCNB2	AvT	chr8	72537225	72938349	protein_coding
RGS6	AvT	chr14	71932429	72566530	protein_coding
C1orf116	AvT	chr1	207018522	207032821	protein_coding
CRIP2	AvT	chr14	105472962	105480162	protein_coding
PLCXD3	AvT	chr5	41306952	41510601	protein_coding
GALNT9	AvT	chr12	132196372	132329598	protein_coding
COL18A1	AvT	chr21	45405123	45513721	protein_coding
NKX2-5	AvT	chr5	173232109	173235311	protein_coding
ARHGEF37	AvT	chr5	149551947	149634968	protein_coding
CALHM3	AvT	chr10	103472804	103479240	protein_coding
RIPPLY3	AvT	chr21	37006150	37019662	protein_coding
ANKRD20A2P	AvT	chr9	40223397	40292345	transcribed_unprocessed_pseudogene
GPR19	AvT	chr12	12660047	12696705	protein_coding
CHST6	AvT	chr16	75472052	75495458	protein_coding
POTEC	AvT	chr18	14507339	14543600	protein_coding
RIMBP3C	AvT	chr22	21545666	21551461	protein_coding
PRR36	AvT	chr19	7868719	7874390	protein_coding
LINC01547	AvT	chr21	44932814	44939951	lncRNA
PTTG1IP	AvT	chr21	44849585	44873903	protein_coding
CCBE1	AvT	chr18	59430939	59697694	protein_coding
EPHA10	AvT	chr1	37713880	37765133	protein_coding
TREX2	AvT	chrX	153444473	153470587	protein_coding
GPR132	AvT	chr14	105048658	105065940	protein_coding
MEX3B	AvT	chr15	82041778	82046119	protein_coding
PRR14L	AvT	chr22	31676256	31750207	protein_coding
PCBP3	AvT	chr21	45643694	45942454	protein_coding
CCR3	AvT	chr3	46130890	46266706	protein_coding
PSG9	AvT	chr19	43211791	43269530	protein_coding
UPP1	AvT	chr7	48088628	48108736	protein_coding
LHFPL6	AvT	chr13	39209116	39603735	protein_coding
CBX6	AvT	chr22	38861422	38872249	protein_coding
MACC1	AvT	chr7	20134655	20217457	protein_coding
ACP7	AvT	chr19	39083913	39111497	protein_coding
KREMEN1	AvT	chr22	29072950	29168333	protein_coding
AIFM3	AvT	chr22	20965108	20981364	protein_coding
KCTD8	AvT	chr4	44173903	44448928	protein_coding
KIRREL1	AvT	chr1	157993273	158100262	protein_coding
ST6GALNAC3	AvT	chr1	76074746	76634603	protein_coding
TMPRSS2	AvT	chr21	41464296	41531116	protein_coding
DENND5A	AvT	chr11	9138825	9265959	protein_coding
SPRR4	AvT	chr1	152970648	152972574	protein_coding
GPR173	AvT	chrX	53048789	53080615	protein_coding
TSPYL2	AvT	chrX	53082326	53088541	protein_coding
PCDH9	AvT	chr13	66302834	67230445	protein_coding
OAF	AvT	chr11	120211032	120230334	protein_coding
ALDH1A3	AvT	chr15	100861924	100916628	protein_coding
KCNK12	AvT	chr2	47509290	47570985	protein_coding
POU6F1	AvT	chr12	51186936	51218062	protein_coding
TACSTD2	AvT	chr1	58575433	58577252	protein_coding
SLIT3	AvT	chr5	168661740	169301139	protein_coding
CSF1	AvT	chr1	109910242	109930993	protein_coding
COLEC10	AvT	chr8	118995452	119108455	protein_coding
KCND2	AvT	chr7	120273175	120750337	protein_coding
C1QTNF8	AvT	chr16	1088226	1099401	protein_coding
PROS1	AvT	chr3	93873046	93980003	protein_coding
DUSP8	AvT	chr11	1554051	1573076	protein_coding
SOCS3	AvT	chr17	78356778	78360930	protein_coding
LPAR5	AvT	chr12	6618835	6636444	protein_coding
STING1	AvT	chr5	139475528	139482935	protein_coding
FAM167A-AS1	AvT	chr8	11368402	11438658	lncRNA
ZNF72BP	AvT	chr22	15326037	15343065	unprocessed_pseudogene
OR7E14P	AvT	chr11	17052025	17053024	transcribed_unprocessed_pseudogene
SEPTIN5	AvT	chr22	19714467	19724224	protein_coding
RNLS	AvT	chr10	88273864	88584530	protein_coding
APOBR	AvT	chr16	28494639	28498964	protein_coding
OSBP2	AvT	chr22	30693782	30907824	protein_coding
PRR16	AvT	chr5	120464300	120687332	protein_coding
SDR42E1	AvT	chr16	81988855	82011482	protein_coding
IMMP2L	AvT	chr7	110662644	111562517	protein_coding
DMRTC1B	AvT	chrX	72776890	72848803	protein_coding
WT1	AvT	chr11	32387775	32435564	protein_coding
TMEM121	AvT	chr14	105525996	105530205	protein_coding
DGAT1	AvT	chr8	144314584	144326910	protein_coding
ROBO2	AvT	chr3	75906695	77649964	protein_coding
CA13	AvT	chr8	85220587	85284073	protein_coding
ANKS1B	AvT	chr12	98726457	99984936	protein_coding
FLRT2	AvT	chr14	85530017	85654428	protein_coding
ANO9	AvT	chr11	417921	442072	protein_coding
SIGIRR	AvT	chr11	405711	417473	protein_coding
NRBP2	AvT	chr8	143833583	143840973	protein_coding
TNFAIP2	AvT	chr14	103121407	103137441	protein_coding
TCEAL9	AvT	chrX	103356461	103358472	protein_coding
GP1BA	AvT	chr17	4932277	4935023	protein_coding
RBM11	AvT	chr21	14216130	14228372	protein_coding
IL3RA	AvT	chrX	1335025	1382689	protein_coding
HS6ST3	AvT	chr13	96090107	96839562	protein_coding
LINC00158	AvT	chr21	25374242	25431701	lncRNA
KPNA7	AvT	chr7	99173572	99250075	protein_coding
GPRIN3	AvT	chr4	89236383	89307937	protein_coding
KRT6B	AvT	chr12	52446651	52452146	protein_coding
MUC1	AvT	chr1	155185824	155192916	protein_coding
LMNTD2	AvT	chr11	554850	560738	protein_coding
INKA1	AvT	chr3	49803240	49805030	protein_coding
NTF3	AvT	chr12	5432108	5521536	protein_coding
SYN3	AvT	chr22	32507820	33058381	protein_coding
ADARB2	AvT	chr10	1177313	1737525	protein_coding
SRL	AvT	chr16	4189374	4242083	protein_coding
NAT8L	AvT	chr4	2059327	2069089	protein_coding
CCDC190	AvT	chr1	162824458	162868957	protein_coding
RTN4RL1	AvT	chr17	1934677	2025334	protein_coding
NKAIN3	AvT	chr8	62248591	63014000	protein_coding
RASA3	AvT	chr13	113977783	114132775	protein_coding
LEMD1	AvT	chr1	205381378	205455954	protein_coding
MATN1-AS1	AvT	chr1	30718504	30726846	lncRNA
GSAP	AvT	chr7	77310751	77416419	protein_coding
AGBL4	AvT	chr1	48532854	50023954	protein_coding
BPIFB4	AvT	chr20	33079643	33111751	protein_coding
SOWAHB	AvT	chr4	76894152	76898144	protein_coding
MRTFB	AvT	chr16	14071058	14266778	protein_coding
GPAT2	AvT	chr2	96021946	96039451	protein_coding
RGS9BP	AvT	chr19	32675848	32678300	protein_coding
RXRA	AvT	chr9	134317098	134440585	protein_coding
ZNF501	AvT	chr3	44729593	44737936	protein_coding
GNG2	AvT	chr14	51826195	51979342	protein_coding
PCLO	AvT	chr7	82754012	83162930	protein_coding
ANKRD20A5P	AvT	chr18	14179395	14244811	transcribed_unprocessed_pseudogene
CYP4F3	AvT	chr19	15640795	15662825	protein_coding
UBE2H	AvT	chr7	129830732	129952977	protein_coding
HPDL	AvT	chr1	45326895	45328710	protein_coding
PDE2A	AvT	chr11	72576141	72674591	protein_coding
CYP27C1	AvT	chr2	127183832	127220385	protein_coding
CFAP73	AvT	chr12	113149716	113159526	protein_coding
OR10H1	AvT	chr19	15804549	15815664	protein_coding
KRT16	AvT	chr17	41609778	41615899	protein_coding
KRT14	AvT	chr17	41582279	41586895	protein_coding
TRABD2A	AvT	chr2	84821650	84907008	protein_coding
MAPT	AvT	chr17	45894358	46028334	protein_coding
C1QL4	AvT	chr12	49332409	49337188	protein_coding
RTN4RL2	AvT	chr11	57460528	57477534	protein_coding
ESPN	AvT	chr1	6424776	6461367	protein_coding
PLCD1	AvT	chr3	38007496	38029675	protein_coding
MITF	AvT	chr3	69738536	69968336	protein_coding
BAGE2	AvT	chr21	10454134	10516431	transcribed_unprocessed_pseudogene
TSPYL4	AvT	chr6	116249964	116254075	protein_coding
KRT12	AvT	chr17	40861303	40867223	protein_coding
BCAM	AvT	chr19	44809070	44821421	protein_coding
EPOR	AvT	chr19	11377207	11384343	protein_coding
KCNJ11	AvT	chr11	17365172	17389353	protein_coding
COL4A1	AvT	chr13	110148963	110307202	protein_coding
ATP13A5	AvT	chr3	193274789	193378820	protein_coding
TLR5	AvT	chr1	223109339	223143318	protein_coding
SAMD11	AvT	chr1	923923	944575	protein_coding
SPRY4	AvT	chr5	142310420	142326455	protein_coding
TRPV2	AvT	chr17	16415571	16437003	protein_coding
AMTN	AvT	chr4	70518569	70532743	protein_coding
AMY1C	AvT	chr1	103745126	103758726	protein_coding
C9orf153	AvT	chr9	86220265	86259657	protein_coding
PEAR1	AvT	chr1	156893666	156916432	protein_coding
PALM3	AvT	chr19	14053363	14062076	protein_coding
OVCH1	AvT	chr12	29412474	29497686	protein_coding
RINL	AvT	chr19	38867830	38878275	protein_coding
MESP2	AvT	chr15	89760591	89778754	protein_coding
C6orf132	AvT	chr6	42092233	42142620	protein_coding
ZC3H6	AvT	chr2	112275597	112340059	protein_coding
NCR3LG1	AvT	chr11	17351800	17377341	protein_coding
HES4	AvT	chr1	998962	1000172	protein_coding
IGFL1	AvT	chr19	46229742	46231243	protein_coding
PLSCR1	AvT	chr3	146511858	146544862	protein_coding
SBK1	AvT	chr16	28259246	28323849	protein_coding
GPAT2P2	AvT	chr2	97081098	97083249	transcribed_unprocessed_pseudogene
SLC24A5	AvT	chr15	48120990	48142672	protein_coding
INSC	AvT	chr11	15112424	15247208	protein_coding
SERPINA5	AvT	chr14	94561442	94593120	protein_coding
NCCRP1	AvT	chr19	39196964	39201884	protein_coding
MIR3667HG	AvT	chr22	49414523	49658432	lncRNA
HBA2	AvT	chr16	172876	173710	protein_coding
RALGAPA2	AvT	chr20	20389530	20712644	protein_coding
NKAIN2	AvT	chr6	123803865	124825640	protein_coding
LINC00319	AvT	chr21	43446565	43453902	lncRNA
H1-9P	AvT	chr17	50171514	50171936	transcribed_unitary_pseudogene
FAM221A	AvT	chr7	23680114	23703249	protein_coding
SPRED3	AvT	chr19	38388421	38399588	protein_coding
SKOR1	AvT	chr15	67819704	67834582	protein_coding
ZDHHC11	AvT	chr5	795605	858973	protein_coding
ENTPD8	AvT	chr9	137434362	137441881	protein_coding
FAM78B	AvT	chr1	166057426	166167001	protein_coding
ZNF563	AvT	chr19	12317477	12333720	protein_coding
KLRG2	AvT	chr7	139450625	139483674	protein_coding
ENSG00000188897	AvT	chr16	11359845	11527247	protein_coding
HACD4	AvT	chr9	20999509	21031640	protein_coding
RNF222	AvT	chr17	8390702	8397827	protein_coding
H1-0	AvT	chr22	37805229	37807432	protein_coding
IL1RAPL2	AvT	chrX	104566199	105767829	protein_coding
SP6	AvT	chr17	47844908	47855874	protein_coding
CLDN4	AvT	chr7	73799542	73832690	protein_coding
GRAPL	AvT	chr17	19127535	19162274	protein_coding
FAM47E	AvT	chr4	76214040	76284294	protein_coding
ZNF600	AvT	chr19	52749942	52786820	protein_coding
MAOA	AvT	chrX	43654907	43746821	protein_coding
NUGGC	AvT	chr8	28021964	28083936	protein_coding
SH2D5	AvT	chr1	20719724	20732837	protein_coding
OR2L13	AvT	chr1	248095184	248101163	protein_coding
SYCP2	AvT	chr20	59863564	59933655	protein_coding
PLEKHG4	AvT	chr16	67277510	67289499	protein_coding
FAT4	AvT	chr4	125314918	125492932	protein_coding
COLCA1	AvT	chr11	111290787	111305498	lncRNA
ZNF681	AvT	chr19	23739195	23758891	protein_coding
CTSE	AvT	chr1	206008535	206023909	protein_coding
SEMA4A	AvT	chr1	156147366	156178869	protein_coding
HRCT1	AvT	chr9	35906202	35907136	protein_coding
GREB1	AvT	chr2	11482341	11642789	protein_coding
SIRPB2	AvT	chr20	1470741	1491587	protein_coding
RYR1	AvT	chr19	38433691	38595273	protein_coding
ZNF107	AvT	chr7	64666099	64711577	protein_coding
SFTA2	AvT	chr6	30931353	30955636	protein_coding
CPNE4	AvT	chr3	131533555	132285410	protein_coding
NOXO1	AvT	chr16	1978912	1984636	protein_coding
NPIPB15	AvT	chr16	74376306	74392115	protein_coding
RFX8	AvT	chr2	101397359	101475112	protein_coding
SPTSSB	AvT	chr3	161344798	161372880	protein_coding
MYO6	AvT	chr6	75749175	75919537	protein_coding
ADH1B	AvT	chr4	99304971	99321659	protein_coding
HRH1	AvT	chr3	11137093	11263557	protein_coding
ZNF502	AvT	chr3	44712640	44723831	protein_coding
LINC00173	AvT	chr12	116533399	116536522	lncRNA
HSH2D	AvT	chr19	16134028	16158575	protein_coding
PDXDC2P-NPIPB14P	AvT	chr16	69976297	70065948	lncRNA
LCE1B	AvT	chr1	152811971	152813108	protein_coding
COL27A1	AvT	chr9	114155537	114312511	protein_coding
MVB12B	AvT	chr9	126326815	126507041	protein_coding
TMEM26	AvT	chr10	61406642	61453381	protein_coding
ZNF138	AvT	chr7	64794388	64833681	protein_coding
ZNF100	AvT	chr19	21722771	21767598	protein_coding
ANXA6	AvT	chr5	151100706	151157815	protein_coding
ZNF441	AvT	chr19	11767000	11784078	protein_coding
SLC25A29	AvT	chr14	100291116	100306547	protein_coding
SRC	AvT	chr20	37344673	37406050	protein_coding
LRRC8B	AvT	chr1	89524829	89597861	protein_coding
H3C12	AvT	chr6	27890315	27893106	protein_coding
SERPINA1	AvT	chr14	94376745	94390866	protein_coding
ZNF675	AvT	chr19	23525631	23687220	protein_coding
C5AR1	AvT	chr19	47290023	47322066	protein_coding
VEPH1	AvT	chr3	157259742	157533619	protein_coding
OGDHL	AvT	chr10	49734641	49762392	protein_coding
COL13A1	AvT	chr10	69801880	69964275	protein_coding
SLC28A3	AvT	chr9	84275457	84340758	protein_coding
ELANE	AvT	chr19	850951	856247	protein_coding
ENPP1	AvT	chr6	131807993	131895155	protein_coding
CCDC154	AvT	chr16	1434383	1444556	protein_coding
MFAP5	AvT	chr12	8637346	8672519	protein_coding
UBE2Q2P12	AvT	chr15	84491480	84500599	transcribed_unprocessed_pseudogene
SERPINB2	AvT	chr18	63871692	63903888	protein_coding
SERPINB13	AvT	chr18	63586989	63604639	protein_coding
PSAP	AvT	chr10	71816289	71851330	protein_coding
CFD	AvT	chr19	859453	869490	protein_coding
EME2	AvT	chr16	1772810	1781708	protein_coding
OCLN	AvT	chr5	69492184	69558104	protein_coding
ZNF790	AvT	chr19	36816904	36850787	protein_coding
CYRIA	AvT	chr2	16549459	16666331	protein_coding
KIF13B	AvT	chr8	29067278	29263124	protein_coding
IFNA1	AvT	chr9	21440439	21441316	protein_coding
PLCG2	AvT	chr16	81738248	81962685	protein_coding
MBP	AvT	chr18	76978827	77133683	protein_coding
ZNF273	AvT	chr7	64870172	64930981	protein_coding
LPAR1	AvT	chr9	110871773	111038863	protein_coding
MB	AvT	chr22	35606764	35637951	protein_coding
DEFB107B	AvT	chr8	7495911	7509311	protein_coding
HMGN5	AvT	chrX	81112915	81202016	protein_coding
HSD17B11	AvT	chr4	87336515	87391219	protein_coding
ZNF442	AvT	chr19	12345944	12365905	protein_coding
HOXC4	AvT	chr12	54016931	54056030	protein_coding
ZNF658B	AvT	chr9	39444304	39508885	transcribed_unprocessed_pseudogene
ZNF568	AvT	chr19	36916316	37005037	protein_coding
TPM2	AvT	chr9	35681992	35690056	protein_coding
SH3BGRL2	AvT	chr6	79537185	79703655	protein_coding
ZNF808	AvT	chr19	52527652	52564464	protein_coding
ARC	AvT	chr8	142611049	142614479	protein_coding
CCDC69	AvT	chr5	151181052	151224124	protein_coding
KLHL9	AvT	chr9	21320024	21335404	protein_coding
TUSC1	AvT	chr9	25676969	25678444	protein_coding
PAPSS2	AvT	chr10	87659613	87747708	protein_coding
ABCA4	AvT	chr1	93992834	94121148	protein_coding
DLL1	AvT	chr6	170282202	170306565	protein_coding
ECI2	AvT	chr6	4115685	4135597	protein_coding
PPP1R14C	AvT	chr6	150143044	150250392	protein_coding
ZNF358	AvT	chr19	7515292	7521027	protein_coding
GRM3	AvT	chr7	86643909	86864884	protein_coding
HSD3BP5	AvT	chr1	119601340	119609250	transcribed_unprocessed_pseudogene
SFMBT2	AvT	chr10	7158624	7411488	protein_coding
L1CAM	AvT	chrX	153861511	153886204	protein_coding
MFAP3L	AvT	chr4	169986597	170033031	protein_coding
TGM2	AvT	chr20	38127385	38168463	protein_coding
MIR429	AvT	chr1	1169005	1169087	miRNA
RNU5E-1	AvT	chr1	11908152	11908272	snRNA
RNU6-529P	AvT	chr10	87041238	87041341	snRNA
RNA5SP478	AvT	chr20	23160857	23160971	rRNA_pseudogene
ENSG00000203279	AvT	chr9	97157784	97238790	lncRNA
TDRKH-AS1	AvT	chr1	151790709	151794403	lncRNA
ZNF525	AvT	chr19	53365693	53392217	protein_coding
IQANK1	AvT	chr8	143734139	143790645	protein_coding
ENSG00000203635	AvT	chr2	1620510	1625419	lncRNA
CAPN8	AvT	chr1	223538007	223665723	protein_coding
SERTAD4-AS1	AvT	chr1	210231448	210234208	lncRNA
LINC02901	AvT	chr6	158869067	158948522	lncRNA
SAMD5	AvT	chr6	147508690	147737547	protein_coding
FAM229B	AvT	chr6	112087122	112104223	protein_coding
FANK1	AvT	chr10	125896538	126009595	protein_coding
PLPP4	AvT	chr10	120457227	120592065	protein_coding
PNLIPRP3	AvT	chr10	116427847	116477957	protein_coding
LDLRAD1	AvT	chr1	54007298	54018194	protein_coding
CT83	AvT	chrX	116461686	116462976	protein_coding
LIPK	AvT	chr10	88706249	88752776	protein_coding
LIPJ	AvT	chr10	88586753	88606976	protein_coding
INPP5B	AvT	chr1	37860696	37947077	protein_coding
LRRC37A5P	AvT	chr9	111609014	111609598	transcribed_unprocessed_pseudogene
GPRIN2	AvT	chr10	46541736	46557569	protein_coding
SYT15	AvT	chr10	46578217	46594173	protein_coding
PRRT1	AvT	chr6	32148323	32153083	protein_coding
VWA7	AvT	chr6	31765590	31777328	protein_coding
CARD16	AvT	chr11	105039092	105101431	protein_coding
C6orf15	AvT	chr6	31111223	31112575	protein_coding
MUC21	AvT	chr6	30983718	30989903	protein_coding
PRR3	AvT	chr6	30557274	30563723	protein_coding
TRIM15	AvT	chr6	30163194	30173160	protein_coding
TRIM31	AvT	chr6	30102886	30113090	protein_coding
ZFP57	AvT	chr6	29672483	29681155	protein_coding
CFAP95	AvT	chr9	69820815	69906655	protein_coding
MALRD1	AvT	chr10	19048801	19790401	protein_coding
IGKV1OR-3	AvT	chr9	65770955	65771434	IG_V_pseudogene
IGKV1OR9-1	AvT	chr9	65250543	65250826	IG_V_pseudogene
ODAD4	AvT	chr17	41930617	41966503	protein_coding
MROH6	AvT	chr8	143566192	143572772	protein_coding
FAM201A	AvT	chr9	38620474	38624990	lncRNA
GPR20	AvT	chr8	141356470	141367286	protein_coding
KRT40	AvT	chr17	40977715	40987135	protein_coding
PSG5	AvT	chr19	43166256	43186536	protein_coding
PCDHGA1	AvT	chr5	141330514	141512975	protein_coding
SPIRE2	AvT	chr16	89818179	89871319	protein_coding
AARD	AvT	chr8	116938207	116944487	protein_coding
SLFN12L	AvT	chr17	35464249	35537683	protein_coding
LINC02898	AvT	chr2	41935368	41956806	lncRNA
FRG2	AvT	chr4	190024367	190027257	protein_coding
CFAP96	AvT	chr4	185426014	185449828	protein_coding
ZBTB10	AvT	chr8	80485596	80526265	protein_coding
LGR4	AvT	chr11	27365961	27472821	protein_coding
PSMB10	AvT	chr16	67934506	67936864	protein_coding
NT5M	AvT	chr17	17303331	17347663	protein_coding
ENSG00000205325	AvT	chr17	14767583	14780686	lncRNA
ADGRG1	AvT	chr16	57610652	57665580	protein_coding
MT1A	AvT	chr16	56638202	56640087	protein_coding
CFI	AvT	chr4	109731008	109802195	protein_coding
SAMD9	AvT	chr7	93099513	93118023	protein_coding
EXOC3L4	AvT	chr14	103094538	103110570	protein_coding
CALML3-AS1	AvT	chr10	5510036	5551111	lncRNA
MUC19	AvT	chr12	40393395	40570832	protein_coding
DPF3	AvT	chr14	72609034	72894101	protein_coding
DENND1C	AvT	chr19	6467207	6482557	protein_coding
ARRDC5	AvT	chr19	4890437	4902948	protein_coding
ENSG00000205794	AvT	chr4	40043199	40044135	transcribed_processed_pseudogene
KLRC2	AvT	chr12	10426854	10442300	protein_coding
RFPL3S	AvT	chr22	32359886	32382106	lncRNA
ENSG00000205890	AvT	chr16	3032481	3039133	lncRNA
NYNRIN	AvT	chr14	24399003	24419304	protein_coding
TMEM191C	AvT	chr22	21466423	21471269	protein_coding
HBA1	AvT	chr16	176680	177522	protein_coding
LINC02346	AvT	chr15	25902119	26053125	lncRNA
ATP10A	AvT	chr15	25677273	25865184	protein_coding
ANKRD20A9P	AvT	chr13	18816718	18871967	transcribed_unprocessed_pseudogene
H1-10-AS1	AvT	chr3	129315392	129391296	lncRNA
VGLL3	AvT	chr3	86876388	86991149	protein_coding
COLQ	AvT	chr3	15450132	15521928	protein_coding
RNVU1-15	AvT	chr1	144412576	144412740	snRNA
MIR200A	AvT	chr1	1167863	1167952	miRNA
MIR200B	AvT	chr1	1167104	1167198	miRNA
DIO2	AvT	chr14	80197526	80387757	protein_coding
AKR7L	AvT	chr1	19265982	19274194	protein_coding
PRR22	AvT	chr19	5782960	5784746	protein_coding
LINC02693	AvT	chr17	21428263	21574517	lncRNA
KRTAP2-3	AvT	chr17	41059240	41060114	protein_coding
RTL8B	AvT	chrX	135020513	135022542	protein_coding
RNF208	AvT	chr9	137220246	137222290	protein_coding
MAP10	AvT	chr1	232805416	232809929	protein_coding
DENND1B	AvT	chr1	197504748	197775706	protein_coding
LPAL2	AvT	chr6	160453428	160511007	transcribed_unprocessed_pseudogene
YBX1P4	AvT	chr7	152128879	152129686	processed_pseudogene
ARHGEF35	AvT	chr7	144182888	144195879	protein_coding
FIRRE	AvT	chrX	131688779	131830928	lncRNA
GBP7	AvT	chr1	89131742	89176062	protein_coding
DNAJC9	AvT	chr10	73183362	73247280	protein_coding
RPL21P70	AvT	chr2	31290762	31291604	processed_pseudogene
RPL31P44	AvT	chr10	52389112	52389488	processed_pseudogene
S1PR3	AvT	chr9	88990863	89005155	protein_coding
KRT8P37	AvT	chr10	8513687	8515106	transcribed_processed_pseudogene
DNASE1	AvT	chr16	3611728	3680143	protein_coding
CLDN9	AvT	chr16	3012923	3014505	protein_coding
ENSG00000213976	AvT	chr19	21382865	21387177	unprocessed_pseudogene
UCA1	AvT	chr19	15828206	15836328	lncRNA
FBXO16	AvT	chr8	28348287	28490278	protein_coding
TSPAN4	AvT	chr11	840686	867120	protein_coding
CPSF1P1	AvT	chr22	32269381	32273110	transcribed_processed_pseudogene
CYP4F30P	AvT	chr2	130681229	130681955	transcribed_unprocessed_pseudogene
LINC00887	AvT	chr3	194200261	194324520	lncRNA
SH3D21	AvT	chr1	36306368	36329340	protein_coding
SCART1	AvT	chr10	133453928	133523558	protein_coding
POU2AF3	AvT	chr11	111298546	111308735	protein_coding
AZGP1P1	AvT	chr7	99980762	99987535	transcribed_unprocessed_pseudogene
NEURL1B	AvT	chr5	172641248	172691540	protein_coding
STARD10	AvT	chr11	72753216	72794047	protein_coding
LINC01913	AvT	chr2	41860155	41894050	lncRNA
ENSG00000214797	AvT	chr11	59268876	59284033	lncRNA
KRT16P3	AvT	chr17	20501669	20504283	transcribed_unprocessed_pseudogene
KRT16P1	AvT	chr17	18439985	18442734	transcribed_unprocessed_pseudogene
LINC01588	AvT	chr14	49927213	50105121	lncRNA
HLA-F-AS1	AvT	chr6	29707518	29828496	lncRNA
CRPPA	AvT	chr7	16087525	16502504	protein_coding
CD27-AS1	AvT	chr12	6439001	6452092	lncRNA
GRID2IP	AvT	chr7	6496778	6551461	protein_coding
ENSG00000215146	AvT	chr10	42336101	42353011	transcribed_unprocessed_pseudogene
MUC5AC	AvT	chr11	1157953	1201138	protein_coding
MIR99AHG	AvT	chr21	15928296	16646364	lncRNA
LINC00598	AvT	chr13	40079106	40535807	lncRNA
TPTE2P4	AvT	chrY	26508213	26579690	transcribed_unprocessed_pseudogene
ENSG00000215512	AvT	chr18	15307663	15330282	transcribed_unprocessed_pseudogene
ANKRD20A11P	AvT	chr21	13909574	13979911	transcribed_unprocessed_pseudogene
ZNF962P	AvT	chr13	18467172	18485448	unprocessed_pseudogene
ARHGAP27P1-BPTFP1-KPNA2P3	AvT	chr17	64749663	64781707	lncRNA
TNFRSF25	AvT	chr1	6460786	6466181	protein_coding
THAP3P1	AvT	chr1	104073010	104073537	transcribed_processed_pseudogene
IGSF23	AvT	chr19	44613563	44636787	protein_coding
ENSG00000217275	AvT	chr6	26202156	26202654	transcribed_processed_pseudogene
ENSG00000217455	AvT	chr7	3074453	3194812	lncRNA
PTPN11BP	AvT	chr1	1063079	1069355	transcribed_unprocessed_pseudogene
TENM3	AvT	chr4	182143918	182803024	protein_coding
LINC01644	AvT	chr22	47402297	47488149	lncRNA
UMAD1	AvT	chr7	7640661	7968020	protein_coding
FAM228B	AvT	chr2	24076526	24169642	protein_coding
ZNF433-AS1	AvT	chr19	11987617	12046275	lncRNA
YAP1P1	AvT	chr6	147406889	147408281	processed_pseudogene
ZNF816-ZNF321P	AvT	chr19	52928475	52962823	protein_coding
PSG7	AvT	chr19	42924132	42937207	protein_coding
ZNF880	AvT	chr19	52369917	52393738	protein_coding
SLC12A8	AvT	chr3	125082636	125213229	protein_coding
APOL6	AvT	chr22	35648386	35668404	protein_coding
FADS3	AvT	chr11	61873519	61892136	protein_coding
MYBPHL	AvT	chr1	109292363	109307213	protein_coding
ENSG00000222042	AvT	chr21	25169427	25362494	lncRNA
FTH1P10	AvT	chr5	17353875	17354424	transcribed_processed_pseudogene
LINC01778	AvT	chr1	30824000	30834864	lncRNA
LINC01615	AvT	chr6	169157162	169182878	lncRNA
RPL23AP53	AvT	chr8	213251	213707	transcribed_processed_pseudogene
ENSG00000223523	AvT	chr2	188596444	188839445	lncRNA
CKMT1A	AvT	chr15	43692886	43702501	protein_coding
TINCR	AvT	chr19	5558167	5578349	protein_coding
IGSF3P2	AvT	chr2	91736726	91767439	transcribed_unprocessed_pseudogene
SIRPB3P	AvT	chr20	1665283	1708200	transcribed_unprocessed_pseudogene
LINC02593	AvT	chr1	916865	925614	lncRNA
PRR15-DT	AvT	chr7	29471325	29685255	lncRNA
HLA-DPB1	AvT	chr6	33073786	33089696	protein_coding
ENSG00000223867	AvT	chr7	16938225	16938557	processed_pseudogene
KRT8P8	AvT	chrX	152479577	152481024	processed_pseudogene
SNHG14	AvT	chr15	24978583	25420336	lncRNA
SLC44A3-AS1	AvT	chr1	94672918	94674161	transcribed_processed_pseudogene
CYP4F25P	AvT	chr9	64465463	64466498	transcribed_unprocessed_pseudogene
INHBA-AS1	AvT	chr7	41693884	41779388	lncRNA
SNX18P9	AvT	chr9	64439346	64440180	transcribed_processed_pseudogene
PITX1-AS1	AvT	chr5	135033280	135358219	lncRNA
LINC01133	AvT	chr1	159941373	160025027	lncRNA
ENSG00000224260	AvT	chr1	209516746	209567795	lncRNA
PINCR	AvT	chrX	43176986	43226598	lncRNA
LINC01527	AvT	chr1	152930040	152949210	lncRNA
ANKRD30BP2	AvT	chr21	13038208	13067033	transcribed_unprocessed_pseudogene
GTF2IP5	AvT	chr7	65773620	65802067	transcribed_unprocessed_pseudogene
RPL12P14	AvT	chr1	15792796	15793285	processed_pseudogene
ENSG00000224376	AvT	chr2	231388976	231395125	lncRNA
C4B	AvT	chr6	32014730	32035973	protein_coding
KRT8P45	AvT	chr1	157073257	157074703	processed_pseudogene
MIR3659HG	AvT	chr1	38031125	38119530	lncRNA
ZMIZ1-AS1	AvT	chr10	78834497	79068530	lncRNA
LINC00885	AvT	chr3	196141940	196193538	lncRNA
ENSG00000224715	AvT	chr22	47329227	47373541	lncRNA
MUC20P1	AvT	chr3	195614947	195620233	transcribed_unprocessed_pseudogene
DUX4L9	AvT	chr4	190021407	190022665	unprocessed_pseudogene
LINC00393	AvT	chr13	73412982	73662210	lncRNA
POT1-AS1	AvT	chr7	124929862	125482966	lncRNA
ENSG00000224905	AvT	chr21	14027363	14175307	lncRNA
LINC02262	AvT	chr4	117314597	117360655	lncRNA
PRRT4	AvT	chr7	128350325	128361690	protein_coding
MIR137HG	AvT	chr1	97933474	98054717	lncRNA
ENSG00000225258	AvT	chr2	180571712	180692454	lncRNA
LINC01770	AvT	chr1	1429194	1435625	lncRNA
ARL6IP1P2	AvT	chr10	36995023	36995585	processed_pseudogene
IGKV1OR9-2	AvT	chr9	40641841	40642117	IG_V_pseudogene
SFTA1P	AvT	chr10	10784436	10798639	lncRNA
ENSG00000225407	AvT	chr5	76691439	76716215	lncRNA
LINC01107	AvT	chr2	238498678	238555054	lncRNA
LINC02476	AvT	chr7	119495024	119950825	lncRNA
C2CD4D	AvT	chr1	151837818	151840557	protein_coding
ENSG00000225594	AvT	chr2	132087289	132102564	unprocessed_pseudogene
ENSG00000225676	AvT	chr22	30182818	30207255	lncRNA
FAM225B	AvT	chr9	113095149	113111543	lncRNA
SLC26A6	AvT	chr3	48625718	48635493	protein_coding
ENSG00000225703	AvT	chr7	76971083	76977039	lncRNA
ENSG00000225720	AvT	chr22	39091586	39092110	transcribed_unprocessed_pseudogene
TMEM230P1	AvT	chrX	107939263	107939642	processed_pseudogene
ACE2-DT	AvT	chrX	15602858	15621485	lncRNA
FRG2B	AvT	chr10	133623895	133626795	protein_coding
ENSG00000225963	AvT	chr2	230121370	230174223	lncRNA
GTF2IP14	AvT	chr7	65084103	65100232	transcribed_unprocessed_pseudogene
FAM88F	AvT	chr9	62532318	62632880	lncRNA
ENSG00000226197	AvT	chr9	13323319	13836651	lncRNA
LEMD1-AS1	AvT	chr1	205373219	205422954	lncRNA
GAS1RR	AvT	chr9	86948583	87013294	lncRNA
TMEM191A	AvT	chr22	20702007	20704490	transcribed_unprocessed_pseudogene
NPY6R	AvT	chr5	137808211	137809322	transcribed_unitary_pseudogene
ENSG00000226329	AvT	chr7	22863874	22881350	transcribed_unprocessed_pseudogene
IFNA20P	AvT	chr9	21321300	21321827	unprocessed_pseudogene
LINC02542	AvT	chr6	81843774	82169391	lncRNA
CYP4F26P	AvT	chr9	33580695	33607874	lncRNA
ENSG00000226592	AvT	chr7	145269514	145270384	processed_pseudogene
FTLP3	AvT	chr20	4023917	4024444	processed_pseudogene
TEX41	AvT	chr2	144666312	145262988	lncRNA
FAM66C	AvT	chr12	8180204	8226278	lncRNA
LINC00840	AvT	chr10	43778946	43901405	lncRNA
SUGT1P1	AvT	chr9	33503655	33510711	transcribed_unprocessed_pseudogene
LINC00348	AvT	chr13	71015042	71168417	lncRNA
ERVMER34-1	AvT	chr4	52722618	52751897	protein_coding
ENSG00000226904	AvT	chr9	68222231	68229312	lncRNA
BSN-DT	AvT	chr3	49534453	49554374	lncRNA
ENSG00000226965	AvT	chr7	110108030	110534923	lncRNA
ENSG00000226990	AvT	chr10	8329226	8463531	lncRNA
FKBP14-AS1	AvT	chr7	29988600	30027543	lncRNA
SLC8A1-AS1	AvT	chr2	39786453	40255209	lncRNA
GTF2IP7	AvT	chr7	76099440	76101408	transcribed_unprocessed_pseudogene
ENSG00000227066	AvT	chr1	20154117	20160568	lncRNA
LMCD1-AS1	AvT	chr3	7951263	8611961	lncRNA
ENSG00000227120	AvT	chr2	95436133	95436556	transcribed_processed_pseudogene
ZNF717	AvT	chr3	75678660	75785591	protein_coding
ST7-AS1	AvT	chr7	116952446	116954334	lncRNA
ZNF692-DT	AvT	chr1	248859161	248864818	lncRNA
SMIM2-AS1	AvT	chr13	44110361	44240517	lncRNA
KRT16P2	AvT	chr17	16829999	16832753	transcribed_unprocessed_pseudogene
ENSG00000227355	AvT	chr9	121369530	121548655	lncRNA
GOLGA7B-DT	AvT	chr10	97818479	97851012	lncRNA
SLC9B1P4	AvT	chr22	16428947	16476870	unprocessed_pseudogene
HPN-AS1	AvT	chr19	35027447	35106898	lncRNA
ENSG00000227479	AvT	chr2	240227474	240256429	lncRNA
ENSG00000227486	AvT	chrX	55908037	56209271	lncRNA
ENSG00000227496	AvT	chr1	225685933	225752258	lncRNA
SLC2A1-DT	AvT	chr1	42959028	42996814	lncRNA
ENSG00000227606	AvT	chr19	43153279	43160862	lncRNA
ALG1L8P	AvT	chr11	67785273	67792335	transcribed_unprocessed_pseudogene
STEAP2-AS1	AvT	chr7	89882353	90211665	lncRNA
LINC00111	AvT	chr21	41679181	41697336	lncRNA
CALR4P	AvT	chr1	51561866	51594897	transcribed_unitary_pseudogene
ENSG00000227745	AvT	chr2	132132856	132139429	unprocessed_pseudogene
NTRAS	AvT	chr1	211639440	211654627	lncRNA
ENSG00000227803	AvT	chr6	20212011	20355310	lncRNA
ENSG00000227885	AvT	chr6	53724325	53794904	lncRNA
RAPGEF4-AS1	AvT	chr2	172677132	172736367	lncRNA
ENSG00000228033	AvT	chr2	52722669	52961484	lncRNA
ENSG00000228222	AvT	chr2	167293171	167558333	lncRNA
CYP4F29P	AvT	chr21	13846759	13847713	transcribed_unprocessed_pseudogene
MIR646HG	AvT	chr20	60047154	60653784	lncRNA
REL-DT	AvT	chr2	60823069	60882232	lncRNA
RRAGC-DT	AvT	chr1	38859886	38965038	lncRNA
LINC01546	AvT	chrX	3271504	3291550	lncRNA
FNDC10	AvT	chr1	1598012	1600135	protein_coding
LALTOP	AvT	chr2	1447968	1620113	lncRNA
HOTAIR	AvT	chr12	53962308	53975055	lncRNA
ROCR	AvT	chr17	71829870	72058073	lncRNA
ENSG00000228643	AvT	chr2	285770	301515	lncRNA
PPIAP59	AvT	chr19	50927079	50927571	processed_pseudogene
CES1P1	AvT	chr16	55760642	55793960	transcribed_unprocessed_pseudogene
ENSG00000228707	AvT	chr9	116012361	116012965	lncRNA
MIR365BHG	AvT	chr17	31571074	31575659	lncRNA
THRB-AS1	AvT	chr3	24493985	24681711	lncRNA
PCMTD1-DT	AvT	chr8	51899229	52022974	lncRNA
MIR4500HG	AvT	chr13	87427183	87674235	lncRNA
ENSG00000228826	AvT	chr1	121464699	121519630	lncRNA
ENSG00000228933	AvT	chrX	27016335	27399033	lncRNA
LINC01038	AvT	chr13	79804309	79805689	lncRNA
VIM-AS1	AvT	chr10	17214239	17230029	lncRNA
CCDC26	AvT	chr8	128634199	129723023	lncRNA
SNX18P4	AvT	chr9	66082350	66083187	transcribed_processed_pseudogene
EPHA1-AS1	AvT	chr7	143407562	143523449	lncRNA
LINC00382	AvT	chr13	79872581	79918042	lncRNA
ENSG00000229195	AvT	chr2	165794857	165846230	lncRNA
ENSG00000229257	AvT	chr9	137054133	137062829	lncRNA
ENSG00000229459	AvT	chr7	46261064	46294469	lncRNA
NKX1-2	AvT	chr10	124445243	124450035	protein_coding
ENSG00000229618	AvT	chr7	12726152	13751920	lncRNA
MYOSLID	AvT	chr2	207165961	207253323	lncRNA
ANKRD33BP1	AvT	chr2	95525345	95527220	transcribed_unprocessed_pseudogene
FAM242E	AvT	chr9	61890586	61911123	lncRNA
ENSG00000229771	AvT	chr20	40693988	40866186	lncRNA
LINC02624	AvT	chr10	106140143	106188722	lncRNA
ENSG00000229848	AvT	chr17	81514047	81527776	lncRNA
CASC20	AvT	chr20	6446723	6580186	lncRNA
TAX1BP1-AS1	AvT	chr7	27689111	27740395	lncRNA
ENSG00000229962	AvT	chr21	25453289	25567169	lncRNA
ENSG00000229970	AvT	chr7	8262264	8344516	lncRNA
LINC01435	AvT	chr10	107694973	108522143	lncRNA
TEX53	AvT	chr9	114656304	114662374	protein_coding
LINC01433	AvT	chr20	4192932	4195953	lncRNA
HSDL2-AS1	AvT	chr9	112399183	112487204	lncRNA
IFITM3P4	AvT	chr7	56163145	56163533	processed_pseudogene
LINC03125	AvT	chr20	23159587	23190419	lncRNA
ANKRD18B	AvT	chr9	33524251	33608848	protein_coding
LNCTSI	AvT	chr21	36430289	36627435	lncRNA
ENSG00000230490	AvT	chr13	33354744	33676883	lncRNA
ENSG00000230498	AvT	chr1	77081984	77086402	lncRNA
ENSG00000230521	AvT	chr6	29887294	29888268	transcribed_unprocessed_pseudogene
KMT2CP5	AvT	chr2	91696452	91714745	transcribed_unprocessed_pseudogene
ENSG00000230615	AvT	chr1	44030414	44115913	lncRNA
ENSG00000230637	AvT	chr22	25327252	25339975	transcribed_unprocessed_pseudogene
GGTLC4P	AvT	chr22	24248074	24249466	transcribed_unprocessed_pseudogene
ENSG00000230834	AvT	chr11	1771630	1778587	lncRNA
OCLNP1	AvT	chr5	71074225	71093193	transcribed_unprocessed_pseudogene
SNX18P13	AvT	chr21	13905960	13906488	processed_pseudogene
ENSG00000230990	AvT	chr20	11234170	11301584	lncRNA
FDPSP7	AvT	chr7	76968197	76969250	processed_pseudogene
LNCAROD	AvT	chr10	52445975	52755570	lncRNA
SPRY4-AS1	AvT	chr5	142325177	142761042	lncRNA
KRT8P10	AvT	chr2	183071040	183072486	processed_pseudogene
ITPR1-DT	AvT	chr3	4479281	4493205	lncRNA
APCDD1L-DT	AvT	chr20	58515379	58623080	lncRNA
IGKV1OR2-108	AvT	chr2	113406396	113406872	IG_V_gene
LINC00689	AvT	chr7	159006492	159030195	lncRNA
FAM27C	AvT	chr9	61854038	62096920	lncRNA
FAM225A	AvT	chr9	113111624	113119928	lncRNA
SLC47A1P2	AvT	chr17	19615789	19633132	transcribed_unprocessed_pseudogene
LINC01698	AvT	chr1	209350401	209380518	lncRNA
LINC01704	AvT	chr1	158131983	158149810	lncRNA
LINC01090	AvT	chr2	187711775	188384400	lncRNA
TMSB15B-AS1	AvT	chrX	103845151	103919548	lncRNA
CHODL-AS1	AvT	chr21	17835016	17885608	lncRNA
ENSG00000231769	AvT	chr6	46096004	46129857	lncRNA
ENSG00000231856	AvT	chr13	51803838	51813834	lncRNA
KRT17P3	AvT	chr17	30567700	30571748	transcribed_unprocessed_pseudogene
ENSG00000231881	AvT	chr6	44058792	44089288	lncRNA
ENSG00000231901	AvT	chr9	117840322	117897256	lncRNA
NRXN1-DT	AvT	chr2	51032601	52407917	lncRNA
PSG1	AvT	chr19	42866464	42879822	protein_coding
CT69	AvT	chr6	134428239	134524668	lncRNA
ENSG00000232072	AvT	chr7	46890625	47049678	lncRNA
LINC01873	AvT	chr2	66383306	66392450	lncRNA
ENSG00000232176	AvT	chr9	19200335	19201046	processed_pseudogene
GRHL3-AS1	AvT	chr1	24307556	24321903	lncRNA
LINC03002	AvT	chr6	134524505	134689399	lncRNA
LINC02518	AvT	chr6	113345749	113441455	lncRNA
SEMA3B-AS1	AvT	chr3	50265974	50276052	lncRNA
FTLP2	AvT	chrX	30630298	30630825	processed_pseudogene
CABP7-DT	AvT	chr22	29705256	29719926	lncRNA
TGFB2-AS1	AvT	chr1	218344145	218347866	lncRNA
ENSG00000232546	AvT	chr7	66848496	66858136	transcribed_unprocessed_pseudogene
LINC00665	AvT	chr19	36259540	36331770	lncRNA
LINC03033	AvT	chr14	61570405	61658696	lncRNA
LINC01162	AvT	chr7	20835326	21023367	lncRNA
BRWD1P3	AvT	chr7	17033089	17033478	processed_pseudogene
CYP1B1-AS1	AvT	chr2	38073447	38231651	lncRNA
ENSG00000233017	AvT	chr20	62427769	62447680	lncRNA
PHGR1	AvT	chr15	40351033	40356434	protein_coding
ENSG00000233085	AvT	chr6	169286532	169292503	lncRNA
LINC00456	AvT	chr13	97117149	97187578	lncRNA
ENSG00000233275	AvT	chr2	95434759	95435113	transcribed_processed_pseudogene
IATPR	AvT	chr10	33055799	33116817	lncRNA
LINC01783	AvT	chr1	16514977	16535707	lncRNA
CDHR17P	AvT	chr7	81489472	81608710	transcribed_unitary_pseudogene
TMEM238	AvT	chr19	55379244	55384292	protein_coding
LINC00460	AvT	chr13	106374477	106384315	lncRNA
ENSG00000233539	AvT	chr7	46673785	46759851	lncRNA
LINC01392	AvT	chr7	115061537	115231355	lncRNA
TWIST2	AvT	chr2	238848032	238910534	protein_coding
ENSG00000233633	AvT	chr2	556498	578145	lncRNA
NRAD1	AvT	chr13	43908669	44042929	lncRNA
UFL1-AS1	AvT	chr6	96199810	96521745	lncRNA
IFNA13	AvT	chr9	21367372	21368057	protein_coding
GIRGL	AvT	chr7	20188113	20221710	lncRNA
ENSG00000233836	AvT	chr19	23790772	23833314	transcribed_unprocessed_pseudogene
LINC01503	AvT	chr9	129320968	129359549	lncRNA
LINC01694	AvT	chr21	45590717	45603088	lncRNA
MT1XP1	AvT	chr1	16241213	16241398	transcribed_processed_pseudogene
KRTAP5-AS1	AvT	chr11	1571353	1620791	lncRNA
ENSG00000233967	AvT	chr6	80390987	80466674	lncRNA
ENSG00000233978	AvT	chr2	43041193	43043782	lncRNA
LINC02433	AvT	chr4	157572470	157576154	lncRNA
AKAP8P1	AvT	chr9	11011748	11013096	processed_pseudogene
ENSG00000234147	AvT	chr6	140575530	140898472	lncRNA
ENSG00000234160	AvT	chr9	37509150	37510299	lncRNA
ZNF879	AvT	chr5	179023804	179035064	protein_coding
JAZF1-AS1	AvT	chr7	28180322	28243917	lncRNA
ENSG00000234338	AvT	chr7	64835280	64836882	processed_pseudogene
SNX18P7	AvT	chr9	33576380	33577014	transcribed_processed_pseudogene
OBI1-AS1	AvT	chr13	77919689	78617334	lncRNA
ENSG00000234396	AvT	chr1	2212523	2220738	lncRNA
CCDC188	AvT	chr22	20148416	20151055	protein_coding
LINC02765	AvT	chr1	225439845	225473786	lncRNA
ENSG00000234477	AvT	chr17	40921430	40975926	lncRNA
SOD1-DT	AvT	chr21	31624034	31659500	lncRNA
ELF3-AS1	AvT	chr1	201995696	202010463	lncRNA
SEC61G-DT	AvT	chr7	54759283	54814588	lncRNA
LINC02621	AvT	chr10	62289521	62304033	lncRNA
JUN-DT	AvT	chr1	58784166	59240555	lncRNA
ENSG00000234819	AvT	chr9	78219120	78219357	processed_pseudogene
LINC01239	AvT	chr9	22640681	22824213	lncRNA
LINC02925	AvT	chr22	46537892	46557010	lncRNA
OFD1P15Y	AvT	chrY	26055779	26088493	transcribed_unprocessed_pseudogene
SOX9-AS1	AvT	chr17	72067099	72237203	lncRNA
LINC02966	AvT	chr2	113282181	113431913	lncRNA
CDK5R2-AS1	AvT	chr2	218899739	218962135	lncRNA
ENSG00000235070	AvT	chr2	226086623	226185651	lncRNA
ARNILA	AvT	chr2	25369136	25376895	lncRNA
ANKRD65	AvT	chr1	1415637	1421769	protein_coding
BRD3OS	AvT	chr9	134025429	134034666	protein_coding
LINC02532	AvT	chr6	106705328	106824178	lncRNA
SMIM1	AvT	chr1	3772655	3776709	protein_coding
IL2RB-AS1	AvT	chr22	37166743	37182931	lncRNA
KRT18P16	AvT	chr5	123636110	123637403	processed_pseudogene
LINC00957	AvT	chr7	44039049	44044375	lncRNA
SPAAR	AvT	chr9	35909488	35937153	protein_coding
CNN3-DT	AvT	chr1	94926381	95067545	lncRNA
MSC-AS1	AvT	chr8	71828167	72118393	lncRNA
ENSG00000235610	AvT	chr2	223489090	223528308	lncRNA
ENSG00000235659	AvT	chr9	61861469	61869202	lncRNA
LINC00607	AvT	chr2	215611563	215925887	lncRNA
B3GALT4	AvT	chr6	33277123	33284832	protein_coding
RBMS3-AS3	AvT	chr3	29054570	29290726	lncRNA
NEXN-AS1	AvT	chr1	77881348	77889539	lncRNA
H2BW3P	AvT	chrX	104062101	104062988	transcribed_unprocessed_pseudogene
ENSG00000235959	AvT	chr2	95640181	95640604	transcribed_processed_pseudogene
LINC02941	AvT	chr6	139976352	140146226	lncRNA
HSPB1P1	AvT	chr9	72007881	72008136	processed_pseudogene
BNIP3P2	AvT	chr22	15349467	15350043	processed_pseudogene
SCN1A-AS1	AvT	chr2	165957188	166390771	lncRNA
CEACAMP11	AvT	chr19	43278933	43284318	unprocessed_pseudogene
CD101-AS1	AvT	chr1	117025481	117060845	lncRNA
ENSG00000236145	AvT	chr2	121178327	121182580	lncRNA
ENSG00000236230	AvT	chr1	222086146	222389103	lncRNA
ENSG00000236235	AvT	chr22	15290718	15297196	unprocessed_pseudogene
GACAT3	AvT	chr2	16013928	16087201	lncRNA
LINC02653	AvT	chr10	90402521	90628981	lncRNA
CTSLP1	AvT	chr10	87386685	87390203	transcribed_unprocessed_pseudogene
ENSG00000236431	AvT	chr2	95536117	95536495	processed_pseudogene
FAM157A	AvT	chr3	198180755	198190365	transcribed_unprocessed_pseudogene
ENSG00000236469	AvT	chr2	71000440	71064746	lncRNA
ENSG00000236494	AvT	chr7	33793153	33803205	lncRNA
ENSG00000236601	AvT	chr1	356138	366052	lncRNA
FIBCD1-AS1	AvT	chr9	130933804	130945527	lncRNA
ARHGEF38	AvT	chr4	105552620	105708093	protein_coding
LINC01186	AvT	chrX	46256759	46327716	lncRNA
ENSG00000236829	AvT	chr16	386763	387233	transcribed_processed_pseudogene
ZKSCAN7-AS1	AvT	chr3	44553148	44685676	lncRNA
LINC02827	AvT	chr12	3300084	3325343	lncRNA
ENSG00000236921	AvT	chr9	22203798	22216807	lncRNA
LINC01378	AvT	chr4	117360565	117691188	lncRNA
LINC02851	AvT	chr9	6644522	6727438	lncRNA
GGT8P	AvT	chr2	91775944	91781169	unprocessed_pseudogene
FABP5P1	AvT	chr13	73100575	73100985	processed_pseudogene
HAND2-AS1	AvT	chr4	173521334	173697469	lncRNA
CKMT1B	AvT	chr15	43593054	43604901	protein_coding
RNF223	AvT	chr1	1070967	1074306	protein_coding
MGC27382	AvT	chr1	78222433	78369464	lncRNA
ENSG00000237464	AvT	chr20	45487381	45557424	lncRNA
ENSG00000237471	AvT	chr7	45940449	46000898	lncRNA
LINC01637	AvT	chr22	20957092	20964881	lncRNA
ENSG00000237498	AvT	chr2	82476825	82538711	lncRNA
GPAT2P1	AvT	chr2	95792220	95800166	transcribed_unprocessed_pseudogene
SHISA9	AvT	chr16	12901598	13240416	protein_coding
ENSG00000237588	AvT	chr1	156687695	156691997	lncRNA
IGKV1OR10-1	AvT	chr10	42185339	42185791	IG_V_pseudogene
DYRK3-AS1	AvT	chr1	206634133	206636239	lncRNA
ENSG00000237640	AvT	chr7	99919561	99948620	lncRNA
SCIRT	AvT	chr6	43931505	44074685	lncRNA
AMY1A	AvT	chr1	103650592	103664629	protein_coding
LINC02984	AvT	chr8	53393077	53524336	lncRNA
LINC01473	AvT	chr2	186032041	186486584	lncRNA
PRKCQ-AS1	AvT	chr10	6580419	6616921	lncRNA
RPL35P1	AvT	chr1	236981339	236981708	processed_pseudogene
LINC01808	AvT	chr2	19468997	19520102	lncRNA
LNCATV	AvT	chr1	234957342	234970062	lncRNA
LINC00426	AvT	chr13	30316360	30377145	lncRNA
TNFRSF14-AS1	AvT	chr1	2540861	2557059	lncRNA
OR7E7P	AvT	chr7	97946987	97947998	transcribed_unprocessed_pseudogene
IFNWP19	AvT	chr9	21455484	21456049	unprocessed_pseudogene
ASB14	AvT	chr3	57268342	57292685	protein_coding
CYP4F62P	AvT	chr2	130439285	130440296	transcribed_unprocessed_pseudogene
ENSG00000239572	AvT	chr3	87641412	87793629	lncRNA
APOBEC3G	AvT	chr22	39077059	39087743	protein_coding
ENSG00000239991	AvT	chr3	55162566	55178107	lncRNA
LINC02004	AvT	chr3	134312144	134341848	lncRNA
TEX35	AvT	chr1	178513109	178548602	protein_coding
SNHG33	AvT	chr3	183451741	183455335	transcribed_unprocessed_pseudogene
ENSG00000240040	AvT	chr2	88811186	88861563	lncRNA
SMKR1	AvT	chr7	129502531	129512918	protein_coding
CPHL1P	AvT	chr3	149229431	149276664	transcribed_unitary_pseudogene
TM4SF1-AS1	AvT	chr3	149354658	149386604	lncRNA
ENSG00000240687	AvT	chr2	9631167	9713301	lncRNA
LINC03014	AvT	chr7	149549	165520	lncRNA
HOXA11-AS	AvT	chr7	27184507	27189298	lncRNA
HLA-DOB	AvT	chr6	32812763	32820466	protein_coding
LINC02614	AvT	chr3	125782336	125916427	lncRNA
LINC01487	AvT	chr3	155240908	155258766	lncRNA
ENSG00000241449	AvT	chr7	150033653	150076655	lncRNA
ENSG00000241679	AvT	chr3	143083988	143152387	lncRNA
ARPC1A	AvT	chr7	99325880	99366267	protein_coding
XACT	AvT	chrX	113616300	114059289	lncRNA
RPSAP52	AvT	chr12	65758121	65758998	transcribed_processed_pseudogene
LINC03000	AvT	chr5	164296349	165172698	lncRNA
ENSG00000242078	AvT	chr7	129783370	129785185	lncRNA
LASTR	AvT	chr10	5594980	5635925	lncRNA
RPL7AP27	AvT	chr4	188349376	188350024	processed_pseudogene
MAT2AP1	AvT	chr3	112696908	112697706	unprocessed_pseudogene
MBL1P	AvT	chr10	79920327	79923032	transcribed_unitary_pseudogene
FAM86LP	AvT	chr7	6931684	6939603	transcribed_unprocessed_pseudogene
CD200R1L-AS1	AvT	chr3	112802478	112812819	lncRNA
EPS15P1	AvT	chr7	46782800	46783135	transcribed_processed_pseudogene
TDRD6-AS1	AvT	chr6	46670427	46688295	lncRNA
MACC1-OT1	AvT	chr7	19898489	20140453	lncRNA
PSG4	AvT	chr19	43192702	43207299	protein_coding
ENSG00000243225	AvT	chr14	76968683	76969145	processed_pseudogene
PRAF2	AvT	chrX	49071161	49074017	protein_coding
VSIG8	AvT	chr1	159854316	159862657	protein_coding
AOX2P	AvT	chr2	200738608	200791630	transcribed_unprocessed_pseudogene
WFDC6	AvT	chr20	45534196	45539482	protein_coding
UPK3B	AvT	chr7	76510525	76516522	protein_coding
ENSG00000243620	AvT	chr3	146881783	147370656	lncRNA
LINC00880	AvT	chr3	157074061	157128595	lncRNA
OR7E66P	AvT	chr3	75347833	75348787	unprocessed_pseudogene
RPLP0P2	AvT	chr11	61636680	61637640	transcribed_processed_pseudogene
APOBEC3D	AvT	chr22	39021113	39033277	protein_coding
WDR86-AS1	AvT	chr7	151408943	151414243	lncRNA
UBE2H-DT	AvT	chr7	129953068	130026989	lncRNA
DNAJC25-GNG10	AvT	chr9	111631386	111670229	protein_coding
LINC01322	AvT	chr3	165206440	165846519	lncRNA
P2RY11	AvT	chr19	10111693	10115372	protein_coding
ARHGEF35-AS1	AvT	chr7	144194858	144300934	lncRNA
RN7SL636P	AvT	chr20	50429190	50429483	misc_RNA
LINC01213	AvT	chr3	150039083	150244234	lncRNA
LINC02453	AvT	chr12	98442410	98503916	lncRNA
A2M-AS1	AvT	chr12	9065163	9068689	lncRNA
USP2-AS1	AvT	chr11	119356467	119659284	lncRNA
RORA-AS1	AvT	chr15	60479151	60630637	lncRNA
LNCRNA-IUR	AvT	chr11	95150499	95309854	lncRNA
LINC02202	AvT	chr5	159099960	159162049	lncRNA
CEBPA	AvT	chr19	33299934	33302534	protein_coding
GS1-24F4.2	AvT	chr8	6835515	6885358	lncRNA
NSMCE1-DT	AvT	chr16	27268205	27290492	lncRNA
BTG1-DT	AvT	chr12	92144900	92252555	lncRNA
TNFRSF10B-AS1	AvT	chr8	23068229	23083619	lncRNA
RRS1-DT	AvT	chr8	66209800	66432399	lncRNA
PRR7-AS1	AvT	chr5	177433655	177455513	lncRNA
PPM1K-DT	AvT	chr4	88283967	88370797	lncRNA
LINC00968	AvT	chr8	56494305	56560407	lncRNA
LINC02481	AvT	chr4	6680936	6693673	lncRNA
RASSF8-AS1	AvT	chr12	25936683	25959765	lncRNA
SOCS2-AS1	AvT	chr12	93501115	93571768	lncRNA
ENSG00000247134	AvT	chr8	32927913	33076792	lncRNA
LY6E-DT	AvT	chr8	142981707	143018626	lncRNA
GPRC5D-AS1	AvT	chr12	12927682	13022056	lncRNA
ARHGAP42-AS1	AvT	chr11	100684161	100687968	lncRNA
INSL3	AvT	chr19	17816512	17821574	protein_coding
NFKB1-AS1	AvT	chr4	102418602	102502487	lncRNA
LINC03140	AvT	chr4	128567933	128570531	lncRNA
WHAMMP2	AvT	chr15	28737583	28754869	transcribed_unprocessed_pseudogene
ST13P12	AvT	chr5	82968888	82977153	processed_pseudogene
GASK1B-AS1	AvT	chr4	158170752	158202877	lncRNA
ENSG00000248491	AvT	chr4	127094410	127470632	lncRNA
ENSG00000248515	AvT	chr4	19455418	20031489	lncRNA
LINC02437	AvT	chr4	184988997	185005186	lncRNA
PPP1R3B-DT	AvT	chr8	9151669	9426716	lncRNA
OTX2-AS1	AvT	chr14	56813183	57152177	lncRNA
ENSG00000248551	AvT	chr4	174977559	175451298	lncRNA
ENSG00000248597	AvT	chr5	1963346	1975382	lncRNA
SLEAR	AvT	chr8	101034868	101076407	lncRNA
LINC01085	AvT	chr4	14126339	14126664	transcribed_processed_pseudogene
LINC01948	AvT	chr5	56449986	56482121	lncRNA
LINC02428	AvT	chr4	103255788	103454667	lncRNA
LINC02065	AvT	chr5	66205120	66209893	lncRNA
LINC02899	AvT	chr5	23951348	24178273	lncRNA
FMN1	AvT	chr15	32765544	33194714	protein_coding
ENSG00000248927	AvT	chr5	120697770	120791533	lncRNA
ENSG00000248939	AvT	chr4	43133867	43234956	lncRNA
ENSG00000248954	AvT	chr17	49887590	49938666	lncRNA
ENSG00000248994	AvT	chr5	1927877	2119926	lncRNA
ENSG00000249061	AvT	chr5	86967321	87137712	lncRNA
LINC01093	AvT	chr4	184892858	184899908	lncRNA
ENSG00000249240	AvT	chr15	64841883	64930920	protein_coding
ENSG00000249244	AvT	chr4	119391831	119395335	unprocessed_pseudogene
ENSG00000249275	AvT	chr4	157637687	157678961	lncRNA
LINC02057	AvT	chr5	61194314	61305191	lncRNA
ENSG00000249295	AvT	chr5	69477461	69506253	lncRNA
LINC01411	AvT	chr5	174336250	174532457	lncRNA
ARL2BPP4	AvT	chr5	130529419	130529889	processed_pseudogene
ENSG00000249328	AvT	chr8	79769372	79871784	lncRNA
LINC02997	AvT	chr5	67379378	67806600	lncRNA
ENSG00000249526	AvT	chr5	139684637	139775472	lncRNA
LINC02225	AvT	chr5	57890327	57899162	lncRNA
LINC00942	AvT	chr12	1500454	1510830	lncRNA
ENSG00000249639	AvT	chr5	135446026	135458735	lncRNA
ENSG00000249685	AvT	chr4	39133913	39135608	lncRNA
ENSG00000249752	AvT	chr4	149027445	149062522	lncRNA
ENSG00000249753	AvT	chr12	63623788	63795718	lncRNA
RNF103-CHMP3	AvT	chr2	86505668	86721122	protein_coding
LINC00536	AvT	chr8	115950511	116451731	lncRNA
TMEM158	AvT	chr3	45224466	45226287	protein_coding
SLC7A11-AS1	AvT	chr4	138057464	138178177	lncRNA
SH3TC2-DT	AvT	chr5	149063199	149130020	lncRNA
NREP-AS1	AvT	chr5	111912508	112017309	lncRNA
ENSG00000250111	AvT	chr17	18835707	18842364	transcribed_unprocessed_pseudogene
LINC02232	AvT	chr4	64885649	65024485	lncRNA
PKD2L2-DT	AvT	chr5	137757764	137889434	lncRNA
FZD10-AS1	AvT	chr12	130144315	130163495	lncRNA
KRT8P32	AvT	chr5	98392070	98393530	processed_pseudogene
LINC01618	AvT	chr4	52750883	52753440	lncRNA
LINC02762	AvT	chr11	112270707	112376036	lncRNA
TRMT9B	AvT	chr8	12945642	13031503	protein_coding
PURPL	AvT	chr5	27217714	27497871	lncRNA
ENSG00000250522	AvT	chr4	105540190	105552437	lncRNA
ENSG00000250532	AvT	chr4	74418736	74440458	lncRNA
YPEL3-DT	AvT	chr16	30096363	30105193	lncRNA
LINC01182	AvT	chr4	13654295	14254578	lncRNA
ENSG00000250646	AvT	chr4	55053060	55092534	lncRNA
ENSG00000250657	AvT	chr4	43340875	43345600	lncRNA
ENSG00000250703	AvT	chr5	26670334	26670481	processed_pseudogene
LINC02381	AvT	chr12	54126019	54147485	lncRNA
MSRB3-AS1	AvT	chr12	65466820	65642372	lncRNA
ENSG00000250770	AvT	chr12	3298210	3337202	transcribed_unprocessed_pseudogene
SNHG18	AvT	chr5	9545647	9597347	lncRNA
ZBED3-AS1	AvT	chr5	77086688	77166909	lncRNA
ZNF475	AvT	chr5	122129622	122184959	protein_coding
ENSG00000250820	AvT	chr5	175906939	175958538	lncRNA
ENSG00000250842	AvT	chr5	145337932	145381724	lncRNA
ENSG00000250993	AvT	chr4	179389134	179465305	lncRNA
GGCTP1	AvT	chr5	95834424	95835046	transcribed_processed_pseudogene
LINC01950	AvT	chr5	106815197	107011052	lncRNA
PARAIL	AvT	chr8	89545423	89902429	lncRNA
LINC02882	AvT	chr12	73621834	74509544	lncRNA
TRPC6P7	AvT	chr4	184910889	184911352	processed_pseudogene
ENSG00000251152	AvT	chr4	11469250	11478196	lncRNA
PSMA2P2	AvT	chr8	93939364	93942877	processed_pseudogene
ZNF345	AvT	chr19	36850338	36913029	protein_coding
EGFLAM-AS5	AvT	chr5	38460925	38469466	lncRNA
ENSG00000251313	AvT	chr4	9030286	9031066	processed_pseudogene
SHANK3	AvT	chr22	50674408	50733212	protein_coding
MSANTD3-TMEFF1	AvT	chr9	100442271	100577636	protein_coding
LINC01094	AvT	chr4	78623173	78769640	lncRNA
FOXD1	AvT	chr5	73444827	73448777	protein_coding
FHIP1A-DT	AvT	chr4	151333774	151409040	lncRNA
ENSG00000251615	AvT	chr4	8355090	8358338	lncRNA
ENSG00000251630	AvT	chr4	49561285	49561470	processed_pseudogene
IFITM3-AS1	AvT	chr11	318582	330206	lncRNA
CHSY3-AS1	AvT	chr5	129500361	129905980	lncRNA
ENSG00000251867	AvT	chr8	80484561	80486699	lncRNA
EGR3-AS1	AvT	chr8	22690150	22798616	lncRNA
ENSG00000253130	AvT	chr8	8555264	8574057	lncRNA
ENSG00000253141	AvT	chr5	173463484	173484584	lncRNA
ENSG00000253154	AvT	chr8	85826258	85951088	lncRNA
LINC01605	AvT	chr8	37406399	37625873	lncRNA
ENSG00000253166	AvT	chr8	202660	202897	transcribed_unprocessed_pseudogene
ENSG00000253171	AvT	chr8	87974165	88019113	lncRNA
LINC02948	AvT	chr8	29494231	29583951	lncRNA
C8orf88	AvT	chr8	90958084	90985238	protein_coding
LINC02209	AvT	chr8	29920560	29953724	lncRNA
ENSG00000253282	AvT	chr8	101287361	101293783	lncRNA
TMEM200B	AvT	chr1	29119429	29123918	protein_coding
C1orf210	AvT	chr1	43281866	43285908	protein_coding
MAILR	AvT	chr8	102864029	103002424	lncRNA
ENSG00000253334	AvT	chr8	81791823	81815714	lncRNA
ENSG00000253348	AvT	chr5	170744869	170788724	lncRNA
COX6B1P6	AvT	chr8	89823548	89823802	processed_pseudogene
PCAT1	AvT	chr8	126556323	127419050	lncRNA
ENSG00000253474	AvT	chr8	49086301	49229174	lncRNA
ENSG00000253477	AvT	chr8	103483398	103501676	lncRNA
MIR3142HG	AvT	chr5	160438594	160600965	lncRNA
ENSG00000253524	AvT	chr8	36004310	36095295	lncRNA
CA3-AS1	AvT	chr8	85440537	85469968	lncRNA
LINC01414	AvT	chr8	63686419	64369176	lncRNA
ENSG00000253573	AvT	chr8	126766161	126847016	lncRNA
SLC10A5	AvT	chr8	81693631	81695058	protein_coding
ENSG00000253632	AvT	chr8	29496028	29544576	lncRNA
ENSG00000253659	AvT	chr8	79259402	79314951	lncRNA
UBE2HP1	AvT	chr8	81254870	81255229	processed_pseudogene
ENSG00000253699	AvT	chr8	86180418	86212468	lncRNA
ENSG00000253715	AvT	chr8	142785374	142812120	lncRNA
ENSG00000253736	AvT	chr5	172762980	172788112	lncRNA
TPTE2P1	AvT	chr13	24951388	24967454	transcribed_unprocessed_pseudogene
CFAP418-AS1	AvT	chr8	95204456	95811254	lncRNA
ENSG00000253832	AvT	chr8	24958908	25010167	lncRNA
ENSG00000253853	AvT	chr8	2726956	2926722	lncRNA
ENSG00000253896	AvT	chr8	72601	79775	lncRNA
MTUS1-DT	AvT	chr8	17801345	17861069	lncRNA
CLDN23	AvT	chr8	8701937	8704096	protein_coding
MAL2-AS1	AvT	chr8	119214625	119246857	lncRNA
GRHL2-DT	AvT	chr8	101460005	101493338	lncRNA
RBPMS-AS1	AvT	chr8	30380582	30385401	lncRNA
LINC02950	AvT	chr8	8449664	8461490	lncRNA
CRYZL2P-SEC16B	AvT	chr1	177928788	178038007	lncRNA
ENSG00000254162	AvT	chr8	80535006	80539135	lncRNA
WWP1-AS1	AvT	chr8	86333274	86343429	lncRNA
ENSG00000254258	AvT	chr8	139460062	139463016	lncRNA
ENSG00000254277	AvT	chr8	71675133	71774483	lncRNA
ENSG00000254337	AvT	chr8	68848736	68858119	lncRNA
RHPN1-AS1	AvT	chr8	143366422	143368637	lncRNA
ENSG00000254396	AvT	chr9	27102630	27104728	lncRNA
ENSG00000254458	AvT	chr11	66312267	66319237	lncRNA
UBQLN1-AS1	AvT	chr9	83707594	83713610	lncRNA
LINC02755	AvT	chr11	29265928	29989328	lncRNA
ENSG00000254632	AvT	chr11	76750468	76769806	lncRNA
ENSG00000254687	AvT	chr8	53177571	53242683	lncRNA
ENSG00000254777	AvT	chr8	60909661	61027486	lncRNA
SLC67A1-AS	AvT	chr11	2887344	2903814	lncRNA
LINC02551	AvT	chr11	130807889	130865561	lncRNA
LINC02763	AvT	chr11	112393090	112768695	lncRNA
ENSG00000254973	AvT	chr8	143758153	143771870	lncRNA
ENSG00000254991	AvT	chr11	12066222	12073353	lncRNA
ENSG00000255031	AvT	chr11	68050740	68053839	lncRNA
SUGT1P4-STRA6LP-CCDC180	AvT	chr9	97238497	97377287	lncRNA
ENSG00000255050	AvT	chr8	143573490	143577397	lncRNA
SAA2-SAA4	AvT	chr11	18231423	18248635	protein_coding
GLYATL1B	AvT	chr11	59086307	59094786	protein_coding
ENSG00000255241	AvT	chr11	88098591	88115835	lncRNA
CSRP3-AS1	AvT	chr11	19196741	19310726	lncRNA
LINC02761	AvT	chr11	76210933	76236865	lncRNA
LINC02989	AvT	chr11	12080366	12091471	lncRNA
ENSG00000255641	AvT	chr12	10412312	10436001	protein_coding
FAM222A-AS1	AvT	chr12	109734166	109773508	lncRNA
ENSG00000255723	AvT	chr4	87317170	87345210	lncRNA
RMST	AvT	chr12	97386565	97598415	lncRNA
KLRC4-KLRK1	AvT	chr12	10372353	10410146	protein_coding
ENSG00000255872	AvT	chr9	37588413	38068687	protein_coding
ENSG00000256029	AvT	chr1	159834474	159873053	protein_coding
ENSG00000256195	AvT	chr11	114332415	114396219	lncRNA
SMIM3	AvT	chr5	150778741	150796736	protein_coding
MRPS35-DT	AvT	chr12	27690982	27710803	lncRNA
ENSG00000256433	AvT	chr12	6393879	6396148	lncRNA
LINC02985	AvT	chr12	122063214	122068786	lncRNA
KDM2B-DT	AvT	chr12	121580360	121597226	lncRNA
ZNF253	AvT	chr19	19865881	19894674	protein_coding
C17orf100	AvT	chr17	6651762	6693202	protein_coding
ENSG00000256915	AvT	chr12	65622273	65663299	lncRNA
ENSG00000256966	AvT	chr9	37512547	37592469	protein_coding
LINC02955	AvT	chr12	22699859	23191587	lncRNA
SLCO1B3-SLCO1B7	AvT	chr12	20815674	21090245	protein_coding
ENSG00000257060	AvT	chr15	93029193	93760886	lncRNA
MIR200CHG	AvT	chr12	6962024	6964458	lncRNA
ENSG00000257171	AvT	chr14	18395626	18412264	transcribed_unprocessed_pseudogene
LNCOG	AvT	chr12	76252271	76305969	lncRNA
ENSG00000257221	AvT	chr12	108628646	108659171	lncRNA
ENSG00000257252	AvT	chr12	93003381	93377771	lncRNA
ENSG00000257373	AvT	chr12	42979254	42996486	lncRNA
LINC02354	AvT	chr12	47826854	47837898	lncRNA
ENSG00000257489	AvT	chr12	100180553	100199762	transcribed_unprocessed_pseudogene
ENSG00000257524	AvT	chr9	127867850	127906022	protein_coding
BICD1-AS1	AvT	chr12	32079817	32107528	lncRNA
HLX-AS1	AvT	chr1	220832763	220881473	lncRNA
ENSG00000257639	AvT	chr16	21532945	21550373	transcribed_unprocessed_pseudogene
GIHCG	AvT	chr12	57930084	57942198	lncRNA
MGAM2	AvT	chr7	142111718	142222324	protein_coding
LINC02445	AvT	chr12	73758630	73846263	lncRNA
ENSG00000257831	AvT	chr14	31248628	31302739	lncRNA
SPMIP11	AvT	chr12	48727435	48765790	protein_coding
LINC03056	AvT	chr12	63292622	63360068	lncRNA
ENSG00000258130	AvT	chr16	30204571	30205090	transcribed_unprocessed_pseudogene
ENSG00000258150	AvT	chr16	29465222	29465741	transcribed_unprocessed_pseudogene
LINC02300	AvT	chr14	28502929	28613662	lncRNA
ENSG00000258272	AvT	chr12	96422326	96485442	lncRNA
LINC02461	AvT	chr12	43155315	43163110	lncRNA
ENSG00000258402	AvT	chr14	76226032	76310679	lncRNA
LINC02320	AvT	chr14	101628309	101760448	lncRNA
LONRF2P4	AvT	chr15	21344548	21345085	processed_pseudogene
LONRF2P3	AvT	chr15	20775464	20775998	processed_pseudogene
ENSG00000258454	AvT	chr14	76232836	76263507	lncRNA
ENSG00000258526	AvT	chr14	39432429	40390547	lncRNA
CRAT37	AvT	chr15	91373681	91653390	lncRNA
NBEAP1	AvT	chr15	20657638	20688408	transcribed_unprocessed_pseudogene
ENSG00000258593	AvT	chr14	104857792	104858836	lncRNA
LINC01629	AvT	chr14	76959552	76970795	lncRNA
GZMH-AS1	AvT	chr14	24595723	24657774	lncRNA
LINC01269	AvT	chr14	70697948	70714886	lncRNA
ENSG00000258691	AvT	chr14	96204844	96263929	protein_coding
LINC00871	AvT	chr14	45891087	46501903	lncRNA
PPP1R13B-DT	AvT	chr14	103847687	103880381	lncRNA
ENSG00000258751	AvT	chr14	48235389	48491767	lncRNA
CDRT15P13	AvT	chr14	19228898	19229945	unprocessed_pseudogene
ENSG00000258811	AvT	chr14	104842663	104845916	lncRNA
SALRNA1	AvT	chr14	60639216	60642589	lncRNA
ENSG00000258964	AvT	chr14	61734138	61776260	lncRNA
ENSG00000258976	AvT	chr14	74614693	74616647	lncRNA
ENSG00000259132	AvT	chr14	22946270	22982258	protein_coding
SIPA1L1-AS1	AvT	chr14	71292719	71321892	lncRNA
ENSG00000259199	AvT	chr15	97703719	98293199	lncRNA
PRKXP1	AvT	chr15	100553529	100558954	processed_pseudogene
ENSG00000259283	AvT	chr16	55259969	55333588	lncRNA
ZHX1-C8orf76	AvT	chr8	123226189	123274284	protein_coding
ENSG00000259345	AvT	chr15	38864112	39427195	lncRNA
SLC30A4-AS1	AvT	chr15	45448427	45519668	lncRNA
LINC02568	AvT	chr15	63381711	63438320	lncRNA
UBE2Q2P16	AvT	chr15	84172973	84182076	transcribed_unprocessed_pseudogene
LINC01583	AvT	chr15	82088569	82097694	lncRNA
ENSG00000259560	AvT	chr15	87307177	87703857	lncRNA
ENSG00000259579	AvT	chr15	100716028	100830966	lncRNA
DNM1P47	AvT	chr15	101751553	101764961	transcribed_unprocessed_pseudogene
FBN1-DT	AvT	chr15	48645821	48652016	lncRNA
ENSG00000259711	AvT	chr16	54934837	54954671	lncRNA
ENSG00000259712	AvT	chr15	52056675	52100523	lncRNA
LINC01581	AvT	chr15	93905405	94107938	lncRNA
CSPG4P11	AvT	chr15	84186752	84197384	transcribed_unprocessed_pseudogene
ZFHX3-AS1	AvT	chr16	72664791	72874944	lncRNA
ENSG00000259828	AvT	chr6	141447011	141451006	lncRNA
SH3RF3-AS1	AvT	chr2	109125905	109128930	lncRNA
ENSG00000259925	AvT	chr16	19343647	19401693	lncRNA
LINC02189	AvT	chr16	86720575	86722042	lncRNA
ENSG00000260173	AvT	chr15	72140504	72155459	lncRNA
ENSG00000260196	AvT	chr11	17380649	17383531	lncRNA
CD2BP2-DT	AvT	chr16	30354665	30363713	lncRNA
ENSG00000260244	AvT	chr4	155734448	155737062	lncRNA
ENSG00000260306	AvT	chr16	21794095	21795759	lncRNA
TMEM263-DT	AvT	chr12	106953513	106955705	lncRNA
AQP4-AS1	AvT	chr18	26655505	27190698	lncRNA
ENSG00000260412	AvT	chr9	27937617	27944497	lncRNA
ENSG00000260418	AvT	chr6	136335714	136336087	lncRNA
LINC02367	AvT	chr12	9341059	9400387	lncRNA
ENSG00000260430	AvT	chr16	19086831	19098332	lncRNA
ENSG00000260495	AvT	chr16	81310731	81313423	lncRNA
ENSG00000260555	AvT	chr7	150000752	150005124	lncRNA
ENSG00000260578	AvT	chr18	67481791	67484966	lncRNA
ENSG00000260593	AvT	chr16	71623708	71626816	lncRNA
TGILR	AvT	chr6	3893029	3913718	lncRNA
ENSG00000260628	AvT	chr16	31975803	32004957	transcribed_unprocessed_pseudogene
TSPAN5-DT	AvT	chr4	98658758	98695568	lncRNA
ENSG00000260643	AvT	chr16	81053587	81096296	protein_coding
ANKRD20A1	AvT	chr9	67832765	67920552	protein_coding
ENSG00000260725	AvT	chr19	28418483	28429490	lncRNA
ARHGAP23P1	AvT	chr16	33907419	33937024	transcribed_unprocessed_pseudogene
CASC17	AvT	chr17	71097774	71202203	lncRNA
ENSG00000260823	AvT	chr16	56609501	56611375	lncRNA
ENSG00000260834	AvT	chr16	65163472	65235088	lncRNA
ENSG00000260861	AvT	chr20	1540144	1620009	protein_coding
ENSG00000260877	AvT	chr11	69299274	69372512	lncRNA
ENSG00000260899	AvT	chr16	30740667	30751381	lncRNA
ENSG00000260912	AvT	chr9	19453209	19455173	lncRNA
LINC00622	AvT	chr1	119597702	119599271	lncRNA
FOXC2-AS1	AvT	chr16	86564951	86569019	lncRNA
ENSG00000260948	AvT	chr1	111431046	111433068	lncRNA
ENSG00000260996	AvT	chr9	137293868	137295721	lncRNA
LINC02178	AvT	chr16	50390894	50397277	lncRNA
TMEM178B	AvT	chr7	141074064	141480380	protein_coding
EPPK1	AvT	chr8	143857324	143878467	protein_coding
LINC01989	AvT	chr17	34169372	34196211	lncRNA
ENSG00000261161	AvT	chr16	86573069	86696481	lncRNA
LINC02188	AvT	chr16	86710122	86761490	lncRNA
SPINT1-AS1	AvT	chr15	40834724	40844636	lncRNA
DSP-AS1	AvT	chr6	7539659	7543119	lncRNA
ENSG00000261197	AvT	chr16	34051140	34051363	processed_pseudogene
HSD17B2-AS1	AvT	chr16	82044328	82139631	lncRNA
QKILA	AvT	chr4	139564295	139666068	lncRNA
ENSG00000261285	AvT	chr16	82491738	82575518	lncRNA
ATP2C2-AS1	AvT	chr16	84459259	84467361	lncRNA
MANEA-DT	AvT	chr6	95527696	95577693	lncRNA
PSMD7-DT	AvT	chr16	73943078	74296783	lncRNA
LINC02894	AvT	chr8	94637284	94641055	lncRNA
ENSG00000261523	AvT	chr16	14695567	14707055	lncRNA
ENSG00000261543	AvT	chr15	74152788	74179415	lncRNA
ENSG00000261554	AvT	chr15	20893383	20893980	processed_pseudogene
GAN	AvT	chr16	81314944	81390884	protein_coding
ENSG00000261655	AvT	chr8	141353403	141355365	lncRNA
BOLA2-SMG1P6	AvT	chr16	29443230	29454651	protein_coding
ENSG00000261790	AvT	chr16	1984877	1990477	lncRNA
LINC00662	AvT	chr19	27681072	27794005	lncRNA
ENSG00000261996	AvT	chr17	6653464	6655009	lncRNA
ENSG00000262094	AvT	chr17	83220521	83230439	lncRNA
LINC02175	AvT	chr16	25066891	25088618	lncRNA
ENSG00000262202	AvT	chr17	19111680	19190245	lncRNA
ENSG00000262362	AvT	chr16	2981174	3005130	lncRNA
FLYWCH1-AS1	AvT	chr16	2939539	2956146	lncRNA
ENSG00000262681	AvT	chr17	19719059	19722428	lncRNA
ENSG00000262769	AvT	chr17	19560111	19647154	lncRNA
ENSG00000262801	AvT	chr16	13246181	13563388	lncRNA
ENSG00000262873	AvT	chr17	81017969	81028079	lncRNA
ENSG00000262898	AvT	chr17	83135404	83221455	lncRNA
ALOX12P2	AvT	chr17	6893782	6900032	transcribed_unprocessed_pseudogene
AKAP1-DT	AvT	chr17	57071407	57085127	lncRNA
ROCK1P1	AvT	chr18	116842	118504	transcribed_unprocessed_pseudogene
ENSG00000263325	AvT	chr16	2856503	2861801	lncRNA
ENSG00000263745	AvT	chr18	1883253	2489426	lncRNA
NETO1-DT	AvT	chr18	72866720	72881404	lncRNA
ENSG00000264666	AvT	chr17	17591428	17632141	lncRNA
DSG2-AS1	AvT	chr18	31542146	31556948	lncRNA
TWSG1-DT	AvT	chr18	9287952	9334558	lncRNA
GJA5	AvT	chr1	147756199	147773362	protein_coding
ANXA8	AvT	chr10	47460162	47484175	protein_coding
ENSG00000265359	AvT	chr17	40850800	40898431	lncRNA
ENSG00000265749	AvT	chr17	8365563	8381328	lncRNA
CXADRP3	AvT	chr18	14478168	14479267	transcribed_processed_pseudogene
PSMD3-AS1	AvT	chr17	39986405	40014718	lncRNA
DSCAS	AvT	chr18	31101540	31250873	lncRNA
GACAT2	AvT	chr18	8695856	8707721	lncRNA
MIR4477B	AvT	chr9	63819574	63819654	miRNA
BAHCC1	AvT	chr17	81395457	81466331	protein_coding
ENSG00000266076	AvT	chr17	65538102	65641033	protein_coding
ENSG00000266088	AvT	chr17	40516699	40532686	lncRNA
ENSG00000266302	AvT	chr17	16690261	16804453	protein_coding
ENSG00000266385	AvT	chr17	32411217	32412420	lncRNA
RN7SL356P	AvT	chr14	76967518	76967765	misc_RNA
ENSG00000266560	AvT	chrX	152114994	152138556	lncRNA
ENSG00000266667	AvT	chr17	15379864	15417888	lncRNA
ENSG00000266818	AvT	chr18	15254418	15271744	unprocessed_pseudogene
ENSG00000266877	AvT	chr17	31583162	31637543	lncRNA
ENSG00000266923	AvT	chr12	92421531	92483680	lncRNA
ENSG00000266924	AvT	chr18	79787027	79791432	lncRNA
ENSG00000266928	AvT	chr19	28294063	28313712	lncRNA
ENSG00000267098	AvT	chr18	60628963	60902726	lncRNA
ENSG00000267130	AvT	chr19	33305036	33309389	lncRNA
ZNF45-AS1	AvT	chr19	43901718	43935819	lncRNA
ENSG00000267198	AvT	chr17	45489979	45577606	lncRNA
ZNF790-AS1	AvT	chr19	36776080	36831596	lncRNA
ERVE-1	AvT	chr17	28230561	28238670	lncRNA
CEBPA-DT	AvT	chr19	33301754	33305254	lncRNA
ENSG00000267320	AvT	chr19	28316705	28386204	lncRNA
ATXN7L3-AS1	AvT	chr17	44198520	44234868	lncRNA
CLEC4OP	AvT	chr19	15852111	15863802	transcribed_unprocessed_pseudogene
LINC01836	AvT	chr19	782119	787548	lncRNA
ENSG00000267565	AvT	chr19	19892433	19895847	lncRNA
ENSG00000267568	AvT	chr17	76950316	76969530	lncRNA
ENSG00000267605	AvT	chr19	37235507	37304395	lncRNA
ENSG00000267627	AvT	chr18	35951797	35973919	lncRNA
THA1P	AvT	chr17	78248493	78254416	transcribed_unitary_pseudogene
ERVK-28	AvT	chr19	27638483	27646483	lncRNA
ENSG00000267774	AvT	chr18	59696459	59698111	lncRNA
ENSG00000267780	AvT	chr18	79792027	79816529	lncRNA
ENSG00000267879	AvT	chr19	50968193	51012129	lncRNA
ENSG00000267924	AvT	chr19	23817599	23874701	lncRNA
GABRQ	AvT	chrX	152637895	152657542	protein_coding
ZNF725P	AvT	chr19	23492428	23512656	transcribed_unprocessed_pseudogene
SLC6A14	AvT	chrX	116436606	116461458	protein_coding
ENSG00000268401	AvT	chr19	46027648	46031667	lncRNA
ENSG00000268460	AvT	chr19	46201552	46214838	lncRNA
ENSG00000268531	AvT	chr15	21368459	21370621	lncRNA
ENSG00000268543	AvT	chr19	58418560	58419310	TEC
IGFL2-AS1	AvT	chr19	46189029	46203163	lncRNA
SAXO3	AvT	chr19	49017968	49020549	protein_coding
ESPNP	AvT	chr1	16691214	16720157	transcribed_unprocessed_pseudogene
ENSG00000268912	AvT	chr19	58428632	58431148	lncRNA
MIA-RAB4B	AvT	chr19	40771648	40796943	protein_coding
HOMER3-AS1	AvT	chr19	18940199	18947492	lncRNA
ENSG00000269069	AvT	chr19	40023384	40025502	processed_pseudogene
ENSG00000269107	AvT	chr19	23257255	23274232	lncRNA
TRABD2B	AvT	chr1	47760528	47997385	protein_coding
TMSB15C	AvT	chrX	104063871	104076236	protein_coding
ENSG00000269237	AvT	chr19	21405159	21491266	protein_coding
ZSCAN16-AS1	AvT	chr6	28008599	28137319	lncRNA
MAGIX	AvT	chrX	49162564	49168774	protein_coding
ZNF132-DT	AvT	chr19	58440448	58445849	lncRNA
ENSG00000269495	AvT	chr19	50950185	50963649	lncRNA
DMRTC1	AvT	chrX	72872025	72943837	protein_coding
ENSG00000269514	AvT	chr12	48198357	48264126	lncRNA
CYP4F23P	AvT	chr19	15564074	15584709	transcribed_unprocessed_pseudogene
ENSG00000269707	AvT	chr2	104853285	104927722	lncRNA
ZNF528-AS1	AvT	chr19	52388836	52397807	lncRNA
IPO5P1	AvT	chr19	23255148	23255434	transcribed_processed_pseudogene
ENSG00000269947	AvT	chr17	8277763	8278436	lncRNA
MEI4	AvT	chr6	77650274	77927045	protein_coding
ENSG00000270008	AvT	chr13	32425358	32432954	lncRNA
ENSG00000270022	AvT	chr22	42614636	42626375	lncRNA
ATP6V0D1-DT	AvT	chr16	67481314	67505977	lncRNA
ENSG00000270149	AvT	chr1	160997957	161038962	protein_coding
ENSG00000270236	AvT	chr9	69107926	69108217	processed_pseudogene
LINC03131	AvT	chr9	10948281	11065127	lncRNA
ENSG00000270402	AvT	chr19	19708965	19710465	processed_pseudogene
CAHM	AvT	chr6	163368306	163415456	lncRNA
ENSG00000270437	AvT	chr2	63083008	63087322	processed_pseudogene
BNIP3P7	AvT	chr13	18491904	18492419	processed_pseudogene
LINC01235	AvT	chr9	13406323	13488125	lncRNA
BUD13P1	AvT	chr11	95143637	95145125	processed_pseudogene
RNVU1-31	AvT	chr1	145465617	145465780	snRNA
ENSG00000271021	AvT	chrX	115454733	115455194	processed_pseudogene
ITGB8-AS1	AvT	chr7	20328284	20332030	lncRNA
TMCC1-DT	AvT	chr3	129893788	129918579	lncRNA
UNC5C-AS1	AvT	chr4	95548924	95552457	lncRNA
PRKACB-DT	AvT	chr1	84076329	84078555	lncRNA
ENSG00000271758	AvT	chr11	7704628	7882947	lncRNA
SMIM32	AvT	chr5	136191468	136193162	protein_coding
PLS3-AS1	AvT	chrX	115518182	115562731	lncRNA
ENSG00000271830	AvT	chr8	103481266	103481619	lncRNA
SYNPO2L-AS1	AvT	chr10	73647529	73676496	lncRNA
LINC02343	AvT	chr13	34347864	34625428	lncRNA
TAGAP-AS1	AvT	chr6	158988178	159088114	lncRNA
ENSG00000271969	AvT	chr12	6964949	6965382	lncRNA
ENSG00000271978	AvT	chr6	5031756	5054423	lncRNA
ENSG00000272079	AvT	chr16	3004871	3007388	lncRNA
ENSG00000272087	AvT	chr3	158693120	158693768	lncRNA
ENSG00000272104	AvT	chr3	50350892	50367923	protein_coding
ENSG00000272141	AvT	chr1	1169357	1170343	lncRNA
ENSG00000272360	AvT	chr3	58490532	58491956	lncRNA
CD24	AvT	chr6	106969831	106975627	protein_coding
ENSG00000272438	AvT	chr1	904786	921034	lncRNA
ENSG00000272473	AvT	chr19	769698	789808	lncRNA
ENSG00000272563	AvT	chr2	113432600	113436042	lncRNA
ENSG00000272630	AvT	chr10	73098044	73101297	lncRNA
MIOS-DT	AvT	chr7	7550104	7567012	lncRNA
ENSG00000273118	AvT	chr2	212563601	213021545	lncRNA
TRABD-AS1	AvT	chr22	50199049	50201596	lncRNA
ENSG00000273305	AvT	chr2	95537969	95538469	lncRNA
LINC02725	AvT	chr11	128095758	128183671	lncRNA
APP-DT	AvT	chr21	26170871	26217381	lncRNA
LHX1	AvT	chr17	36936784	36944612	protein_coding
ENSG00000273724	AvT	chr16	30336400	30343336	transcribed_unprocessed_pseudogene
ENSG00000273919	AvT	chr13	53345211	53410880	lncRNA
FAM27E3	AvT	chr9	67676480	67726979	lncRNA
LINC02967	AvT	chr20	24930619	24933194	lncRNA
ENSG00000274276	AvT	chr21	6444869	6467513	artifact
ENSG00000274341	AvT	chr17	32408013	32408309	lncRNA
ZNF658	AvT	chr9	66856426	66932141	protein_coding
ADAMTS7P1	AvT	chr15	82298553	82334609	transcribed_unprocessed_pseudogene
ENSG00000274414	AvT	chr20	25239007	25245229	lncRNA
ENSG00000274565	AvT	chr17	62626337	62628156	lncRNA
RIMBP3B	AvT	chr22	21383751	21389478	protein_coding
CYP4F59P	AvT	chr9	66049896	66050845	transcribed_unprocessed_pseudogene
MYO5BP1	AvT	chr9	41292887	41294125	processed_pseudogene
ENSG00000274712	AvT	chr17	68205669	68206238	transcribed_unprocessed_pseudogene
ENSG00000274776	AvT	chr18	46786699	46789297	lncRNA
ENSG00000274922	AvT	chr13	112686769	112691109	lncRNA
GXYLT1P4	AvT	chr9	66026528	66027719	transcribed_processed_pseudogene
ENSG00000275103	AvT	chr8	89826593	89833564	unprocessed_pseudogene
H4C13	AvT	chr6	27873148	27873534	protein_coding
FAM242F	AvT	chr9	41657708	41699104	lncRNA
ENSG00000275297	AvT	chr9	41606953	41970697	lncRNA
PRAG1	AvT	chr8	8317736	8387357	protein_coding
H3C11	AvT	chr6	27871845	27872346	protein_coding
LINC01730	AvT	chr20	3808293	3812434	lncRNA
RNVU1-19	AvT	chr1	120850819	120850985	snRNA
RIMBP3	AvT	chr22	18605815	18611919	protein_coding
ARHGAP23	AvT	chr17	38419280	38512385	protein_coding
ENSG00000275897	AvT	chr17	50475819	50478391	lncRNA
WHAMMP3	AvT	chr15	22664359	22681605	transcribed_unprocessed_pseudogene
ANKRD20A3P	AvT	chr9	66083960	66152966	transcribed_unprocessed_pseudogene
ENSG00000276257	AvT	chr9	66084804	66085031	processed_pseudogene
ENSG00000276302	AvT	chr6	28267121	28281580	protein_coding
CNTNAP3P2	AvT	chr9	67059560	67293468	transcribed_unprocessed_pseudogene
ENSG00000276418	AvT	chr8	79918860	80080775	protein_coding
RN7SL462P	AvT	chr9	61427617	61427877	misc_RNA
RAB7B	AvT	chr1	205976740	206003461	protein_coding
DACH1	AvT	chr13	71437966	71867204	protein_coding
KMT2CP2	AvT	chr1	144286847	144305180	transcribed_unprocessed_pseudogene
ENSG00000276845	AvT	chr9	61944232	61945136	unprocessed_pseudogene
ENSG00000276851	AvT	chr17	50094065	50094647	lncRNA
ENSG00000276855	AvT	chr17	15789016	15789705	lncRNA
ENSG00000277103	AvT	chr9	97151894	97152694	transcribed_processed_pseudogene
ANKRD20A21P	AvT	chr20	30656033	30723855	transcribed_unprocessed_pseudogene
ENSG00000277117	AvT	chr21	5022531	5036771	artifact
ENSG00000277152	AvT	chr15	66860303	66867023	lncRNA
LHX1-DT	AvT	chr17	36861674	36936670	lncRNA
ENSG00000277287	AvT	chr20	3239696	3245382	lncRNA
ENSG00000277304	AvT	chr16	32916974	32946392	unprocessed_pseudogene
MARCKS	AvT	chr6	113857345	113863475	protein_coding
ENSG00000277491	AvT	chr17	795306	795794	lncRNA
LINC01796	AvT	chr2	102873183	102895780	lncRNA
LINC02255	AvT	chr15	74379041	74393876	lncRNA
NLRP3P1	AvT	chrX	107974078	107985008	transcribed_unprocessed_pseudogene
ENSG00000278035	AvT	chr20	36233851	36234297	lncRNA
CHMP1B2P	AvT	chrX	80272065	80335227	transcribed_unitary_pseudogene
ENSG00000278546	AvT	chr17	31560132	31560573	lncRNA
TMEM191B	AvT	chr22	18527802	18530573	protein_coding
ENSG00000278665	AvT	chr16	28599241	28601881	unprocessed_pseudogene
NKILA	AvT	chr20	57710156	57712780	lncRNA
U6	AvT	chr1	516376	516479	snRNA
FAM27B	AvT	chr9	67725690	67725902	transcribed_processed_pseudogene
EPB41L4A-DT	AvT	chr5	112419583	112420978	lncRNA
ENSG00000279064	AvT	chr21	5707004	5709737	lncRNA
IGSF3P1	AvT	chr13	18279320	18309934	transcribed_unprocessed_pseudogene
ENSG00000279136	AvT	chr16	769119	769443	TEC
LINC01451	AvT	chr9	136612019	136625416	lncRNA
ENSG00000279142	AvT	chr16	86595189	86597639	TEC
ENSG00000279164	AvT	chr20	23148086	23149939	TEC
CTBP2P9	AvT	chr21	7626344	7627528	processed_pseudogene
ENSG00000279320	AvT	chr3	146504570	146506560	TEC
ENSG00000279442	AvT	chr22	15298378	15304556	lncRNA
ENSG00000279443	AvT	chr1	28544460	28546542	TEC
ENSG00000279518	AvT	chr8	134783694	134785879	TEC
ENSG00000279631	AvT	chr10	22252072	22254589	TEC
ENSG00000279742	AvT	chr11	85852557	85854943	TEC
ENSG00000279762	AvT	chr17	32423971	32446038	lncRNA
ENSG00000279806	AvT	chr17	40473554	40475289	TEC
ENSG00000279821	AvT	chr5	177476631	177479656	TEC
ENSG00000279822	AvT	chr10	48443836	48445820	TEC
ENSG00000279859	AvT	chr4	6691995	6692970	TEC
LINC03032	AvT	chr13	110123208	110125235	lncRNA
ENSG00000280029	AvT	chr5	141136683	141268592	lncRNA
ENSG00000280147	AvT	chr8	29587001	29588426	TEC
ENSG00000280179	AvT	chr21	6084381	6091407	artifact
GGT4P	AvT	chr13	18253526	18270822	transcribed_unprocessed_pseudogene
ENSG00000280217	AvT	chr12	131235511	131237523	TEC
ENSG00000280241	AvT	chr4	153759468	154300500	lncRNA
FRG1KP	AvT	chr9	65646982	65652679	unprocessed_pseudogene
CTBP2P10	AvT	chr21	7129103	7130287	processed_pseudogene
ENSG00000280341	AvT	chr22	15282557	15288670	lncRNA
ENSG00000280383	AvT	chr22	45657019	45680130	lncRNA
LINC02204	AvT	chr15	70570958	70586606	lncRNA
ENSG00000281039	AvT	chr7	30497077	30550761	protein_coding
LL0XNC01-250H12.3	AvT	chrX	103404743	103518719	lncRNA
GHET1	AvT	chr7	148987527	148989432	lncRNA
SAMD12-AS1	AvT	chr8	118620498	118906164	lncRNA
LINC01080	AvT	chr13	80011077	80159070	lncRNA
HERC2P7	AvT	chr15	22480439	22484840	transcribed_unprocessed_pseudogene
ENSG00000282143	AvT	chr1	16656781	16670115	lncRNA
ENSG00000282218	AvT	chr6	117318211	117573571	protein_coding
ENSG00000282304	AvT	chr2	110245591	110287506	lncRNA
ENSG00000282393	AvT	chr19	248551	251571	lncRNA
ENSG00000282418	AvT	chr1	225465004	225486834	lncRNA
FAM157D	AvT	chr7	13479	36783	lncRNA
ENSG00000282742	AvT	chr4	6697861	6698809	TEC
FGR	AvC	chr1	27612064	27635565	protein_coding
CFH	AvC	chr1	196651754	196752476	protein_coding
ENPP4	AvC	chr6	46129964	46146699	protein_coding
KRIT1	AvC	chr7	92197498	92246166	protein_coding
HS3ST1	AvC	chr4	11393150	11429564	protein_coding
CYP26B1	AvC	chr2	72129238	72147862	protein_coding
NDUFAF7	AvC	chr2	37231631	37253403	protein_coding
PLXND1	AvC	chr3	129555213	129606681	protein_coding
VPS50	AvC	chr7	93232340	93361123	protein_coding
PDK4	AvC	chr7	95583497	95597638	protein_coding
ARX	AvC	chrX	25003694	25016420	protein_coding
ST7	AvC	chr7	116952980	117230812	protein_coding
HOXA11	AvC	chr7	27181157	27185232	protein_coding
COPZ2	AvC	chr17	48026142	48038030	protein_coding
PRKAR2B	AvC	chr7	107044627	107161811	protein_coding
PON1	AvC	chr7	95297173	95324710	protein_coding
GCFC2	AvC	chr2	75652000	75711184	protein_coding
CROT	AvC	chr7	87345664	87399800	protein_coding
KMT2E	AvC	chr7	104940943	105115019	protein_coding
RHBDD2	AvC	chr7	75842602	75888927	protein_coding
ITGA3	AvC	chr17	50055968	50090485	protein_coding
ASB4	AvC	chr7	95478444	95540233	protein_coding
TMEM98	AvC	chr17	32927910	32945106	protein_coding
YBX2	AvC	chr17	7288263	7294639	protein_coding
TMEM132A	AvC	chr11	60924460	60937159	protein_coding
GTF2IRD1	AvC	chr7	74452463	74602619	protein_coding
PRSS21	AvC	chr16	2817180	2826304	protein_coding
PAX6	AvC	chr11	31784779	31817961	protein_coding
E2F2	AvC	chr1	23506438	23531233	protein_coding
ADAM22	AvC	chr7	87934136	88202889	protein_coding
PGLYRP1	AvC	chr19	46019153	46023053	protein_coding
MMP25	AvC	chr16	3046062	3060729	protein_coding
PKD1	AvC	chr16	2088708	2135898	protein_coding
MED24	AvC	chr17	40019097	40061215	protein_coding
TRAF3IP3	AvC	chr1	209756032	209782320	protein_coding
MLXIPL	AvC	chr7	73593194	73624568	protein_coding
ETV7	AvC	chr6	36354091	36387800	protein_coding
DYRK4	AvC	chr12	4562208	4615302	protein_coding
FUZ	AvC	chr19	49806866	49817376	protein_coding
PRSS3	AvC	chr9	33750679	33799231	protein_coding
FYN	AvC	chr6	111660332	111873475	protein_coding
MRC2	AvC	chr17	62627670	62693597	protein_coding
SYT7	AvC	chr11	61513714	61581167	protein_coding
CEP68	AvC	chr2	65056350	65087010	protein_coding
ERCC1	AvC	chr19	45407333	45478867	protein_coding
CD22	AvC	chr19	35319261	35347361	protein_coding
EHD3	AvC	chr2	31233961	31269451	protein_coding
MAN2B2	AvC	chr4	6575174	6623362	protein_coding
MVP	AvC	chr16	29820394	29848039	protein_coding
MAMLD1	AvC	chrX	150361422	150514178	protein_coding
ACP3	AvC	chr3	132317369	132368302	protein_coding
CCDC88C	AvC	chr14	91271323	91417844	protein_coding
XYLT2	AvC	chr17	50346080	50363138	protein_coding
CLCA4	AvC	chr1	86547076	86580758	protein_coding
IGF1	AvC	chr12	102395874	102481744	protein_coding
WWTR1	AvC	chr3	149517235	149736714	protein_coding
VSIG2	AvC	chr11	124747472	124752255	protein_coding
PHLDB1	AvC	chr11	118606396	118658038	protein_coding
CYP24A1	AvC	chr20	54153446	54173986	protein_coding
PRDM11	AvC	chr11	45095806	45235110	protein_coding
HGF	AvC	chr7	81699010	81770438	protein_coding
PLEKHB1	AvC	chr11	73646178	73662819	protein_coding
FHL1	AvC	chrX	136146702	136211359	protein_coding
ALAS1	AvC	chr3	52198086	52214585	protein_coding
BIRC3	AvC	chr11	102317484	102339403	protein_coding
DERA	AvC	chr12	15911284	16037381	protein_coding
ABCC2	AvC	chr10	99782640	99852594	protein_coding
RRAGD	AvC	chr6	89364616	89412735	protein_coding
VIM	AvC	chr10	17228241	17237593	protein_coding
RTEL1-TNFRSF6B	AvC	chr20	63659300	63698684	protein_coding
KCNG1	AvC	chr20	51003655	51023244	protein_coding
SLAMF7	AvC	chr1	160739057	160754821	protein_coding
PRKCH	AvC	chr14	61187559	61550980	protein_coding
MUSK	AvC	chr9	110668779	110806558	protein_coding
ARHGAP31	AvC	chr3	119294352	119420714	protein_coding
FUT8	AvC	chr14	65410592	65744125	protein_coding
MAP2K3	AvC	chr17	21284672	21315240	protein_coding
CLXN	AvC	chr8	48710789	48735311	protein_coding
DAPK2	AvC	chr15	63907036	64072033	protein_coding
AGA	AvC	chr4	177430774	177442444	protein_coding
VCAN	AvC	chr5	83471618	83582303	protein_coding
CLEC16A	AvC	chr16	10944539	11182186	protein_coding
CDH1	AvC	chr16	68737292	68835540	protein_coding
RAI14	AvC	chr5	34656328	34832612	protein_coding
BEST2	AvC	chr19	12751702	12758458	protein_coding
PHLPP2	AvC	chr16	71637835	71724701	protein_coding
CDH10	AvC	chr5	24487099	24644978	protein_coding
USH2A	AvC	chr1	215622891	216423448	protein_coding
TG	AvC	chr8	132866958	133134903	protein_coding
BARX2	AvC	chr11	129375848	129452279	protein_coding
JADE2	AvC	chr5	134523979	134583230	protein_coding
ZIC2	AvC	chr13	99981784	99986765	protein_coding
ADRB1	AvC	chr10	114043866	114046904	protein_coding
EPHA3	AvC	chr3	89107522	89482437	protein_coding
DSG2	AvC	chr18	31497624	31551351	protein_coding
ATOSA	AvC	chr15	52581317	52709817	protein_coding
CP	AvC	chr3	149162410	149221998	protein_coding
KATNIP	AvC	chr16	27550133	27780371	protein_coding
ROS1	AvC	chr6	117287353	117425942	protein_coding
KITLG	AvC	chr12	88492789	88580851	protein_coding
PER3	AvC	chr1	7784291	7845181	protein_coding
FOXP3	AvC	chrX	49250436	49264800	protein_coding
DKK3	AvC	chr11	11956207	12009948	protein_coding
NFE2L3	AvC	chr7	26152190	26187137	protein_coding
LIMA1	AvC	chr12	50175788	50283524	protein_coding
CYBA	AvC	chr16	88643275	88651083	protein_coding
PRSS8	AvC	chr16	31131433	31135727	protein_coding
USE1	AvC	chr19	17215346	17220237	protein_coding
AP5M1	AvC	chr14	57268504	57298742	protein_coding
OPN3	AvC	chr1	241590102	241677376	protein_coding
FOXC1	AvC	chr6	1609915	1613897	protein_coding
GALC	AvC	chr14	87837820	87993665	protein_coding
KCNH2	AvC	chr7	150944064	150978394	protein_coding
CYFIP2	AvC	chr5	157266079	157395595	protein_coding
KMT2C	AvC	chr7	152134922	152436644	protein_coding
PHF21B	AvC	chr22	44881162	45010022	protein_coding
DCBLD2	AvC	chr3	98795941	98901729	protein_coding
SERPINB3	AvC	chr18	63653686	63661893	protein_coding
PRDM1	AvC	chr6	105993463	106109939	protein_coding
TMCC3	AvC	chr12	94567122	94650557	protein_coding
CDK14	AvC	chr7	90466424	91210590	protein_coding
CAMK2B	AvC	chr7	44209993	44334577	protein_coding
DGKG	AvC	chr3	186105668	186362261	protein_coding
TBXAS1	AvC	chr7	139777051	140020325	protein_coding
MXD1	AvC	chr2	69897688	69942945	protein_coding
GNA15	AvC	chr19	3136033	3163749	protein_coding
LZTS1	AvC	chr8	20246165	20303963	protein_coding
SPAG4	AvC	chr20	35615829	35621613	protein_coding
GUCY1B1	AvC	chr4	155758988	155807811	protein_coding
DGAT2	AvC	chr11	75759512	75801542	protein_coding
AHRR	AvC	chr5	320682	438291	protein_coding
LIMCH1	AvC	chr4	41359574	41700049	protein_coding
DLX3	AvC	chr17	49990005	49995224	protein_coding
SPA17	AvC	chr11	124673796	124698309	protein_coding
NGFR	AvC	chr17	49495293	49515008	protein_coding
CDON	AvC	chr11	125955796	126063335	protein_coding
HIPK2	AvC	chr7	139561570	139777998	protein_coding
EYA2	AvC	chr20	46894587	47188844	protein_coding
SNCAIP	AvC	chr5	122311354	122464224	protein_coding
BCAS1	AvC	chr20	53936777	54070641	protein_coding
CHI3L2	AvC	chr1	111200771	111243440	protein_coding
NTN1	AvC	chr17	9021210	9244000	protein_coding
COL17A1	AvC	chr10	104030753	104086225	protein_coding
PRKCQ	AvC	chr10	6427136	6580855	protein_coding
TLE2	AvC	chr19	2997639	3047635	protein_coding
ASB1	AvC	chr2	238426742	238452250	protein_coding
FAM107B	AvC	chr10	14518557	14774897	protein_coding
MTHFD2	AvC	chr2	74186172	74217565	protein_coding
CLDN18	AvC	chr3	137998735	138033655	protein_coding
FGFR2	AvC	chr10	121478332	121598458	protein_coding
EML1	AvC	chr14	99737693	99942060	protein_coding
KIF26A	AvC	chr14	104136454	104180894	protein_coding
NEO1	AvC	chr15	73051645	73305205	protein_coding
PDZD4	AvC	chrX	153802166	153830930	protein_coding
PDK3	AvC	chrX	24465244	24550466	protein_coding
IFI35	AvC	chr17	43006740	43014456	protein_coding
MAST4	AvC	chr5	66596380	67169593	protein_coding
KCNAB2	AvC	chr1	5990927	6101193	protein_coding
RORA	AvC	chr15	60488284	61229302	protein_coding
PLA2G10	AvC	chr16	14672548	14694308	protein_coding
HES2	AvC	chr1	6412418	6424690	protein_coding
SPTB	AvC	chr14	64746283	64879907	protein_coding
FSTL3	AvC	chr19	676392	683392	protein_coding
ST6GALNAC1	AvC	chr17	76624756	76643812	protein_coding
CNGB1	AvC	chr16	57882340	57971128	protein_coding
TESK2	AvC	chr1	45343877	45491203	protein_coding
MGAT4A	AvC	chr2	98619106	98732639	protein_coding
VASH1	AvC	chr14	76761468	76783015	protein_coding
TRIB2	AvC	chr2	12716910	12742734	protein_coding
HLTF	AvC	chr3	149030122	149086554	protein_coding
CYBRD1	AvC	chr2	171522247	171558129	protein_coding
CDH19	AvC	chr18	66501083	66604438	protein_coding
SLC6A15	AvC	chr12	84859491	84913629	protein_coding
ADGRL1	AvC	chr19	14147743	14206204	protein_coding
LIMS2	AvC	chr2	127638381	127681786	protein_coding
ALDH3A2	AvC	chr17	19647291	19685760	protein_coding
RHOBTB1	AvC	chr10	60869438	61001441	protein_coding
CHFR	AvC	chr12	132822187	132956304	protein_coding
TRHDE	AvC	chr12	72087266	72670758	protein_coding
SIDT1	AvC	chr3	113532400	113629714	protein_coding
PANX2	AvC	chr22	50170731	50180295	protein_coding
TP63	AvC	chr3	189631389	189897276	protein_coding
CLCN4	AvC	chrX	10156943	10237660	protein_coding
NLE1	AvC	chr17	35128730	35142306	protein_coding
FNDC8	AvC	chr17	35121615	35130732	protein_coding
GSDMB	AvC	chr17	39904595	39919854	protein_coding
ADAM11	AvC	chr17	44758988	44781846	protein_coding
FERMT2	AvC	chr14	52857267	52952435	protein_coding
DHRS9	AvC	chr2	169064789	169096168	protein_coding
PTGS2	AvC	chr1	186671791	186680922	protein_coding
IGF2BP2	AvC	chr3	185643130	185825061	protein_coding
FRY	AvC	chr13	31846713	32299125	protein_coding
GLI2	AvC	chr2	120735623	120992653	protein_coding
NOTCH3	AvC	chr19	15159038	15200996	protein_coding
TEAD2	AvC	chr19	49340585	49362729	protein_coding
CDHR2	AvC	chr5	176542511	176596284	protein_coding
CA12	AvC	chr15	63321378	63382027	protein_coding
MGLL	AvC	chr3	127689062	128052190	protein_coding
NTN4	AvC	chr12	95657807	95791189	protein_coding
NUAK1	AvC	chr12	106063345	106138954	protein_coding
SEMA3A	AvC	chr7	83955777	84492939	protein_coding
SEMA3C	AvC	chr7	80742538	80922379	protein_coding
WNT8B	AvC	chr10	100463009	100483744	protein_coding
SLC25A40	AvC	chr7	87833561	87876404	protein_coding
FNDC3B	AvC	chr3	172039547	172405418	protein_coding
CACNG4	AvC	chr17	66964707	67033400	protein_coding
MOCOS	AvC	chr18	36186894	36272157	protein_coding
PLD1	AvC	chr3	171600404	171810950	protein_coding
ATP12A	AvC	chr13	24680408	24712472	protein_coding
KIFAP3	AvC	chr1	169921326	170085208	protein_coding
SLC46A1	AvC	chr17	28394642	28407197	protein_coding
PLXNA2	AvC	chr1	208022242	208244850	protein_coding
ANKRD13A	AvC	chr12	109999186	110039763	protein_coding
PAG1	AvC	chr8	80967810	81112116	protein_coding
MCAM	AvC	chr11	119307972	119321521	protein_coding
GPC4	AvC	chrX	133300103	133416214	protein_coding
RAP1GAP	AvC	chr1	21596215	21669846	protein_coding
DGKD	AvC	chr2	233354484	233472104	protein_coding
NFKB2	AvC	chr10	102394110	102402529	protein_coding
SPAG6	AvC	chr10	22345445	22454224	protein_coding
LRCH4	AvC	chr7	100574011	100586161	protein_coding
GPR137B	AvC	chr1	236142148	236221865	protein_coding
NAALAD2	AvC	chr11	90131515	90192894	protein_coding
SMC1B	AvC	chr22	45344063	45413619	protein_coding
MAP2	AvC	chr2	209423988	209734235	protein_coding
FAP	AvC	chr2	162170684	162245151	protein_coding
NEBL	AvC	chr10	20779973	21293011	protein_coding
HOXA9	AvC	chr7	27162438	27175180	protein_coding
EDN1	AvC	chr6	12287459	12297194	protein_coding
TP73	AvC	chr1	3652516	3736201	protein_coding
CLUL1	AvC	chr18	596988	650334	protein_coding
FKBP7	AvC	chr2	178463664	178478600	protein_coding
OSBPL6	AvC	chr2	178193711	178402893	protein_coding
SLC1A3	AvC	chr5	36596588	36688335	protein_coding
DUSP13B	AvC	chr10	75094432	75106499	protein_coding
OPHN1	AvC	chrX	67949349	68434120	protein_coding
EPB41L2	AvC	chr6	130839343	131063361	protein_coding
PTPRH	AvC	chr19	55181230	55209508	protein_coding
EPHA6	AvC	chr3	96814581	97761532	protein_coding
COL5A3	AvC	chr19	9959561	10010504	protein_coding
PUM3	AvC	chr9	2720469	2844130	protein_coding
MOK	AvC	chr14	102224500	102305190	protein_coding
IGSF9B	AvC	chr11	133896438	133956968	protein_coding
CROCCP3	AvC	chr1	16474396	16491307	transcribed_unprocessed_pseudogene
CXCL2	AvC	chr4	74097040	74099196	protein_coding
COL4A4	AvC	chr2	227002714	227164453	protein_coding
PTPRC	AvC	chr1	198629900	198759346	protein_coding
CDC14B	AvC	chr9	96490241	96619855	protein_coding
CADPS2	AvC	chr7	122318411	122886779	protein_coding
STRADB	AvC	chr2	201387858	201480850	protein_coding
TRAF5	AvC	chr1	211326325	211375036	protein_coding
SEMA5B	AvC	chr3	122908792	123028605	protein_coding
TRPM3	AvC	chr9	70529060	71446977	protein_coding
PLOD1	AvC	chr1	11934205	11975542	protein_coding
HAL	AvC	chr12	95972662	95996365	protein_coding
SSH1	AvC	chr12	108778191	108857613	protein_coding
APLP2	AvC	chr11	130068147	130144811	protein_coding
NKAIN1	AvC	chr1	31179344	31239966	protein_coding
COL16A1	AvC	chr1	31652260	31704319	protein_coding
AGBL5	AvC	chr2	27042364	27070622	protein_coding
KIF3C	AvC	chr2	25926589	25982761	protein_coding
MAPRE3	AvC	chr2	26970633	27027219	protein_coding
CD82	AvC	chr11	44564414	44620924	protein_coding
OVGP1	AvC	chr1	111414319	111427735	protein_coding
CPNE3	AvC	chr8	86514435	86561498	protein_coding
WNT11	AvC	chr11	76186325	76210761	protein_coding
DDHD2	AvC	chr8	38225218	38275558	protein_coding
TTC39A	AvC	chr1	51287258	51345116	protein_coding
CHMP5	AvC	chr9	33264017	33282071	protein_coding
AQP6	AvC	chr12	49967194	49977139	protein_coding
FAT2	AvC	chr5	151504092	151591331	protein_coding
ERO1B	AvC	chr1	236214681	236282019	protein_coding
HSD17B2	AvC	chr16	82034988	82098534	protein_coding
PPP1R15A	AvC	chr19	48872212	48876291	protein_coding
TMPRSS11E	AvC	chr4	68447463	68497604	protein_coding
MMP2	AvC	chr16	55389700	55506691	protein_coding
PTHLH	AvC	chr12	27958084	27972755	protein_coding
CASS4	AvC	chr20	56412049	56460387	protein_coding
PIR	AvC	chrX	15384799	15493635	protein_coding
ASAP3	AvC	chr1	23428561	23484637	protein_coding
FER1L4	AvC	chr20	35558866	35607494	transcribed_unitary_pseudogene
EPB41L1	AvC	chr20	36091504	36232799	protein_coding
DOCK3	AvC	chr3	50674927	51384198	protein_coding
C3orf18	AvC	chr3	50558025	50573568	protein_coding
TMEM40	AvC	chr3	12733528	12769457	protein_coding
SMOX	AvC	chr20	4120980	4187748	protein_coding
KIZ	AvC	chr20	21125975	21246622	protein_coding
SIRPG	AvC	chr20	1629152	1657779	protein_coding
DZANK1	AvC	chr20	18383361	18467332	protein_coding
ZNF302	AvC	chr19	34677084	34687065	protein_coding
GRAMD1A	AvC	chr19	34994784	35026471	protein_coding
CDIP1	AvC	chr16	4510619	4538828	protein_coding
LAG3	AvC	chr12	6772360	6778455	protein_coding
OTUB2	AvC	chr14	94026340	94048930	protein_coding
ANKRD24	AvC	chr19	4182630	4224818	protein_coding
YPEL3	AvC	chr16	30092314	30096915	protein_coding
P3H2	AvC	chr3	189956728	190122437	protein_coding
GNPTG	AvC	chr16	1351931	1365737	protein_coding
DLL3	AvC	chr19	39498895	39508481	protein_coding
CMTM6	AvC	chr3	32474175	32502852	protein_coding
ITGA6	AvC	chr2	172234216	172506459	protein_coding
SMPX	AvC	chrX	21705978	21758176	protein_coding
MYO15A	AvC	chr17	18108756	18179802	protein_coding
NLRP1	AvC	chr17	5499415	5619424	protein_coding
ESR1	AvC	chr6	151651284	152129619	protein_coding
SLC7A8	AvC	chr14	23125295	23183674	protein_coding
SLC22A17	AvC	chr14	23346314	23352912	protein_coding
TGM1	AvC	chr14	24249114	24264432	protein_coding
SEMA6A	AvC	chr5	116443555	116576161	protein_coding
TBX15	AvC	chr1	118883046	118989556	protein_coding
PHGDH	AvC	chr1	119648411	119744227	protein_coding
COL9A3	AvC	chr20	62816244	62841163	protein_coding
DPYSL2	AvC	chr8	26514031	26658178	protein_coding
VNN3P	AvC	chr6	132722926	132734692	transcribed_unitary_pseudogene
CBX5	AvC	chr12	54230942	54280133	protein_coding
PTGS1	AvC	chr9	122370530	122395705	protein_coding
CRAT	AvC	chr9	129094142	129111313	protein_coding
TBC1D2	AvC	chr9	98199011	98255649	protein_coding
WHRN	AvC	chr9	114402078	114505525	protein_coding
BLNK	AvC	chr10	96189171	96272658	protein_coding
SORBS1	AvC	chr10	95311390	95561469	protein_coding
BAMBI	AvC	chr10	28677510	28682932	protein_coding
IL11	AvC	chr19	55364382	55370463	protein_coding
SMIM24	AvC	chr19	3473986	3480525	protein_coding
TREM2	AvC	chr6	41158488	41163186	protein_coding
FKBP5	AvC	chr6	35572945	35728622	protein_coding
EFHC1	AvC	chr6	52362123	52529886	protein_coding
PCSK5	AvC	chr9	75890644	76362975	protein_coding
PRTFDC1	AvC	chr10	24848614	24952606	protein_coding
PALMD	AvC	chr1	99645499	99695178	protein_coding
HSD3B7	AvC	chr16	30985143	30989154	protein_coding
HCN2	AvC	chr19	589881	617159	protein_coding
IZUMO4	AvC	chr19	2096429	2099593	protein_coding
RASSF7	AvC	chr11	560207	564067	protein_coding
P2RX6	AvC	chr22	21009808	21028013	protein_coding
SUSD2	AvC	chr22	24181481	24189111	protein_coding
PRODH	AvC	chr22	18912774	18936553	protein_coding
MFNG	AvC	chr22	37469063	37486402	protein_coding
SH3BP1	AvC	chr22	37634654	37656117	protein_coding
DEPDC5	AvC	chr22	31753867	31908033	protein_coding
SLC5A1	AvC	chr22	32043050	32113029	protein_coding
TPTEP1	AvC	chr22	16637040	16638740	transcribed_unprocessed_pseudogene
KDELR3	AvC	chr22	38468043	38483447	protein_coding
DMC1	AvC	chr22	38518905	38570211	protein_coding
APOBEC3H	AvC	chr22	39097224	39104067	protein_coding
RASD2	AvC	chr22	35539796	35554003	protein_coding
CBX7	AvC	chr22	39120167	39152719	protein_coding
SYNGR1	AvC	chr22	39349909	39385588	protein_coding
PNPLA5	AvC	chr22	43878568	43892494	protein_coding
APOL1	AvC	chr22	36253071	36267530	protein_coding
PNPLA3	AvC	chr22	43923781	43964488	protein_coding
KCTD17	AvC	chr22	37051739	37063390	protein_coding
PYGL	AvC	chr14	50857891	50944734	protein_coding
TRIM9	AvC	chr14	50975261	51096078	protein_coding
PLEK2	AvC	chr14	67385652	67412176	protein_coding
LGMN	AvC	chr14	92703798	92751131	protein_coding
ASB2	AvC	chr14	93933783	93978831	protein_coding
PAPLN	AvC	chr14	73236338	73275334	protein_coding
RPS6KA5	AvC	chr14	90847861	91060682	protein_coding
DHRS2	AvC	chr14	23630115	23645639	protein_coding
NFATC4	AvC	chr14	24365673	24379604	protein_coding
MMP9	AvC	chr20	46008908	46016561	protein_coding
PROCR	AvC	chr20	35171850	35216240	protein_coding
NINL	AvC	chr20	25451594	25585586	protein_coding
CD40	AvC	chr20	46118249	46129872	protein_coding
NFATC2	AvC	chr20	51386957	51562831	protein_coding
RIMS4	AvC	chr20	44751808	44810546	protein_coding
BMP7	AvC	chr20	57168753	57266641	protein_coding
SLCO4A1	AvC	chr20	62642440	62685785	protein_coding
NTSR1	AvC	chr20	62708836	62762771	protein_coding
EEF1A2	AvC	chr20	63477488	63500533	protein_coding
PTK6	AvC	chr20	63528001	63537376	protein_coding
CDC25B	AvC	chr20	3786772	3806730	protein_coding
ANGPT4	AvC	chr20	869900	916334	protein_coding
FERMT1	AvC	chr20	6070288	6123644	protein_coding
JAG1	AvC	chr20	10637684	10674396	protein_coding
PXMP4	AvC	chr20	33702758	33720319	protein_coding
WFDC2	AvC	chr20	45469386	45481533	protein_coding
AHCY	AvC	chr20	34280268	34311802	protein_coding
PPP1R16B	AvC	chr20	38804915	38923025	protein_coding
SPINT3	AvC	chr20	45512461	45515622	protein_coding
MAP1LC3A	AvC	chr20	34546838	34560357	protein_coding
CDH20	AvC	chr18	61333430	61555779	protein_coding
LAMA1	AvC	chr18	6941742	7117859	protein_coding
RNF125	AvC	chr18	32018174	32088144	protein_coding
NOL4	AvC	chr18	33851100	34224952	protein_coding
VSIG1	AvC	chrX	108044970	108079184	protein_coding
STS	AvC	chrX	7147237	7804358	protein_coding
TBL1X	AvC	chrX	9463258	9741037	protein_coding
GPR143	AvC	chrX	9724039	9786297	protein_coding
GLRA2	AvC	chrX	14529298	14731812	protein_coding
MCF2	AvC	chrX	139581770	139708216	protein_coding
ABCD1	AvC	chrX	153724495	153744755	protein_coding
BMX	AvC	chrX	15464246	15556529	protein_coding
MTMR8	AvC	chrX	64268081	64395452	protein_coding
ASB9	AvC	chrX	15235288	15270467	protein_coding
SCML2	AvC	chrX	18239307	18355149	protein_coding
EMD	AvC	chrX	154379244	154381574	protein_coding
VGLL1	AvC	chrX	136532154	136556807	protein_coding
RBM3	AvC	chrX	48574056	48581162	protein_coding
RUBCNL	AvC	chr13	46334681	46438190	protein_coding
NALCN	AvC	chr13	101053773	101416508	protein_coding
KATNAL1	AvC	chr13	30202630	30307551	protein_coding
TSC22D1	AvC	chr13	44432143	44577316	protein_coding
OLFM4	AvC	chr13	53028813	53052057	protein_coding
MSLN	AvC	chr16	760734	768866	protein_coding
HSF4	AvC	chr16	67164681	67169945	protein_coding
CORO1A	AvC	chr16	30182817	30189085	protein_coding
MAPK3	AvC	chr16	30114105	30123506	protein_coding
GDPD3	AvC	chr16	30104810	30113537	protein_coding
PHKB	AvC	chr16	47461123	47701523	protein_coding
CCL17	AvC	chr16	57404767	57416063	protein_coding
SLC38A7	AvC	chr16	58663015	58684770	protein_coding
HAS3	AvC	chr16	69105653	69118719	protein_coding
NECAB2	AvC	chr16	83968244	84002776	protein_coding
MEFV	AvC	chr16	3240392	3256954	protein_coding
PIEZO1	AvC	chr16	88715338	88785251	protein_coding
PRSS33	AvC	chr16	2783926	2787948	protein_coding
PYCARD	AvC	chr16	31201486	31203450	protein_coding
RPGRIP1L	AvC	chr16	53598153	53703938	protein_coding
TMC5	AvC	chr16	19410428	19499113	protein_coding
CORO2B	AvC	chr15	68578971	68727806	protein_coding
AP3B2	AvC	chr15	82659281	82710112	protein_coding
CTSH	AvC	chr15	78921058	78949574	protein_coding
GOLGA8UP	AvC	chr15	30791573	30801859	transcribed_unprocessed_pseudogene
CEMIP	AvC	chr15	80779343	80951776	protein_coding
TGM5	AvC	chr15	43232590	43266928	protein_coding
BMF	AvC	chr15	40087889	40108928	protein_coding
RHOV	AvC	chr15	40872214	40874234	protein_coding
SGK3	AvC	chr8	66712484	66862022	protein_coding
PDGFRL	AvC	chr8	17576433	17644071	protein_coding
ZDHHC2	AvC	chr8	17155974	17224799	protein_coding
CA2	AvC	chr8	85463968	85481493	protein_coding
INTS9	AvC	chr8	28767661	28890242	protein_coding
CPQ	AvC	chr8	96645240	97150160	protein_coding
CALB1	AvC	chr8	90058608	90095475	protein_coding
NIPAL2	AvC	chr8	98189826	98294393	protein_coding
PLAT	AvC	chr8	42174718	42207709	protein_coding
STK3	AvC	chr8	98371228	98942827	protein_coding
CCN4	AvC	chr8	133191039	133231690	protein_coding
ZC2HC1A	AvC	chr8	78666050	78719765	protein_coding
IL7	AvC	chr8	78675743	78805523	protein_coding
TRPS1	AvC	chr8	115408496	115809673	protein_coding
SNX16	AvC	chr8	81799581	81842866	protein_coding
UBXN8	AvC	chr8	30729131	30767009	protein_coding
ARHGEF10	AvC	chr8	1823332	1958642	protein_coding
KLHDC4	AvC	chr16	87696485	87765998	protein_coding
ASAH1	AvC	chr8	18055992	18084998	protein_coding
BNIP3L	AvC	chr8	26383037	26505636	protein_coding
KCNA7	AvC	chr19	49067397	49072699	protein_coding
RELB	AvC	chr19	45001461	45038192	protein_coding
KLC3	AvC	chr19	45333434	45351537	protein_coding
DMPK	AvC	chr19	45769709	45782552	protein_coding
OLFM2	AvC	chr19	9853718	9936558	protein_coding
EPHX3	AvC	chr19	15226899	15233591	protein_coding
CASP14	AvC	chr19	15049480	15058293	protein_coding
CCNP	AvC	chr19	40222208	40226697	protein_coding
EBI3	AvC	chr19	4229314	4237528	protein_coding
TJP3	AvC	chr19	3708356	3750813	protein_coding
DENND3	AvC	chr8	141117278	141195808	protein_coding
MYH14	AvC	chr19	50188186	50310545	protein_coding
ICAM5	AvC	chr19	10289952	10296778	protein_coding
ATP1A3	AvC	chr19	41966582	41997497	protein_coding
MEIS3	AvC	chr19	47403124	47419530	protein_coding
PTPRS	AvC	chr19	5158495	5340941	protein_coding
CNFN	AvC	chr19	42387019	42390297	protein_coding
GRIN2D	AvC	chr19	48393668	48444931	protein_coding
CLEC11A	AvC	chr19	50723286	50725719	protein_coding
HAS1	AvC	chr19	51713112	51723991	protein_coding
DBP	AvC	chr19	48630030	48637379	protein_coding
CAPS	AvC	chr19	5912339	5916211	protein_coding
FAM83E	AvC	chr19	48599961	48615093	protein_coding
JAK3	AvC	chr19	17824780	17848071	protein_coding
PDE4C	AvC	chr19	18207965	18248200	protein_coding
ISYNA1	AvC	chr19	18434388	18438178	protein_coding
ZNF14	AvC	chr19	19710472	19733112	protein_coding
SCN1B	AvC	chr19	35030447	35040455	protein_coding
PBX4	AvC	chr19	19561707	19618732	protein_coding
GRIK5	AvC	chr19	41998316	42070240	protein_coding
ZNF85	AvC	chr19	20923222	20950697	protein_coding
RUNDC3B	AvC	chr7	87627548	87832296	protein_coding
CFAP69	AvC	chr7	90245161	90311063	protein_coding
NAMPT	AvC	chr7	106248298	106291225	protein_coding
PON3	AvC	chr7	95357618	95396493	protein_coding
PON2	AvC	chr7	95404861	95435389	protein_coding
ITGB8	AvC	chr7	20330609	20415754	protein_coding
WDR91	AvC	chr7	135183839	135211557	protein_coding
DNAH11	AvC	chr7	21543039	21901839	protein_coding
GSDME	AvC	chr7	24698355	24757940	protein_coding
IFT56	AvC	chr7	139133744	139191986	protein_coding
CAV1	AvC	chr7	116524994	116561179	protein_coding
LFNG	AvC	chr7	2512529	2529177	protein_coding
IQCE	AvC	chr7	2558972	2614733	protein_coding
TSPAN12	AvC	chr7	120787319	120858402	protein_coding
HOXA13	AvC	chr7	27193503	27200091	protein_coding
CPVL	AvC	chr7	28994636	29195451	protein_coding
CHN2	AvC	chr7	29146547	29514334	protein_coding
GRB10	AvC	chr7	50590063	50793462	protein_coding
CRHR2	AvC	chr7	30651444	30700129	protein_coding
CASP2	AvC	chr7	143288215	143307696	protein_coding
CCL24	AvC	chr7	75810825	75823943	protein_coding
HSPB1	AvC	chr7	76302673	76305813	protein_coding
PTPRZ1	AvC	chr7	121873089	122062037	protein_coding
MOSPD3	AvC	chr7	100612102	100615983	protein_coding
PCOLCE	AvC	chr7	100602334	100608175	protein_coding
IMPDH1	AvC	chr7	128392277	128410009	protein_coding
AGFG2	AvC	chr7	100539190	100568220	protein_coding
C1GALT1	AvC	chr7	7156934	7248616	protein_coding
PLOD3	AvC	chr7	101205977	101219968	protein_coding
GLCCI1	AvC	chr7	7968796	8094272	protein_coding
ZNF862	AvC	chr7	149838375	149867479	protein_coding
SFRP4	AvC	chr7	37905932	38025695	protein_coding
ANKMY2	AvC	chr7	16599779	16645831	protein_coding
ACTR3C	AvC	chr7	150243916	150323725	protein_coding
TSPAN13	AvC	chr7	16753745	16784536	protein_coding
AGR2	AvC	chr7	16791387	16833433	protein_coding
GIMAP2	AvC	chr7	150685697	150693641	protein_coding
TMEM176B	AvC	chr7	150790382	150803404	protein_coding
GLI3	AvC	chr7	41960949	42264265	protein_coding
URGCP	AvC	chr7	43875894	43926411	protein_coding
TMEM248	AvC	chr7	66921171	66958551	protein_coding
PRKAG2	AvC	chr7	151556117	151877507	protein_coding
CLIP2	AvC	chr7	74289407	74405943	protein_coding
SLC1A1	AvC	chr9	4490225	4587469	protein_coding
LHX2	AvC	chr9	124001670	124033301	protein_coding
CNTNAP3	AvC	chr9	39064710	39288611	protein_coding
PRUNE2	AvC	chr9	76611376	76906591	protein_coding
CORO2A	AvC	chr9	98120975	98193206	protein_coding
C5	AvC	chr9	120932987	121075195	protein_coding
TLE4	AvC	chr9	79571773	79726882	protein_coding
PTGR1	AvC	chr9	111549722	111599893	protein_coding
CDC37L1	AvC	chr9	4679559	4708399	protein_coding
RLN2	AvC	chr9	5299864	5304716	protein_coding
RLN1	AvC	chr9	5334930	5339876	protein_coding
CA9	AvC	chr9	35673928	35681159	protein_coding
TYRP1	AvC	chr9	12685439	12710285	protein_coding
MPDZ	AvC	chr9	13104620	13279790	protein_coding
GLIS3	AvC	chr9	3824127	4348392	protein_coding
APBA1	AvC	chr9	69427532	69672371	protein_coding
PTGDS	AvC	chr9	136975053	136981750	protein_coding
SHB	AvC	chr9	37915898	38069227	protein_coding
UBE2R2	AvC	chr9	33817160	33920399	protein_coding
ZFAND5	AvC	chr9	72351412	72365328	protein_coding
CUBN	AvC	chr10	16823966	17129811	protein_coding
DDX50	AvC	chr10	68901264	68946847	protein_coding
MAPK8	AvC	chr10	48306639	48439360	protein_coding
PALD1	AvC	chr10	70477658	70668754	protein_coding
SPOCK2	AvC	chr10	72059034	72089032	protein_coding
MICU1	AvC	chr10	72367328	72626134	protein_coding
MINPP1	AvC	chr10	87504875	87553461	protein_coding
LZTS2	AvC	chr10	100996539	101007852	protein_coding
KAZALD1	AvC	chr10	101061171	101068179	protein_coding
FGF8	AvC	chr10	101770109	101780371	protein_coding
CPEB3	AvC	chr10	92046692	92291628	protein_coding
NEURL1	AvC	chr10	103493705	103592546	protein_coding
MAP3K8	AvC	chr10	30433473	30461833	protein_coding
UBE2S	AvC	chr19	55399745	55407788	protein_coding
DNAJC12	AvC	chr10	67796668	67838188	protein_coding
PPIF	AvC	chr10	79347466	79355337	protein_coding
CSF3	AvC	chr17	40015361	40017816	protein_coding
RNF43	AvC	chr17	58353676	58417735	protein_coding
TRIM16L	AvC	chr17	18722237	18735460	transcribed_unprocessed_pseudogene
BLMH	AvC	chr17	30248200	30292152	protein_coding
DRG2	AvC	chr17	18087892	18107979	protein_coding
ALDH3A1	AvC	chr17	19737984	19748943	protein_coding
SYNGR2	AvC	chr17	78168567	78173527	protein_coding
LGALS3BP	AvC	chr17	78971238	78979962	protein_coding
DHX58	AvC	chr17	42101404	42112733	protein_coding
COL1A1	AvC	chr17	50184101	50201634	protein_coding
HDAC5	AvC	chr17	44076746	44123702	protein_coding
MPP2	AvC	chr17	43875357	43909711	protein_coding
SMURF2	AvC	chr17	64542282	64662335	protein_coding
HLF	AvC	chr17	55264960	55325187	protein_coding
EFNB3	AvC	chr17	7705202	7711372	protein_coding
MAP2K6	AvC	chr17	69414683	69553865	protein_coding
MYH3	AvC	chr17	10628526	10657309	protein_coding
PMP22	AvC	chr17	15229773	15272292	protein_coding
SULT1E1	AvC	chr4	69838259	69861075	protein_coding
NMU	AvC	chr4	55595229	55636747	protein_coding
CRACD	AvC	chr4	56049098	56330609	protein_coding
TBC1D9	AvC	chr4	140620782	140756982	protein_coding
INPP4B	AvC	chr4	142023160	142847432	protein_coding
ANXA10	AvC	chr4	168092537	168187736	protein_coding
GALNT7	AvC	chr4	173168811	173323967	protein_coding
SLC2A9	AvC	chr4	9771153	10054936	protein_coding
GLRB	AvC	chr4	157076100	157172090	protein_coding
PPARGC1A	AvC	chr4	23755041	23904089	protein_coding
CRYAB	AvC	chr11	111908564	111923722	protein_coding
CTSC	AvC	chr11	88265069	88359684	protein_coding
ZBTB16	AvC	chr11	114058335	114256765	protein_coding
B3GAT1	AvC	chr11	134378504	134412242	protein_coding
VWA5A	AvC	chr11	124115404	124147721	protein_coding
SIAE	AvC	chr11	124633113	124695707	protein_coding
CCND1	AvC	chr11	69641143	69654474	protein_coding
CEP126	AvC	chr11	101915010	102001062	protein_coding
NECTIN1	AvC	chr11	119623408	119729200	protein_coding
KIAA1549L	AvC	chr11	33376108	33674102	protein_coding
MDK	AvC	chr11	46380756	46383837	protein_coding
ELMOD1	AvC	chr11	107591091	107666779	protein_coding
SOX6	AvC	chr11	15966449	16739591	protein_coding
TCIRG1	AvC	chr11	68039025	68050895	protein_coding
P3H3	AvC	chr12	6828381	6839854	protein_coding
ASIC1	AvC	chr12	50057548	50083621	protein_coding
CAPRIN2	AvC	chr12	30709512	30823302	protein_coding
BCL7A	AvC	chr12	122019422	122062044	protein_coding
CYP27B1	AvC	chr12	57762334	57768986	protein_coding
TNS2	AvC	chr12	53046969	53064379	protein_coding
PPM1H	AvC	chr12	62643994	62935163	protein_coding
WNT5B	AvC	chr12	1529854	1647243	protein_coding
TRPV4	AvC	chr12	109783087	109833406	protein_coding
PARP11	AvC	chr12	3791047	3873448	protein_coding
SH2B3	AvC	chr12	111405000	111451623	protein_coding
MANSC1	AvC	chr12	12326056	12350483	protein_coding
SCNN1A	AvC	chr12	6346843	6383917	protein_coding
RERGL	AvC	chr12	18080869	18320107	protein_coding
FZD10	AvC	chr12	130162459	130165740	protein_coding
STX2	AvC	chr12	130789600	130839265	protein_coding
ST8SIA1	AvC	chr12	22063773	22437041	protein_coding
COL12A1	AvC	chr6	75084326	75206267	protein_coding
BTN3A3	AvC	chr6	26440452	26453422	protein_coding
FRK	AvC	chr6	115931149	116061093	protein_coding
RSPH4A	AvC	chr6	116616479	116632985	protein_coding
GCNT2	AvC	chr6	10492223	10629368	protein_coding
NEDD9	AvC	chr6	11183298	11382348	protein_coding
RIPOR2	AvC	chr6	24803362	25042170	protein_coding
SLC26A8	AvC	chr6	35943516	36028767	protein_coding
MDGA1	AvC	chr6	37630679	37699306	protein_coding
CD83	AvC	chr6	14117256	14140682	protein_coding
GLP1R	AvC	chr6	39048781	39091303	protein_coding
BMP5	AvC	chr6	55753653	55875595	protein_coding
BACH2	AvC	chr6	89926528	90296923	protein_coding
BAG2	AvC	chr6	57172319	57189833	protein_coding
GPR63	AvC	chr6	96794125	96838150	protein_coding
COL9A1	AvC	chr6	70216040	70303084	protein_coding
ALDH5A1	AvC	chr6	24494798	24537207	protein_coding
VNN1	AvC	chr6	132680849	132719962	protein_coding
VNN2	AvC	chr6	132743870	132763459	protein_coding
SOBP	AvC	chr6	107490073	107661306	protein_coding
PHACTR2	AvC	chr6	143536845	143831185	protein_coding
PHF1	AvC	chr6	33410382	33416453	protein_coding
PDE10A	AvC	chr6	165327287	165988117	protein_coding
MDFI	AvC	chr6	41636840	41654246	protein_coding
TFEB	AvC	chr6	41683978	41736259	protein_coding
CCND3	AvC	chr6	41934934	42050357	protein_coding
PRPH2	AvC	chr6	42696598	42722597	protein_coding
IMPG1	AvC	chr6	75921114	76072678	protein_coding
VEGFA	AvC	chr6	43770184	43786487	protein_coding
LAMA4	AvC	chr6	112106077	112254939	protein_coding
TENT5A	AvC	chr6	81491439	81752774	protein_coding
ENPP5	AvC	chr6	46158482	46171113	protein_coding
TBX18	AvC	chr6	84687351	84764598	protein_coding
PCDHB2	AvC	chr5	141094606	141098703	protein_coding
SEMA5A	AvC	chr5	9035033	9546142	protein_coding
HBEGF	AvC	chr5	140332843	140346614	protein_coding
SPARC	AvC	chr5	151661096	151687352	protein_coding
THBS4	AvC	chr5	79991311	80083831	protein_coding
RASGRF2	AvC	chr5	80960310	81230162	protein_coding
NPR3	AvC	chr5	32689070	32791724	protein_coding
PDE4D	AvC	chr5	58969038	60522120	protein_coding
ST8SIA4	AvC	chr5	100806933	100903285	protein_coding
GNPDA1	AvC	chr5	141991749	142013057	protein_coding
LIFR	AvC	chr5	38474668	38608354	protein_coding
C9	AvC	chr5	39283982	39371324	protein_coding
DPYSL3	AvC	chr5	147390808	147510089	protein_coding
UNC5A	AvC	chr5	176810505	176880898	protein_coding
BCL6	AvC	chr3	187721377	187745725	protein_coding
CLDN16	AvC	chr3	190322522	190412460	protein_coding
TFDP2	AvC	chr3	141944428	142149544	protein_coding
BCHE	AvC	chr3	165772904	165837462	protein_coding
WNT5A	AvC	chr3	55465715	55490539	protein_coding
COL7A1	AvC	chr3	48564073	48595329	protein_coding
NCBP2	AvC	chr3	196935402	196942594	protein_coding
C3orf52	AvC	chr3	112086335	112131004	protein_coding
FRMD4B	AvC	chr3	69168782	69542583	protein_coding
ROPN1B	AvC	chr3	125969160	125983454	protein_coding
PLXNA1	AvC	chr3	126982693	127037389	protein_coding
ABTB1	AvC	chr3	127672906	127680926	protein_coding
PODXL2	AvC	chr3	127629143	127672810	protein_coding
PLSCR4	AvC	chr3	146192335	146251179	protein_coding
CISH	AvC	chr3	50606456	50611774	protein_coding
ACVR2B	AvC	chr3	38453890	38493142	protein_coding
PEX5L	AvC	chr3	179794958	180037053	protein_coding
ABCC5	AvC	chr3	183919934	184017939	protein_coding
PLCH1	AvC	chr3	155375580	155745085	protein_coding
VIPR1	AvC	chr3	42489299	42537688	protein_coding
ZBTB47	AvC	chr3	42652900	42667580	protein_coding
ADAM23	AvC	chr2	206443498	206621301	protein_coding
IL1A	AvC	chr2	112773925	112784493	protein_coding
KCNIP3	AvC	chr2	95297327	95386081	protein_coding
EPB41L5	AvC	chr2	120013066	120179119	protein_coding
TFCP2L1	AvC	chr2	121216587	121285202	protein_coding
SF3B6	AvC	chr2	24067579	24076464	protein_coding
CYTIP	AvC	chr2	157409360	157491093	protein_coding
MPV17	AvC	chr2	27309486	27325680	protein_coding
ITGB6	AvC	chr2	160099664	160271888	protein_coding
FNDC4	AvC	chr2	27491883	27495631	protein_coding
ITGA4	AvC	chr2	181457202	181538940	protein_coding
MOGS	AvC	chr2	74461057	74465410	protein_coding
TLX2	AvC	chr2	74513463	74517148	protein_coding
HTRA2	AvC	chr2	74529596	74533350	protein_coding
DOK1	AvC	chr2	74548875	74557554	protein_coding
TACR1	AvC	chr2	75046463	75199520	protein_coding
CCDC88A	AvC	chr2	55287818	55420042	protein_coding
GLS	AvC	chr2	190880821	190965552	protein_coding
IGFBP2	AvC	chr2	216632828	216664441	protein_coding
CCT4	AvC	chr2	61868085	61888696	protein_coding
ST3GAL5	AvC	chr2	85837120	85905199	protein_coding
CHST10	AvC	chr2	100391860	100417826	protein_coding
IL1R2	AvC	chr2	101991824	102029018	protein_coding
IL1R1	AvC	chr2	102063933	102179874	protein_coding
WNT6	AvC	chr2	218859805	218874233	protein_coding
IL1RL2	AvC	chr2	102186980	102240002	protein_coding
IL18R1	AvC	chr2	102311529	102398777	protein_coding
SLC9A2	AvC	chr2	102619553	102711355	protein_coding
HPCAL1	AvC	chr2	10301356	10427835	protein_coding
ODC1	AvC	chr2	10439968	10450116	protein_coding
CEBPZ	AvC	chr2	37201570	37231601	protein_coding
RAB3GAP1	AvC	chr2	135052283	135176667	protein_coding
DLX2	AvC	chr2	172099438	172102900	protein_coding
SDC1	AvC	chr2	20200796	20225433	protein_coding
KYNU	AvC	chr2	142877613	143055833	protein_coding
TRAK2	AvC	chr2	201377207	201453449	protein_coding
VAX2	AvC	chr2	70900576	70965373	protein_coding
ATP6V1B1	AvC	chr2	70935771	70965431	protein_coding
EPHA4	AvC	chr2	221418027	221574202	protein_coding
MARK1	AvC	chr1	220528086	220664461	protein_coding
ELAPOR1	AvC	chr1	109113175	109206781	protein_coding
KCNC4	AvC	chr1	110210314	110283100	protein_coding
RHOU	AvC	chr1	228735479	228746664	protein_coding
FBXO2	AvC	chr1	11637018	11655785	protein_coding
FBXO6	AvC	chr1	11664189	11674354	protein_coding
C1orf21	AvC	chr1	184386098	184629019	protein_coding
PLA2G4A	AvC	chr1	186828949	186988986	protein_coding
WLS	AvC	chr1	68098473	68233120	protein_coding
CTH	AvC	chr1	70406194	70442771	protein_coding
OLFML3	AvC	chr1	113979024	114035572	protein_coding
SIPA1L2	AvC	chr1	232397622	232631404	protein_coding
KMO	AvC	chr1	241532134	241595642	protein_coding
KCNQ4	AvC	chr1	40783675	40840452	protein_coding
ST6GALNAC5	AvC	chr1	76867447	77067546	protein_coding
PADI2	AvC	chr1	17066761	17119459	protein_coding
MFAP2	AvC	chr1	16974498	16981616	protein_coding
RAB29	AvC	chr1	205767986	205775482	protein_coding
CD160	AvC	chr1	145719443	145740760	protein_coding
CR2	AvC	chr1	207453024	207489895	protein_coding
PIK3R3	AvC	chr1	46040140	46133338	protein_coding
HSD11B1	AvC	chr1	209686178	209734949	protein_coding
IRF6	AvC	chr1	209785254	209806217	protein_coding
MAN1C1	AvC	chr1	25616791	25786205	protein_coding
MTARC2	AvC	chr1	220748122	220784824	protein_coding
ESYT2	AvC	chr7	158730995	158830253	protein_coding
MUC5B	AvC	chr11	1223066	1262172	protein_coding
TREH	AvC	chr11	118657316	118679690	protein_coding
NRP2	AvC	chr2	205681990	205798133	protein_coding
DNAI7	AvC	chr12	25108289	25195163	protein_coding
ATP10B	AvC	chr5	160563120	160852214	protein_coding
ELOVL4	AvC	chr6	79914814	79947553	protein_coding
PLAGL1	AvC	chr6	143940300	144064714	protein_coding
TNFAIP3	AvC	chr6	137866383	137885836	protein_coding
SGK1	AvC	chr6	134169248	134318112	protein_coding
CCN2	AvC	chr6	131948176	131951456	protein_coding
PMFBP1	AvC	chr16	72112157	72176878	protein_coding
SLC16A7	AvC	chr12	59596027	59789855	protein_coding
ARMC2	AvC	chr6	108848416	108974551	protein_coding
ABCG2	AvC	chr4	88090150	88231818	protein_coding
STBD1	AvC	chr4	76306733	76311130	protein_coding
RARRES1	AvC	chr3	158696892	158732798	protein_coding
GDA	AvC	chr9	72114595	72257193	protein_coding
KLF9	AvC	chr9	70384604	70414657	protein_coding
CCDC92	AvC	chr12	123918660	123974253	protein_coding
GALNT12	AvC	chr9	98807613	98851266	protein_coding
ONECUT2	AvC	chr18	57435374	57491298	protein_coding
PGF	AvC	chr14	74941830	74955626	protein_coding
IFI27L2	AvC	chr14	94125580	94130253	protein_coding
BBOF1	AvC	chr14	74019347	74082863	protein_coding
NPC2	AvC	chr14	74476192	74494177	protein_coding
DNAL1	AvC	chr14	73644875	73703732	protein_coding
LTBP2	AvC	chr14	74498183	74612378	protein_coding
FLVCR2	AvC	chr14	75578594	75663214	protein_coding
PPP4R4	AvC	chr14	94146128	94279734	protein_coding
ZC2HC1C	AvC	chr14	75064109	75119502	protein_coding
GPR68	AvC	chr14	91232532	91254026	protein_coding
FKBP1B	AvC	chr2	24049701	24063681	protein_coding
YIPF4	AvC	chr2	32277868	32316594	protein_coding
LGALSL	AvC	chr2	64453969	64461381	protein_coding
BCL11A	AvC	chr2	60450520	60554467	protein_coding
ELOVL3	AvC	chr10	102226299	102229589	protein_coding
PPP1R3C	AvC	chr10	91628442	91633071	protein_coding
PYROXD2	AvC	chr10	98383565	98415210	protein_coding
CNNM1	AvC	chr10	99329356	99394330	protein_coding
KCNIP2	AvC	chr10	101825969	101843965	protein_coding
CFAP58	AvC	chr10	104353833	104455102	protein_coding
MSX2	AvC	chr5	174724582	174730896	protein_coding
RCL1	AvC	chr9	4792944	4885917	protein_coding
MOB3B	AvC	chr9	27325209	27529814	protein_coding
CD274	AvC	chr9	5450503	5470566	protein_coding
CCDC170	AvC	chr6	151494013	151621193	protein_coding
TNN	AvC	chr1	175067509	175148075	protein_coding
ACAT2	AvC	chr6	159761981	159779821	protein_coding
TP53AIP1	AvC	chr11	128934731	128943399	protein_coding
PLXDC2	AvC	chr10	19815943	20289856	protein_coding
DNAJC15	AvC	chr13	43023203	43114213	protein_coding
SMAD9	AvC	chr13	36844831	36920887	protein_coding
SOCS2	AvC	chr12	93569808	93583487	protein_coding
CLU	AvC	chr8	27596917	27615056	protein_coding
PDLIM2	AvC	chr8	22578058	22598025	protein_coding
RDH10	AvC	chr8	73294602	73325281	protein_coding
ABCC11	AvC	chr16	48165773	48247568	protein_coding
ADCY7	AvC	chr16	50246137	50318135	protein_coding
PRB2	AvC	chr12	11391540	11501041	protein_coding
A1BG	AvC	chr19	58345178	58353492	protein_coding
MAPK8IP1	AvC	chr11	45885618	45906470	protein_coding
ADGRB2	AvC	chr1	31727117	31764893	protein_coding
CCRL2	AvC	chr3	46407144	46412997	protein_coding
TNFSF10	AvC	chr3	172505508	172523476	protein_coding
TMEM156	AvC	chr4	38965999	39032922	protein_coding
GTDC1	AvC	chr2	143938068	144333107	protein_coding
CXCR4	AvC	chr2	136114349	136119177	protein_coding
MRPS2	AvC	chr9	135499984	135504673	protein_coding
HS3ST2	AvC	chr16	22814162	22916338	protein_coding
ODF2L	AvC	chr1	86346824	86396342	protein_coding
PTGFR	AvC	chr1	78303884	78540701	protein_coding
LRRC39	AvC	chr1	100148424	100178267	protein_coding
SLC66A2	AvC	chr18	79902420	79951676	protein_coding
HYCC1	AvC	chr7	22889371	23014130	protein_coding
FKBP9	AvC	chr7	32957404	33006930	protein_coding
ARL4A	AvC	chr7	12686602	12690958	protein_coding
TWIST1	AvC	chr7	19020991	19117636	protein_coding
ACO1	AvC	chr9	32384603	32454769	protein_coding
KIAA1549	AvC	chr7	138831381	138982084	protein_coding
CYREN	AvC	chr7	135092363	135170914	protein_coding
AKR1D1	AvC	chr7	138002324	138118306	protein_coding
PLAU	AvC	chr10	73909177	73917501	protein_coding
SRGN	AvC	chr10	69088103	69104811	protein_coding
BICC1	AvC	chr10	58512872	58831435	protein_coding
ECD	AvC	chr10	73130155	73169055	protein_coding
SSPN	AvC	chr12	26121991	26299290	protein_coding
NECAB1	AvC	chr8	90791741	90959393	protein_coding
WWP1	AvC	chr8	86342547	86478420	protein_coding
GUCY1B2	AvC	chr13	51006991	51062894	transcribed_unitary_pseudogene
HOXC13	AvC	chr12	53938831	53946544	protein_coding
LRP1	AvC	chr12	57128483	57213361	protein_coding
HOXC12	AvC	chr12	53954903	53958956	protein_coding
SARDH	AvC	chr9	133663528	133739976	protein_coding
HJURP	AvC	chr2	233833416	233854566	protein_coding
IL13RA2	AvC	chrX	115003975	115019977	protein_coding
RAB9B	AvC	chrX	103822327	103835153	protein_coding
NRK	AvC	chrX	105822394	105958611	protein_coding
ESX1	AvC	chrX	104250038	104254933	protein_coding
TNFAIP6	AvC	chr2	151357592	151380046	protein_coding
BATF3	AvC	chr1	212686417	212699840	protein_coding
RAB38	AvC	chr11	88113251	88175443	protein_coding
MXD4	AvC	chr4	2247432	2262115	protein_coding
CHPF	AvC	chr2	219538949	219543818	protein_coding
FAM210B	AvC	chr20	56358974	56368663	protein_coding
PI3	AvC	chr20	45174902	45176544	protein_coding
WFDC3	AvC	chr20	45747944	45791932	protein_coding
PREX1	AvC	chr20	48624249	48828096	protein_coding
KCNS1	AvC	chr20	45091214	45101127	protein_coding
TOX2	AvC	chr20	43914844	44069616	protein_coding
PTGIS	AvC	chr20	49503874	49568157	protein_coding
CDH26	AvC	chr20	59958423	60034011	protein_coding
PPP4R1L	AvC	chr20	58231789	58286399	transcribed_unprocessed_pseudogene
RBPJL	AvC	chr20	45306840	45317824	protein_coding
KCNK15	AvC	chr20	44745865	44752313	protein_coding
POF1B	AvC	chrX	85276746	85379755	protein_coding
HIF3A	AvC	chr19	46297042	46343433	protein_coding
LYPD3	AvC	chr19	43460787	43465608	protein_coding
H1-3	AvC	chr6	26234212	26234987	protein_coding
ENSG00000124593	AvC	chr6	41780349	41790141	protein_coding
UNC5CL	AvC	chr6	41026895	41039221	protein_coding
H1-1	AvC	chr6	26017032	26017787	protein_coding
MOCS1	AvC	chr6	39899578	39934551	protein_coding
COL21A1	AvC	chr6	56056590	56394094	protein_coding
SOX4	AvC	chr6	21593751	21598619	protein_coding
NRN1	AvC	chr6	5997999	6008688	protein_coding
OPN5	AvC	chr6	47781982	47832780	protein_coding
EREG	AvC	chr4	74365145	74388749	protein_coding
SSUH2	AvC	chr3	8619386	8745040	protein_coding
SH3TC1	AvC	chr4	8182072	8241803	protein_coding
MT2A	AvC	chr16	56608584	56609497	protein_coding
DOK4	AvC	chr16	57471917	57487382	protein_coding
ABCC4	AvC	chr13	95019835	95301822	protein_coding
SEPTIN6	AvC	chrX	119615724	119693949	protein_coding
PTGER2	AvC	chr14	52314305	52329822	protein_coding
HS3ST3B1	AvC	chr17	14301081	14349404	protein_coding
NT5C	AvC	chr17	75130225	75131776	protein_coding
MIR9-1HG	AvC	chr1	156404243	156456987	lncRNA
BARHL1	AvC	chr9	132582606	132590252	protein_coding
SRMS	AvC	chr20	63538489	63547749	protein_coding
OPRL1	AvC	chr20	64079967	64100649	protein_coding
FNDC11	AvC	chr20	63547891	63558138	protein_coding
IL1B	AvC	chr2	112829751	112836816	protein_coding
PLGLB2	AvC	chr2	87748085	87759723	protein_coding
IL37	AvC	chr2	112911165	112918882	protein_coding
CHCHD5	AvC	chr2	112584240	112589275	protein_coding
TNFSF9	AvC	chr19	6531026	6535924	protein_coding
RPL23	AvC	chr17	38847860	38868644	protein_coding
CD70	AvC	chr19	6583183	6604103	protein_coding
TNFSF14	AvC	chr19	6658085	6670621	protein_coding
TGM3	AvC	chr20	2296001	2341079	protein_coding
NRSN2	AvC	chr20	346705	359660	protein_coding
S1PR4	AvC	chr19	3172346	3180332	protein_coding
BPIFB1	AvC	chr20	33273480	33310380	protein_coding
AMOT	AvC	chrX	112774503	112840831	protein_coding
PDCD2L	AvC	chr19	34404399	34426168	protein_coding
CCR7	AvC	chr17	40551081	40565472	protein_coding
NR1D1	AvC	chr17	40092793	40100589	protein_coding
ASL	AvC	chr7	66075800	66094697	protein_coding
WNK4	AvC	chr17	42780610	42797066	protein_coding
IFI6	AvC	chr1	27666064	27672212	protein_coding
SIX1	AvC	chr14	60643421	60658259	protein_coding
HSPA2	AvC	chr14	64535905	64546173	protein_coding
PLEKHG3	AvC	chr14	64704102	64750249	protein_coding
DYNC2I1	AvC	chr7	158856558	158956747	protein_coding
AIF1L	AvC	chr9	131096476	131123152	protein_coding
FAM78A	AvC	chr9	131258076	131277365	protein_coding
ZC4H2	AvC	chrX	64915802	65034713	protein_coding
FGD3	AvC	chr9	92947486	93036238	protein_coding
EDN2	AvC	chr1	41478774	41484686	protein_coding
BCL11B	AvC	chr14	99169287	99272197	protein_coding
ABHD8	AvC	chr19	17292131	17310236	protein_coding
ATP13A4	AvC	chr3	193398967	193593111	protein_coding
PLAAT1	AvC	chr3	193240620	193277738	protein_coding
HELB	AvC	chr12	66302493	66343643	protein_coding
PTPRB	AvC	chr12	70515870	70637440	protein_coding
PLA2G5	AvC	chr1	20028179	20091911	protein_coding
KLF2	AvC	chr19	16324826	16328685	protein_coding
METTL25	AvC	chr12	82358500	82479239	protein_coding
TNFRSF19	AvC	chr13	23570370	23676104	protein_coding
AKAP9	AvC	chr7	91940840	92110673	protein_coding
GNG11	AvC	chr7	93921735	93928610	protein_coding
STEAP4	AvC	chr7	88270892	88307010	protein_coding
CASD1	AvC	chr7	94509219	94557302	protein_coding
LRFN1	AvC	chr19	39306566	39320966	protein_coding
SRD5A3	AvC	chr4	55346213	55373100	protein_coding
RASL11B	AvC	chr4	52862317	52866835	protein_coding
KDR	AvC	chr4	55078476	55125595	protein_coding
ADM2	AvC	chr22	50481543	50486440	protein_coding
ASPHD2	AvC	chr22	26428729	26445015	protein_coding
MGAT3	AvC	chr22	39447127	39492194	protein_coding
A4GALT	AvC	chr22	42691010	42721298	protein_coding
TPST2	AvC	chr22	26521996	26596717	protein_coding
RAC2	AvC	chr22	37225270	37259594	protein_coding
LIF	AvC	chr22	30240453	30246759	protein_coding
C22orf23	AvC	chr22	37943050	37953669	protein_coding
APOBEC3A	AvC	chr22	38952741	38963184	protein_coding
APOBEC3F	AvC	chr22	39040604	39055972	protein_coding
KRT17	AvC	chr17	41619437	41624842	protein_coding
CPA4	AvC	chr7	130293134	130324180	protein_coding
DOCK4	AvC	chr7	111726110	112206407	protein_coding
CDHR3	AvC	chr7	105876796	106036432	protein_coding
PODXL	AvC	chr7	131500254	131558217	protein_coding
FOXP2	AvC	chr7	114086317	114693772	protein_coding
CCDC136	AvC	chr7	128790757	128822135	protein_coding
CHN1	AvC	chr2	174798809	175005381	protein_coding
GAD1	AvC	chr2	170813213	170861151	protein_coding
ARHGAP22	AvC	chr10	48446036	48656265	protein_coding
CGNL1	AvC	chr15	57375967	57550729	protein_coding
LOXL1	AvC	chr15	73925989	73952137	protein_coding
BBOX1	AvC	chr11	27040698	27127810	protein_coding
PHF20L1	AvC	chr8	132775311	132848807	protein_coding
SLC44A2	AvC	chr19	10602457	10644558	protein_coding
MTUS1	AvC	chr8	17643794	17801545	protein_coding
KLK10	AvC	chr19	51012739	51021048	protein_coding
FOXA1	AvC	chr14	37589552	37596059	protein_coding
EGLN3	AvC	chr14	33924227	34462774	protein_coding
EPB41L4A	AvC	chr5	112142441	112419313	protein_coding
ITFG1	AvC	chr16	47154387	47464149	protein_coding
AANAT	AvC	chr17	76452749	76470122	protein_coding
FGF13	AvC	chrX	138614727	139222777	protein_coding
CHRNA10	AvC	chr11	3665587	3671384	protein_coding
CDKN1C	AvC	chr11	2883213	2885775	protein_coding
CDH15	AvC	chr16	89171748	89195492	protein_coding
PGAP6	AvC	chr16	370788	387113	protein_coding
GAMT	AvC	chr19	1397026	1401570	protein_coding
NXNL2	AvC	chr9	88534033	88584274	protein_coding
STARD8	AvC	chrX	68647666	68725842	protein_coding
SAT1	AvC	chrX	23783173	23786210	protein_coding
APOC1	AvC	chr19	44913133	44920054	protein_coding
DPP6	AvC	chr7	153748133	154894285	protein_coding
BST2	AvC	chr19	17402933	17405665	protein_coding
SLC27A1	AvC	chr19	17467666	17506190	protein_coding
ARPC1B	AvC	chr7	99374226	99394827	protein_coding
FCHO1	AvC	chr19	17747718	17788572	protein_coding
KLHDC7B	AvC	chr22	50545899	50551023	protein_coding
GDF15	AvC	chr19	18374731	18389176	protein_coding
IQCN	AvC	chr19	18257098	18274500	protein_coding
JUND	AvC	chr19	18279694	18281622	protein_coding
SULT4A1	AvC	chr22	43824509	43862513	protein_coding
LSP1	AvC	chr11	1850904	1892267	protein_coding
TNNI2	AvC	chr11	1838981	1841680	protein_coding
H19	AvC	chr11	1995165	2004552	lncRNA
PRDM12	AvC	chr9	130664594	130682986	protein_coding
FIBCD1	AvC	chr9	130900194	130941232	protein_coding
MAP3K10	AvC	chr19	40191426	40215578	protein_coding
SMPDL3B	AvC	chr1	27935000	27959157	protein_coding
THEMIS2	AvC	chr1	27872543	27886685	protein_coding
SLC6A8	AvC	chrX	153687926	153696591	protein_coding
MPP1	AvC	chrX	154778684	154821039	protein_coding
CASZ1	AvC	chr1	10636604	10796650	protein_coding
HSD17B3	AvC	chr9	96235306	96302176	protein_coding
FBP2	AvC	chr9	94558720	94593824	protein_coding
SLC35D2	AvC	chr9	96313444	96383711	protein_coding
ULBP2	AvC	chr6	149942014	149949235	protein_coding
AKAP12	AvC	chr6	151239936	151358563	protein_coding
GGT7	AvC	chr20	34844714	34872868	protein_coding
C1QL1	AvC	chr17	44959693	44968303	protein_coding
PYY	AvC	chr17	43952733	44004469	protein_coding
GSE1	AvC	chr16	85169525	85676204	protein_coding
CHMP1A	AvC	chr16	89640816	89657738	protein_coding
SH3BGRL	AvC	chrX	81202005	81298547	protein_coding
F12	AvC	chr5	177402133	177416583	protein_coding
NFATC1	AvC	chr18	79395856	79529325	protein_coding
RFTN1	AvC	chr3	16313574	16514026	protein_coding
GFPT2	AvC	chr5	180300682	180353339	protein_coding
AOC3	AvC	chr17	42851184	42858130	protein_coding
AOC2	AvC	chr17	42844580	42850707	protein_coding
ANO1	AvC	chr11	69985907	70189530	protein_coding
NINJ1	AvC	chr9	93121496	93134310	protein_coding
STARD3	AvC	chr17	39637090	39664201	protein_coding
PPP1R1B	AvC	chr17	39626740	39636626	protein_coding
PRKAB2	AvC	chr1	147155106	147173716	protein_coding
CHSY1	AvC	chr15	101175727	101252048	protein_coding
KRT17P1	AvC	chr17	16840895	16845815	transcribed_unprocessed_pseudogene
RHPN2	AvC	chr19	32978592	33064888	protein_coding
LGALS3	AvC	chr14	55121352	55148022	protein_coding
SPATA6	AvC	chr1	48295373	48472279	protein_coding
SLC6A11	AvC	chr3	10816201	10940714	protein_coding
FCRLA	AvC	chr1	161706958	161714352	protein_coding
EFR3A	AvC	chr8	131904077	132013642	protein_coding
PTPRE	AvC	chr10	127906805	128085856	protein_coding
CARD6	AvC	chr5	40841308	40860175	protein_coding
ITGB4	AvC	chr17	75721190	75757821	protein_coding
SLC52A1	AvC	chr17	5032600	5052009	protein_coding
GUCY2D	AvC	chr17	8002615	8020342	protein_coding
DLG4	AvC	chr17	7187187	7219836	protein_coding
VPS13B	AvC	chr8	99013266	99877580	protein_coding
REEP2	AvC	chr5	138438988	138446969	protein_coding
HSPA12B	AvC	chr20	3730248	3753553	protein_coding
PCED1A	AvC	chr20	2835314	2841190	protein_coding
HAPLN2	AvC	chr1	156619331	156626361	protein_coding
ALDH3B2	AvC	chr11	67662155	67681224	protein_coding
LPIN3	AvC	chr20	41340786	41360583	protein_coding
RBM38	AvC	chr20	57391396	57409333	protein_coding
VSTM2L	AvC	chr20	37903111	37945350	protein_coding
ZBED3	AvC	chr5	77072072	77087353	protein_coding
KANK4	AvC	chr1	62236165	62319434	protein_coding
CPLANE2	AvC	chr1	16231692	16237183	protein_coding
PDE6A	AvC	chr5	149857953	149945287	protein_coding
ALOX5AP	AvC	chr13	30713478	30765072	protein_coding
WASF3	AvC	chr13	26557661	26688948	protein_coding
PEMT	AvC	chr17	17505561	17591718	protein_coding
MPRIP	AvC	chr17	17042457	17217679	protein_coding
SLC41A1	AvC	chr1	205789091	205813755	protein_coding
TMCC2	AvC	chr1	205227912	205285632	protein_coding
EPSTI1	AvC	chr13	42886388	42992392	protein_coding
POSTN	AvC	chr13	37562582	37598855	protein_coding
STARD13	AvC	chr13	33103137	33350630	protein_coding
MORC4	AvC	chrX	106813871	107000254	protein_coding
BEX2	AvC	chrX	103309345	103311298	protein_coding
RNF128	AvC	chrX	106693794	106797016	protein_coding
EPHB2	AvC	chr1	22710839	22921500	protein_coding
PLAAT4	AvC	chr11	63529451	63548808	protein_coding
PLAAT2	AvC	chr11	63552770	63563379	protein_coding
PDZD2	AvC	chr5	31639121	32110933	protein_coding
LARGE1	AvC	chr22	33162226	33922885	protein_coding
LRRIQ1	AvC	chr12	85036314	85264457	protein_coding
ATP13A3	AvC	chr3	194402672	194498364	protein_coding
TMTC1	AvC	chr12	29500840	29784759	protein_coding
SPINK5	AvC	chr5	148025683	148137382	protein_coding
LRRCC1	AvC	chr8	85107116	85146080	protein_coding
CA1	AvC	chr8	85327608	85379014	protein_coding
BMAL1	AvC	chr11	13276647	13388048	protein_coding
AMPD3	AvC	chr11	10308162	10507877	protein_coding
MICAL2	AvC	chr11	12094008	12362140	protein_coding
SARAF	AvC	chr8	30063003	30083208	protein_coding
RNF122	AvC	chr8	33547754	33567170	protein_coding
DGLUCY	AvC	chr14	91060044	91226929	protein_coding
TTC9	AvC	chr14	70641665	70675366	protein_coding
LOXL2	AvC	chr8	23296897	23425328	protein_coding
IRAK2	AvC	chr3	10164863	10243756	protein_coding
TSPAN2	AvC	chr1	115048011	115089503	protein_coding
CD101	AvC	chr1	117001721	117036552	protein_coding
VTCN1	AvC	chr1	117143587	117210960	protein_coding
PLEKHA8P1	AvC	chr12	45173190	45174713	transcribed_processed_pseudogene
FST	AvC	chr5	53480210	53487134	protein_coding
NAV1	AvC	chr1	201538982	201826969	protein_coding
DOCK2	AvC	chr5	169637249	170083382	protein_coding
EMP1	AvC	chr12	13196723	13219941	protein_coding
SOX5	AvC	chr12	23529504	24562544	protein_coding
RERG	AvC	chr12	15107783	15348675	protein_coding
SPOCD1	AvC	chr1	31790422	31816022	protein_coding
PHC2	AvC	chr1	33323623	33431095	protein_coding
CYP2J2	AvC	chr1	59893308	59926822	protein_coding
DSC2	AvC	chr18	31058545	31102600	protein_coding
DSG3	AvC	chr18	31447741	31478702	protein_coding
DAGLA	AvC	chr11	61680391	61747003	protein_coding
FADS2	AvC	chr11	61792980	61867354	protein_coding
TCN1	AvC	chr11	59852800	59866489	protein_coding
C5AR2	AvC	chr19	47332148	47347329	protein_coding
TMEM165	AvC	chr4	55395652	55453397	protein_coding
CLDN10	AvC	chr13	95433604	95579759	protein_coding
DZIP1	AvC	chr13	95578202	95644740	protein_coding
ACRV1	AvC	chr11	125671522	125680874	protein_coding
NREP	AvC	chr5	111662621	111997464	protein_coding
CEMIP2	AvC	chr9	71683364	71816690	protein_coding
AGTPBP1	AvC	chr9	85546539	85742144	protein_coding
ADAM19	AvC	chr5	157395534	157575858	protein_coding
TBX3	AvC	chr12	114670255	114684175	protein_coding
OASL	AvC	chr12	121017763	121039246	protein_coding
HRK	AvC	chr12	116856144	116881441	protein_coding
DTX1	AvC	chr12	113056710	113098028	protein_coding
TES	AvC	chr7	116210493	116258789	protein_coding
MDFIC	AvC	chr7	114921746	115019917	protein_coding
ANKRD6	AvC	chr6	89433119	89633838	protein_coding
LCA5	AvC	chr6	79484991	79545138	protein_coding
PRR5L	AvC	chr11	36296120	36465209	protein_coding
LMO2	AvC	chr11	33858574	33892076	protein_coding
GDF11	AvC	chr12	55743122	55757264	protein_coding
AGAP2	AvC	chr12	57723761	57742157	protein_coding
KRT85	AvC	chr12	52360006	52367481	protein_coding
KRT7	AvC	chr12	52232520	52252186	protein_coding
KCNH3	AvC	chr12	49539028	49558337	protein_coding
HEY2	AvC	chr6	125747664	125761269	protein_coding
PKIB	AvC	chr6	122471917	122726375	protein_coding
EGR4	AvC	chr2	73290927	73293721	protein_coding
DYSF	AvC	chr2	71453561	71686763	protein_coding
BCO1	AvC	chr16	81238576	81291226	protein_coding
FHOD1	AvC	chr16	67229387	67247539	protein_coding
CCDC102A	AvC	chr16	57511999	57537163	protein_coding
KIAA1614	AvC	chr1	180912897	180951614	protein_coding
NIBAN1	AvC	chr1	184790724	184974611	protein_coding
CHRND	AvC	chr2	232525993	232536667	protein_coding
DOCK10	AvC	chr2	224765090	225042468	protein_coding
ARHGEF4	AvC	chr2	130836914	131047263	protein_coding
ALDH1L2	AvC	chr12	105019784	105107643	protein_coding
SLC41A2	AvC	chr12	104801801	104958759	protein_coding
VPS36	AvC	chr13	52412602	52450684	protein_coding
THSD1	AvC	chr13	52377163	52416373	protein_coding
LMO7	AvC	chr13	75620434	75859870	protein_coding
SCEL	AvC	chr13	77535605	77646769	protein_coding
RCBTB2	AvC	chr13	48488959	48536006	protein_coding
LCP1	AvC	chr13	46125920	46211871	protein_coding
TNS3	AvC	chr7	47275154	47582558	protein_coding
GPNMB	AvC	chr7	23235967	23275108	protein_coding
RAPGEF5	AvC	chr7	22118236	22357154	protein_coding
IL6	AvC	chr7	22725884	22732002	protein_coding
ZDHHC4	AvC	chr7	6577405	6589374	protein_coding
MYO1G	AvC	chr7	44962662	44979813	protein_coding
NKX2-8	AvC	chr14	36580004	36582614	protein_coding
MTHFS	AvC	chr15	79833585	79897379	protein_coding
ADAMTS7	AvC	chr15	78759204	78811503	protein_coding
ABHD17C	AvC	chr15	80679684	80755621	protein_coding
LIMD2	AvC	chr17	63695883	63701172	protein_coding
TBR1	AvC	chr2	161416297	161425870	protein_coding
GALNT5	AvC	chr2	157257578	157318491	protein_coding
KCTD3	AvC	chr1	215567022	215623007	protein_coding
BIN1	AvC	chr2	127048017	127107556	protein_coding
GYPC	AvC	chr2	126655938	126696667	protein_coding
LRRC8A	AvC	chr9	128882133	128918042	protein_coding
TXN	AvC	chr9	110243810	110256604	protein_coding
KLF4	AvC	chr9	107484852	107490482	protein_coding
SLC2A8	AvC	chr9	127397138	127408424	protein_coding
SLC31A2	AvC	chr9	113150976	113164140	protein_coding
TLR4	AvC	chr9	117704175	117724735	protein_coding
USP20	AvC	chr9	129834698	129881842	protein_coding
TEX10	AvC	chr9	100302072	100352957	protein_coding
GARNL3	AvC	chr9	127224265	127393660	protein_coding
RPL35	AvC	chr9	124857873	124862017	protein_coding
CTSV	AvC	chr9	97025073	97156556	protein_coding
MYC	AvC	chr8	127735434	127742951	protein_coding
CCN3	AvC	chr8	119416446	119424434	protein_coding
IL33	AvC	chr9	6215136	6257983	protein_coding
DMAC1	AvC	chr9	7796500	7888380	protein_coding
POLR1E	AvC	chr9	37481695	37503701	protein_coding
ALDH1B1	AvC	chr9	38392623	38398661	protein_coding
ARHGEF39	AvC	chr9	35658875	35675866	protein_coding
RPS6	AvC	chr9	19375715	19380282	protein_coding
KIF13A	AvC	chr6	17759183	17987635	protein_coding
PIM1	AvC	chr6	37170152	37175428	protein_coding
GMPR	AvC	chr6	16238555	16295923	protein_coding
SLC22A23	AvC	chr6	3268962	3457050	protein_coding
HMGA1	AvC	chr6	34235618	34246236	protein_coding
IER3	AvC	chr6	30743199	30744550	protein_coding
VARS2	AvC	chr6	30914205	30926484	protein_coding
TLR2	AvC	chr4	153684050	153708537	protein_coding
MYO7A	AvC	chr11	77128245	77215241	protein_coding
ARRB1	AvC	chr11	75260122	75351791	protein_coding
SYTL2	AvC	chr11	85694224	85811182	protein_coding
TTPA	AvC	chr8	63048553	63086153	protein_coding
SDCBP	AvC	chr8	58552924	58583800	protein_coding
SORL1	AvC	chr11	121452314	121633763	protein_coding
TMPRSS4	AvC	chr11	118077012	118125510	protein_coding
TRPC6	AvC	chr11	101451470	101872562	protein_coding
MMP7	AvC	chr11	102520508	102530853	protein_coding
MMP20	AvC	chr11	102576832	102625332	protein_coding
CFAP300	AvC	chr11	102047435	102084554	protein_coding
TMPRSS13	AvC	chr11	117900641	117929459	protein_coding
MAPKBP1	AvC	chr15	41774434	41827855	protein_coding
LRRC49	AvC	chr15	70853239	71053658	protein_coding
ITPKA	AvC	chr15	41493360	41503554	protein_coding
SMAD6	AvC	chr15	66702236	66782849	protein_coding
STRA6	AvC	chr15	74179466	74212267	protein_coding
GCHFR	AvC	chr15	40764068	40767708	protein_coding
TTLL7	AvC	chr1	83865024	83999164	protein_coding
IFI44L	AvC	chr1	78619902	78646145	protein_coding
CLCA2	AvC	chr1	86424171	86456553	protein_coding
CGREF1	AvC	chr2	27098889	27119128	protein_coding
DTNB	AvC	chr2	25377028	25673717	protein_coding
BTBD16	AvC	chr10	122271296	122338159	protein_coding
DUSP5	AvC	chr10	110497907	110511541	protein_coding
CALHM2	AvC	chr10	103446784	103452780	protein_coding
PLCE1	AvC	chr10	93993894	94332823	protein_coding
FAM149B1	AvC	chr10	73168119	73244504	protein_coding
ASCC1	AvC	chr10	72096018	72217653	protein_coding
ZNF365	AvC	chr10	62374192	62480288	protein_coding
TET1	AvC	chr10	68560310	68694586	protein_coding
MYPN	AvC	chr10	68087897	68212017	protein_coding
AOX1	AvC	chr2	200585864	200677064	protein_coding
STAT4	AvC	chr2	191029570	191178435	protein_coding
CDK15	AvC	chr2	201790461	201895550	protein_coding
HECW2	AvC	chr2	196189099	196593684	protein_coding
IDH1	AvC	chr2	208236224	208266095	protein_coding
SLC49A4	AvC	chr3	122795069	122881139	protein_coding
MNS1	AvC	chr15	56421544	56465168	protein_coding
SECISBP2L	AvC	chr15	48988476	49046477	protein_coding
SHF	AvC	chr15	45167214	45201175	protein_coding
APH1B	AvC	chr15	63276018	63309126	protein_coding
SEMA7A	AvC	chr15	74409289	74433958	protein_coding
FAM13A	AvC	chr4	88725955	89111398	protein_coding
HERC3	AvC	chr4	88592434	88708540	protein_coding
HERC5	AvC	chr4	88457086	88506188	protein_coding
FGF5	AvC	chr4	80266639	80336680	protein_coding
GPAT3	AvC	chr4	83535619	83605875	protein_coding
BMPR1B	AvC	chr4	94757937	95158448	protein_coding
FRAS1	AvC	chr4	78057323	78544269	protein_coding
CDKL2	AvC	chr4	75576494	75630716	protein_coding
SHROOM3	AvC	chr4	76435229	76783253	protein_coding
LEF1	AvC	chr4	108047545	108168956	protein_coding
EGF	AvC	chr4	109912883	110013766	protein_coding
FBN2	AvC	chr5	128257909	128659185	protein_coding
RGS3	AvC	chr9	113444731	113597743	protein_coding
SHISAL1	AvC	chr22	44243665	44312951	protein_coding
ERP27	AvC	chr12	14914039	14938537	protein_coding
FGD4	AvC	chr12	32399558	32646050	protein_coding
PIK3C2G	AvC	chr12	18242960	18648416	protein_coding
PLCZ1	AvC	chr12	18683169	18738100	protein_coding
PRICKLE1	AvC	chr12	42456753	42590355	protein_coding
AMIGO2	AvC	chr12	47075707	47080902	protein_coding
PHLDA1	AvC	chr12	76025447	76031776	protein_coding
DUSP6	AvC	chr12	89347235	89352501	protein_coding
AMDHD1	AvC	chr12	95943301	95968720	protein_coding
SLC46A3	AvC	chr13	28700064	28719012	protein_coding
RDH16	AvC	chr12	56950087	56959374	protein_coding
ACVRL1	AvC	chr12	51906908	51923361	protein_coding
N4BP2L1	AvC	chr13	32400723	32428311	protein_coding
SLAIN1	AvC	chr13	77697687	77764242	protein_coding
JDP2	AvC	chr14	75427716	75474111	protein_coding
SERPINA10	AvC	chr14	94278767	94293295	protein_coding
SLC27A2	AvC	chr15	50182196	50236445	protein_coding
GCNT3	AvC	chr15	59594875	59640239	protein_coding
PSTPIP1	AvC	chr15	76993325	77037475	protein_coding
NCOA2	AvC	chr8	70109772	70404191	protein_coding
ARRDC4	AvC	chr15	97960703	97973838	protein_coding
CYP1A1	AvC	chr15	74719542	74725536	protein_coding
ADAMTS17	AvC	chr15	99971437	100342005	protein_coding
HAPLN3	AvC	chr15	88877294	88895597	protein_coding
RLBP1	AvC	chr15	89209869	89222577	protein_coding
SH3GL3	AvC	chr15	83447228	83618743	protein_coding
GLYR1	AvC	chr16	4803202	4847343	protein_coding
ITGAX	AvC	chr16	31355134	31382999	protein_coding
MYLK3	AvC	chr16	46702282	46790407	protein_coding
ZFHX3	AvC	chr16	72782885	73891871	protein_coding
CLEC18B	AvC	chr16	74408631	74424179	protein_coding
CPNE2	AvC	chr16	57092549	57148369	protein_coding
KIFC3	AvC	chr16	57755668	57863053	protein_coding
CMTM3	AvC	chr16	66603874	66613892	protein_coding
NOL3	AvC	chr16	67170154	67176189	protein_coding
CDH13	AvC	chr16	82626965	83800640	protein_coding
OSGIN1	AvC	chr16	83931311	83966333	protein_coding
GALNS	AvC	chr16	88813733	88856970	protein_coding
MED9	AvC	chr17	17476994	17493221	protein_coding
GID4	AvC	chr17	18039408	18068405	protein_coding
ZNF287	AvC	chr17	16546954	16569218	protein_coding
RANBP10	AvC	chr16	67723070	67806560	protein_coding
PRPSAP2	AvC	chr17	18840085	18931287	protein_coding
GATA6	AvC	chr18	22168837	22204154	protein_coding
GREB1L	AvC	chr18	21242229	21526112	protein_coding
CARD14	AvC	chr17	80169992	80216073	protein_coding
TTYH2	AvC	chr17	74213518	74262020	protein_coding
SECTM1	AvC	chr17	82321024	82335518	protein_coding
RNF157	AvC	chr17	76142465	76240532	protein_coding
MAPK4	AvC	chr18	50559451	50731830	protein_coding
TNFRSF11A	AvC	chr18	62325269	62391288	protein_coding
P3H4	AvC	chr17	41801944	41812750	protein_coding
GRB7	AvC	chr17	39737490	39747292	protein_coding
STAC2	AvC	chr17	39210540	39225945	protein_coding
IGFBP4	AvC	chr17	40443446	40457727	protein_coding
FKBP10	AvC	chr17	41812680	41823221	protein_coding
MISP3	AvC	chr19	14072108	14075062	protein_coding
PGGHG	AvC	chr11	289095	296107	protein_coding
COL6A1	AvC	chr21	45981755	46005050	protein_coding
SIK1	AvC	chr21	43414483	43427131	protein_coding
EMP3	AvC	chr19	48321310	48330560	protein_coding
LMTK3	AvC	chr19	48485271	48513935	protein_coding
MYO1F	AvC	chr19	8517463	8577464	protein_coding
NLRP12	AvC	chr19	53792139	53824403	protein_coding
CACNG8	AvC	chr19	53962937	53990215	protein_coding
SLC47A1	AvC	chr17	19495385	19579034	protein_coding
SIGLEC10	AvC	chr19	51410020	51417803	protein_coding
GARIN5A	AvC	chr19	50466785	50476866	protein_coding
SLC2A5	AvC	chr1	9035106	9088478	protein_coding
PADI3	AvC	chr1	17249098	17284233	protein_coding
EPHA2	AvC	chr1	16124337	16156069	protein_coding
ARHGEF19	AvC	chr1	16197854	16212893	protein_coding
EFHD2	AvC	chr1	15409849	15430339	protein_coding
IL22RA1	AvC	chr1	24119771	24143165	protein_coding
CCN1	AvC	chr1	85580756	85584589	protein_coding
PRKACB	AvC	chr1	84078062	84238498	protein_coding
TINAGL1	AvC	chr1	31576485	31587689	protein_coding
CYP4B1	AvC	chr1	46757838	46819413	protein_coding
SYPL2	AvC	chr1	109466542	109482134	protein_coding
ZNF697	AvC	chr1	119619377	119648454	protein_coding
CELSR2	AvC	chr1	109249539	109275751	protein_coding
ITGA10	AvC	chr1	145891206	145910111	protein_coding
ADCY10	AvC	chr1	167809386	167914215	protein_coding
CRABP2	AvC	chr1	156699597	156708094	protein_coding
RGS16	AvC	chr1	182598623	182604394	protein_coding
LHX9	AvC	chr1	197911902	197935478	protein_coding
CGN	AvC	chr1	151510139	151538692	protein_coding
ADAMTSL4	AvC	chr1	150549369	150560937	protein_coding
MCL1	AvC	chr1	150560895	150579738	protein_coding
CTSK	AvC	chr1	150794880	150809577	protein_coding
MINDY1	AvC	chr1	150995125	151008376	protein_coding
SELENBP1	AvC	chr1	151364302	151372716	protein_coding
SEMA6C	AvC	chr1	151131685	151147813	protein_coding
SYT14	AvC	chr1	209900923	210171389	protein_coding
DYRK3	AvC	chr1	206635536	206684419	protein_coding
DUSP10	AvC	chr1	221700669	221742089	protein_coding
ATP8B2	AvC	chr1	154325520	154351307	protein_coding
SLC27A3	AvC	chr1	153774354	153780158	protein_coding
EFNA3	AvC	chr1	155078823	155087538	protein_coding
HCN3	AvC	chr1	155277328	155289848	protein_coding
ACTA1	AvC	chr1	229430365	229434789	protein_coding
SCCPDH	AvC	chr1	246724064	246768137	protein_coding
ACP1	AvC	chr2	264140	279100	protein_coding
WNT9A	AvC	chr1	227918656	227947932	protein_coding
ETNK2	AvC	chr1	204131062	204152044	protein_coding
PPFIA4	AvC	chr1	203026491	203078740	protein_coding
PLEKHA6	AvC	chr1	204218851	204378214	protein_coding
SYT2	AvC	chr1	202590596	202710526	protein_coding
OSR1	AvC	chr2	19351485	19359486	protein_coding
RHOB	AvC	chr2	20447074	20449440	protein_coding
RPS27A	AvC	chr2	55229447	55236044	protein_coding
ZNF514	AvC	chr2	95122087	95165672	protein_coding
DQX1	AvC	chr2	74518131	74526396	protein_coding
FAHD2B	AvC	chr2	97082040	97094903	protein_coding
TMEFF2	AvC	chr2	191949043	192194985	protein_coding
ABCA12	AvC	chr2	214931542	215138626	protein_coding
ACKR3	AvC	chr2	236567692	236582358	protein_coding
MARCHF4	AvC	chr2	216257865	216372483	protein_coding
RBMS3	AvC	chr3	28574791	30010391	protein_coding
POMGNT2	AvC	chr3	43079229	43106085	protein_coding
SLC22A14	AvC	chr3	38282294	38318575	protein_coding
IL17RD	AvC	chr3	57089982	57170306	protein_coding
NFKBIZ	AvC	chr3	101827991	101861022	protein_coding
MYH15	AvC	chr3	108380368	108529322	protein_coding
PHLDB2	AvC	chr3	111732403	111976837	protein_coding
ABHD10	AvC	chr3	111978972	111993368	protein_coding
ADPRH	AvC	chr3	119579268	119590165	protein_coding
BOC	AvC	chr3	113210846	113287463	protein_coding
MED12L	AvC	chr3	151085286	151437072	protein_coding
ALDH1L1	AvC	chr3	126103561	126197994	protein_coding
ILDR1	AvC	chr3	121987323	122022274	protein_coding
SLIT2	AvC	chr4	20251903	20620561	protein_coding
SCD5	AvC	chr4	82629539	82798796	protein_coding
PLAC8	AvC	chr4	83059493	83137075	protein_coding
ANK2	AvC	chr4	112818032	113384231	protein_coding
PDGFC	AvC	chr4	156760454	156971799	protein_coding
ROPN1L	AvC	chr5	10441524	10559716	protein_coding
CDH18	AvC	chr5	19471296	20575873	protein_coding
OTULINL	AvC	chr5	14581792	14616180	protein_coding
PLK2	AvC	chr5	58453982	58460139	protein_coding
PIK3R1	AvC	chr5	68215740	68301821	protein_coding
SSBP2	AvC	chr5	81412804	81752038	protein_coding
RASA1	AvC	chr5	87267778	87391939	protein_coding
PAM	AvC	chr5	102753981	103031149	protein_coding
TSLP	AvC	chr5	111070062	111078026	protein_coding
TNIP1	AvC	chr5	151029939	151093577	protein_coding
MYLK4	AvC	chr6	2663629	2770330	protein_coding
KLHL3	AvC	chr5	137617500	137736221	protein_coding
PLA2G7	AvC	chr6	46704201	46735718	protein_coding
TNFRSF21	AvC	chr6	47231532	47309947	protein_coding
RASGEF1C	AvC	chr5	180100795	180209225	protein_coding
FGD2	AvC	chr6	37005645	37029299	protein_coding
CRIP3	AvC	chr6	43299710	43308874	protein_coding
CYP39A1	AvC	chr6	46549383	46652830	protein_coding
ARHGAP18	AvC	chr6	129576132	129710247	protein_coding
SLC2A12	AvC	chr6	133987581	134052660	protein_coding
VWDE	AvC	chr7	12330201	12403941	protein_coding
AGBL3	AvC	chr7	134986508	135147963	protein_coding
ZC3HAV1L	AvC	chr7	139025706	139036042	protein_coding
NLGN4X	AvC	chrX	5840637	6228867	protein_coding
SHROOM2	AvC	chrX	9786429	9949443	protein_coding
CLTRN	AvC	chrX	15627085	15675377	protein_coding
CHST7	AvC	chrX	46573391	46598496	protein_coding
AWAT2	AvC	chrX	70040542	70049988	protein_coding
IL2RG	AvC	chrX	71107404	71112108	protein_coding
ZNF711	AvC	chrX	85243839	85273422	protein_coding
RADX	AvC	chrX	106611930	106679439	protein_coding
ZNF185	AvC	chrX	152896695	152973511	protein_coding
CSGALNACT1	AvC	chr8	19404156	19758029	protein_coding
GNRH1	AvC	chr8	25419258	25424654	protein_coding
BIN3	AvC	chr8	22620418	22669148	protein_coding
ST18	AvC	chr8	52110838	52460983	protein_coding
TACC1	AvC	chr8	38728166	38853028	protein_coding
ADHFE1	AvC	chr8	66432467	66468907	protein_coding
ATP6V0D2	AvC	chr8	85987323	86154227	protein_coding
SYBU	AvC	chr8	109573978	109691791	protein_coding
DPYS	AvC	chr8	104329333	104467111	protein_coding
EBAG9	AvC	chr8	109539711	109570072	protein_coding
MAL2	AvC	chr8	119165034	119249903	protein_coding
FAM83A	AvC	chr8	123178960	123210079	protein_coding
AK3	AvC	chr9	4709556	4742043	protein_coding
UHRF2	AvC	chr9	6413151	6507056	protein_coding
HAUS6	AvC	chr9	19053141	19102927	protein_coding
C9orf72	AvC	chr9	27535640	27573895	protein_coding
FBXO10	AvC	chr9	37510892	37576380	protein_coding
UGCG	AvC	chr9	111896814	111935374	protein_coding
NR6A1	AvC	chr9	124517275	124771311	protein_coding
ASTN2	AvC	chr9	116423112	117415070	protein_coding
SURF2	AvC	chr9	133356545	133362215	protein_coding
SURF6	AvC	chr9	133328776	133336189	protein_coding
REXO4	AvC	chr9	133406059	133418096	protein_coding
RPL7A	AvC	chr9	133348194	133351435	protein_coding
GTF3C5	AvC	chr9	133030675	133058503	protein_coding
LCN2	AvC	chr9	128149071	128153453	protein_coding
TMEM236	AvC	chr10	17752201	17800868	protein_coding
ST8SIA6	AvC	chr10	17315421	17454595	protein_coding
ZEB1	AvC	chr10	31318495	31529814	protein_coding
ANKRD1	AvC	chr10	90912092	90921091	protein_coding
HTR7	AvC	chr10	90740823	90858039	protein_coding
PLEKHS1	AvC	chr10	113751262	113783429	protein_coding
PAOX	AvC	chr10	133379246	133392078	protein_coding
SAA4	AvC	chr11	18231344	18236860	protein_coding
SYT8	AvC	chr11	1828307	1837521	protein_coding
HSD17B12	AvC	chr11	43680509	43857741	protein_coding
GLYAT	AvC	chr11	58640426	58731974	protein_coding
SLC43A1	AvC	chr11	57484064	57515780	protein_coding
ENDOD1	AvC	chr11	95089817	95132645	protein_coding
PAK1	AvC	chr11	77321548	77474635	protein_coding
PLCH2	AvC	chr1	2425980	2505532	protein_coding
ESAM	AvC	chr11	124752583	124762315	protein_coding
MPZL2	AvC	chr11	118253416	118264536	protein_coding
TMEM25	AvC	chr11	118531041	118547280	protein_coding
TAGLN	AvC	chr11	117197509	117207464	protein_coding
JPH2	AvC	chr20	44106590	44189032	protein_coding
KIAA1755	AvC	chr20	38210503	38261039	protein_coding
CDC42EP2	AvC	chr11	65314834	65322662	protein_coding
TLCD3B	AvC	chr16	30024426	30052978	protein_coding
DOC2A	AvC	chr16	30005507	30023270	protein_coding
HIRIP3	AvC	chr16	29992330	29996120	protein_coding
HMGA2	AvC	chr12	65824460	65966291	protein_coding
FRMPD2B	AvC	chr10	46870858	46894562	transcribed_unprocessed_pseudogene
CTF1	AvC	chr16	30896614	30903547	protein_coding
ADGRL3	AvC	chr4	61200326	62078335	protein_coding
FAM124A	AvC	chr13	51222334	51284239	protein_coding
HNMT	AvC	chr2	137964020	138016364	protein_coding
LYPD6B	AvC	chr2	149037975	149215262	protein_coding
WDR17	AvC	chr4	176065840	176182820	protein_coding
CD226	AvC	chr18	69831158	69961803	protein_coding
CNDP1	AvC	chr18	74534400	74587212	protein_coding
PPP1R1C	AvC	chr2	181954241	182131398	protein_coding
PIH1D2	AvC	chr11	112063218	112074274	protein_coding
FREM2	AvC	chr13	38687077	38887131	protein_coding
ITPR1	AvC	chr3	4493345	4847506	protein_coding
SLC7A11	AvC	chr4	138164097	138242349	protein_coding
DCP1B	AvC	chr12	1946052	2004535	protein_coding
CACNA1C	AvC	chr12	1970772	2697950	protein_coding
ABTB3	AvC	chr12	107318421	107659642	protein_coding
MAT1A	AvC	chr10	80269780	80290126	protein_coding
SLC2A13	AvC	chr12	39755025	40106089	protein_coding
ME3	AvC	chr11	86438751	86672636	protein_coding
ADAMTS12	AvC	chr5	33523535	33892019	protein_coding
C4orf33	AvC	chr4	129093317	129116640	protein_coding
FRMD4A	AvC	chr10	13643706	14462142	protein_coding
PTPRO	AvC	chr12	15322257	15602175	protein_coding
ANO4	AvC	chr12	100717244	101128648	protein_coding
TEX9	AvC	chr15	56243971	56445997	protein_coding
EDNRA	AvC	chr4	147480917	147544954	protein_coding
NR3C2	AvC	chr4	148078762	148445549	protein_coding
AKR1C6P	AvC	chr10	4871901	4891975	transcribed_unprocessed_pseudogene
AKR1C2	AvC	chr10	4987775	5018031	protein_coding
RNF144A	AvC	chr2	6917386	7068286	protein_coding
TMEM45B	AvC	chr11	129815791	129861265	protein_coding
ACSL1	AvC	chr4	184755501	184826853	protein_coding
SAV1	AvC	chr14	50632058	50668337	protein_coding
CCL28	AvC	chr5	43376645	43412391	protein_coding
BEND6	AvC	chr6	56954924	57027832	protein_coding
TUBA3E	AvC	chr2	130191745	130198439	protein_coding
ARL11	AvC	chr13	49628464	49634842	protein_coding
PSTPIP2	AvC	chr18	45983536	46072296	protein_coding
TCF7L1	AvC	chr2	85133392	85310388	protein_coding
SPOCK1	AvC	chr5	136975298	137598379	protein_coding
ZNF256	AvC	chr19	57940833	57947706	protein_coding
CAMK4	AvC	chr5	111223653	111494886	protein_coding
PLEKHH2	AvC	chr2	43637260	43767987	protein_coding
GJA1	AvC	chr6	121435577	121449727	protein_coding
CATSPER3	AvC	chr5	134967907	135011696	protein_coding
DNAI4	AvC	chr1	66812885	66924890	protein_coding
ANKRD22	AvC	chr10	88819896	88851844	protein_coding
SLC16A12	AvC	chr10	89430174	89556701	protein_coding
PRDM8	AvC	chr4	80183879	80204329	protein_coding
BMP3	AvC	chr4	81030632	81057627	protein_coding
HHEX	AvC	chr10	92689903	92695647	protein_coding
UTRN	AvC	chr6	144285335	144853034	protein_coding
PTPRK	AvC	chr6	127968780	128520619	protein_coding
ZNF117	AvC	chr7	64970663	65006687	protein_coding
CPB1	AvC	chr3	148791102	148860187	protein_coding
MR1	AvC	chr1	181033374	181061938	protein_coding
BMP6	AvC	chr6	7726049	7881728	protein_coding
CD96	AvC	chr3	111292719	111665996	protein_coding
SLC25A27	AvC	chr6	46652915	46678190	protein_coding
TRAPPC8	AvC	chr18	31829197	31953136	protein_coding
LPCAT1	AvC	chr5	1456480	1524282	protein_coding
CMTM7	AvC	chr3	32391686	32483067	protein_coding
CD8A	AvC	chr2	86784610	86808396	protein_coding
SPMIP4	AvC	chr7	25134692	25180356	protein_coding
PID1	AvC	chr2	228850526	229271867	protein_coding
MCOLN2	AvC	chr1	84925583	84997115	protein_coding
CACNA2D1	AvC	chr7	81946444	82443970	protein_coding
HS3ST3A1	AvC	chr17	13494032	13601929	protein_coding
GDPD1	AvC	chr17	59220467	59275970	protein_coding
SEMA3D	AvC	chr7	84995195	85187056	protein_coding
GRAP	AvC	chr17	19020656	19047143	protein_coding
SLC5A10	AvC	chr17	18950345	19022595	protein_coding
ANKRD29	AvC	chr18	23598926	23663088	protein_coding
UBASH3B	AvC	chr11	122655722	122814473	protein_coding
ROBO4	AvC	chr11	124883666	124898500	protein_coding
ROBO3	AvC	chr11	124865432	124881471	protein_coding
NRGN	AvC	chr11	124739939	124747210	protein_coding
TOMM70	AvC	chr3	100363431	100401111	protein_coding
ABI3BP	AvC	chr3	100749155	100993515	protein_coding
ANGPT1	AvC	chr8	107249482	107498055	protein_coding
CYP4Z2P	AvC	chr1	46843178	46900434	transcribed_unprocessed_pseudogene
PRKCA	AvC	chr17	66302613	66810743	protein_coding
ABCA6	AvC	chr17	69074255	69142031	protein_coding
ABCA10	AvC	chr17	69147214	69244846	protein_coding
PGCKA1	AvC	chr4	37453439	37624344	protein_coding
UCHL1	AvC	chr4	41256413	41268560	protein_coding
TNIK	AvC	chr3	171058414	171460408	protein_coding
PGM5	AvC	chr9	68328308	68535009	protein_coding
OBSCN	AvC	chr1	228208044	228378876	protein_coding
CNTNAP3B	AvC	chr9	41890314	42129552	protein_coding
LY96	AvC	chr8	73991392	74029079	protein_coding
BTG3	AvC	chr21	17593650	17613014	protein_coding
TMPRSS15	AvC	chr21	18269116	18485879	protein_coding
ADAMTS1	AvC	chr21	26835755	26845409	protein_coding
SLFN13	AvC	chr17	35435096	35449766	protein_coding
WNT7A	AvC	chr3	13816258	13880071	protein_coding
PLCL2	AvC	chr3	16802651	17090604	protein_coding
CCDC144BP	AvC	chr17	18542155	18625447	transcribed_unprocessed_pseudogene
MPPE1	AvC	chr18	11882622	11909180	protein_coding
RAB6B	AvC	chr3	133824235	133895882	protein_coding
ACSS1	AvC	chr20	25006230	25058980	protein_coding
PROM2	AvC	chr2	95274444	95302296	protein_coding
PTPRN2	AvC	chr7	157539056	158587823	protein_coding
PIP4P2	AvC	chr8	90990482	91041007	protein_coding
TTC39B	AvC	chr9	15163622	15307360	protein_coding
GOLGA7B	AvC	chr10	97849295	97871580	protein_coding
GPR78	AvC	chr4	8558725	8619761	protein_coding
SAMSN1	AvC	chr21	14485228	14658821	protein_coding
PPM1J	AvC	chr1	112709994	112715336	protein_coding
LRGUK	AvC	chr7	134127299	134264595	protein_coding
PDZD9	AvC	chr16	21983865	22001116	protein_coding
FLACC1	AvC	chr2	201288271	201357398	protein_coding
FZD7	AvC	chr2	202033855	202038441	protein_coding
DEPTOR	AvC	chr8	119873717	120050918	protein_coding
SLC26A2	AvC	chr5	149960758	149993455	protein_coding
SAXO1	AvC	chr9	18858906	19049358	protein_coding
PXYLP1	AvC	chr3	141228726	141367753	protein_coding
RAET1L	AvC	chr6	150018334	150025532	protein_coding
NAT2	AvC	chr8	18391252	18401218	protein_coding
PSD3	AvC	chr8	18527303	19084730	protein_coding
MCU	AvC	chr10	72692110	72887694	protein_coding
KCNMA1	AvC	chr10	76869601	77638369	protein_coding
CFAP161	AvC	chr15	81007033	81149179	protein_coding
ADAMTSL3	AvC	chr15	83653683	84039842	protein_coding
ART3	AvC	chr4	76011184	76114094	protein_coding
SLC28A1	AvC	chr15	84884612	84945803	protein_coding
CXCL13	AvC	chr4	77511753	77611834	protein_coding
MAP3K7CL	AvC	chr21	29077060	29175889	protein_coding
BACH1	AvC	chr21	29194071	29630751	protein_coding
CLDN8	AvC	chr21	30214006	30216097	protein_coding
TSPAN7	AvC	chrX	38561498	38689249	protein_coding
TIAM1	AvC	chr21	31117985	31559977	protein_coding
SORCS3	AvC	chr10	104641290	105265242	protein_coding
FUT6	AvC	chr19	5830361	5839722	protein_coding
SH3RF2	AvC	chr5	145936425	146085976	protein_coding
HKDC1	AvC	chr10	69220292	69267552	protein_coding
TYSND1	AvC	chr10	70137981	70146700	protein_coding
UBE2L6	AvC	chr11	57551656	57568284	protein_coding
GLYATL2	AvC	chr11	58834065	58904215	protein_coding
IGKV1OR-2	AvC	chr9	64765054	64765535	IG_V_pseudogene
FBXO32	AvC	chr8	123497889	123541273	protein_coding
B3GNT7	AvC	chr2	231395671	231408799	protein_coding
EIF4A2	AvC	chr3	186783205	186789901	protein_coding
ATP2B2	AvC	chr3	10324023	10708007	protein_coding
RBPMS	AvC	chr8	30384416	30572256	protein_coding
TMEM171	AvC	chr5	73120569	73131812	protein_coding
NRG1	AvC	chr8	31639222	32855666	protein_coding
CLDN12	AvC	chr7	90383721	90513402	protein_coding
MMP14	AvC	chr14	22836532	22849041	protein_coding
FZD1	AvC	chr7	91264433	91271326	protein_coding
CLEC18A	AvC	chr16	69950705	69964452	protein_coding
CLEC18C	AvC	chr16	70173322	70187361	protein_coding
ARMC12	AvC	chr6	35737032	35749079	protein_coding
IL34	AvC	chr16	70579878	70661556	protein_coding
CACNA1D	AvC	chr3	53328963	53813733	protein_coding
ZNF19	AvC	chr16	71464555	71565502	protein_coding
CACNA2D3	AvC	chr3	54122427	55074557	protein_coding
FAM81A	AvC	chr15	59372692	59523555	protein_coding
TSC22D3	AvC	chrX	107713221	107777342	protein_coding
KCNJ15	AvC	chr21	38155549	38307357	protein_coding
TSPAN18	AvC	chr11	44726322	44932427	protein_coding
PALM2AKAP2	AvC	chr9	109498325	110172512	protein_coding
ZNF618	AvC	chr9	113876052	114056593	protein_coding
DGKI	AvC	chr7	137381037	137847092	protein_coding
TMEM268	AvC	chr9	114611206	114646422	protein_coding
ACAN	AvC	chr15	88803436	88875353	protein_coding
WDR19	AvC	chr4	39182494	39285810	protein_coding
FMNL2	AvC	chr2	152335136	152649831	protein_coding
TNFRSF14	AvC	chr1	2554244	2565382	protein_coding
CIB4	AvC	chr2	26581205	26641366	protein_coding
EXTL1	AvC	chr1	26019884	26036464	protein_coding
UBXN11	AvC	chr1	26281328	26318363	protein_coding
XDH	AvC	chr2	31334320	31414747	protein_coding
CNNM4	AvC	chr2	96760898	96811888	protein_coding
ESYT3	AvC	chr3	138434586	138481686	protein_coding
TENT5B	AvC	chr1	27005020	27012850	protein_coding
GPR153	AvC	chr1	6247347	6261098	protein_coding
SLC13A3	AvC	chr20	46557823	46684467	protein_coding
RHBDL2	AvC	chr1	38885807	38941830	protein_coding
TMSB15B	AvC	chrX	103918896	103966712	protein_coding
KCNB1	AvC	chr20	49293394	49484297	protein_coding
NRG2	AvC	chr5	139846779	140043299	protein_coding
CPA2	AvC	chr7	130266863	130289798	protein_coding
CPA5	AvC	chr7	130344816	130368730	protein_coding
ALAS2	AvC	chrX	55009055	55030986	protein_coding
GPAT4	AvC	chr8	41577187	41625001	protein_coding
SLC45A3	AvC	chr1	205657851	205680990	protein_coding
NBL1	AvC	chr1	19596979	19658456	protein_coding
PLA2G2F	AvC	chr1	20139323	20150381	protein_coding
SPATA2L	AvC	chr16	89696357	89701705	protein_coding
NPM2	AvC	chr8	22024125	22036897	protein_coding
EDA	AvC	chrX	69616067	70039472	protein_coding
CDA	AvC	chr1	20588932	20618908	protein_coding
PINK1	AvC	chr1	20633458	20651511	protein_coding
MPZ	AvC	chr1	161304735	161309968	protein_coding
WFDC8	AvC	chr20	45551153	45579326	protein_coding
CACHD1	AvC	chr1	64469765	64693058	protein_coding
IFNGR2	AvC	chr21	33403369	33479348	protein_coding
LAD1	AvC	chr1	201380833	201399915	protein_coding
STC1	AvC	chr8	23841929	23854806	protein_coding
TNNI1	AvC	chr1	201403784	201429866	protein_coding
CIART	AvC	chr1	150282543	150287093	protein_coding
PTMS	AvC	chr12	6765516	6770952	protein_coding
PADI4	AvC	chr1	17308195	17364004	protein_coding
BTG2	AvC	chr1	203305491	203309602	protein_coding
HK2	AvC	chr2	74834079	74893359	protein_coding
C1R	AvC	chr12	7080213	7092540	protein_coding
AMFR	AvC	chr16	56361449	56425545	protein_coding
ACE	AvC	chr17	63477058	63498380	protein_coding
CHCHD6	AvC	chr3	126704214	126960420	protein_coding
ATP6V0D1	AvC	chr16	67438005	67481188	protein_coding
ZFYVE28	AvC	chr4	2269582	2418651	protein_coding
C16orf86	AvC	chr16	67666814	67668757	protein_coding
RGS12	AvC	chr4	3293021	3439913	protein_coding
PSKH1	AvC	chr16	67893254	67929676	protein_coding
LYPD5	AvC	chr19	43785874	43827206	protein_coding
CCDC107	AvC	chr9	35658290	35661511	protein_coding
CCDC28B	AvC	chr1	32200383	32205453	protein_coding
ABCG1	AvC	chr21	42199689	42304389	protein_coding
TMPRSS3	AvC	chr21	42371840	42396119	protein_coding
PDE9A	AvC	chr21	42653591	42775513	protein_coding
CBS	AvC	chr21	43050900	43076943	protein_coding
CSTB	AvC	chr21	43772511	43776579	protein_coding
GAB3	AvC	chrX	154675249	154751583	protein_coding
ICOSLG	AvC	chr21	44215382	44241446	protein_coding
RALGDS	AvC	chr9	133097719	133149334	protein_coding
ADAMTS13	AvC	chr9	133414358	133459402	protein_coding
SLC2A6	AvC	chr9	133471088	133479148	protein_coding
PIERCE1	AvC	chr9	135495180	135501734	protein_coding
GPSM1	AvC	chr9	136327476	136359605	protein_coding
PKN3	AvC	chr9	128702499	128720924	protein_coding
BRSK1	AvC	chr19	55282072	55312562	protein_coding
ZBTB7B	AvC	chr1	155002543	155018525	protein_coding
SHC1	AvC	chr1	154962284	154974395	protein_coding
IL6R	AvC	chr1	154405193	154469450	protein_coding
AZGP1	AvC	chr7	99966720	99976066	protein_coding
FGFR4	AvC	chr5	177086456	177098151	protein_coding
HK3	AvC	chr5	176880820	176899437	protein_coding
LY6E	AvC	chr8	143012722	143023832	protein_coding
PPP1R16A	AvC	chr8	144475989	144502126	protein_coding
FOXH1	AvC	chr8	144473412	144475873	protein_coding
SQSTM1	AvC	chr5	179806398	179838078	protein_coding
FBXL13	AvC	chr7	102811189	103075400	protein_coding
NAPEPLD	AvC	chr7	103099776	103151172	protein_coding
FBXO27	AvC	chr19	38990714	39033773	protein_coding
BDH1	AvC	chr3	197509776	197573382	protein_coding
COX7A1	AvC	chr19	36150922	36152449	protein_coding
ZNF577	AvC	chr19	51804816	51890950	protein_coding
SHANK1	AvC	chr19	50659255	50719802	protein_coding
FAM171A2	AvC	chr17	44353215	44363868	protein_coding
FMNL3	AvC	chr12	49636499	49708165	protein_coding
AQP5	AvC	chr12	49961811	49965682	protein_coding
MSLNL	AvC	chr16	769428	782054	protein_coding
SSTR5	AvC	chr16	1063867	1081467	protein_coding
MEIOB	AvC	chr16	1833986	1884294	protein_coding
BICDL2	AvC	chr16	3027682	3036993	protein_coding
ZG16B	AvC	chr16	2830162	2839585	protein_coding
SHANK2	AvC	chr11	70467805	71252844	protein_coding
NEU3	AvC	chr11	74984361	75018893	protein_coding
PRKAA2	AvC	chr1	56645314	56715335	protein_coding
ZSWIM5	AvC	chr1	45016395	45306209	protein_coding
LAPTM5	AvC	chr1	30732465	30757855	protein_coding
SDC3	AvC	chr1	30869466	30908810	protein_coding
SYNC	AvC	chr1	32679906	32703596	protein_coding
UBXN10	AvC	chr1	20183293	20196050	protein_coding
LRRIQ3	AvC	chr1	74026015	74198187	protein_coding
NTNG1	AvC	chr1	107140007	107484923	protein_coding
EEIG2	AvC	chr1	108560036	108644900	protein_coding
HENMT1	AvC	chr1	108648285	108661526	protein_coding
AKNAD1	AvC	chr1	108815898	108963484	protein_coding
NLRP3	AvC	chr1	247332331	247449668	protein_coding
KCNJ9	AvC	chr1	160081501	160090563	protein_coding
VANGL2	AvC	chr1	160400564	160428678	protein_coding
KLHDC9	AvC	chr1	161098361	161100346	protein_coding
C1orf74	AvC	chr1	209779208	209784620	protein_coding
DENND2D	AvC	chr1	111185969	111204535	protein_coding
IER5	AvC	chr1	181088700	181092900	protein_coding
C1orf115	AvC	chr1	220690363	220699153	protein_coding
MT2P1	AvC	chr4	68376323	68376505	processed_pseudogene
WDR64	AvC	chr1	241652278	241802777	protein_coding
OXER1	AvC	chr2	42762499	42764135	protein_coding
HAAO	AvC	chr2	42765709	42792941	protein_coding
IL20	AvC	chr1	206865623	206869223	protein_coding
IL24	AvC	chr1	206897443	206904139	protein_coding
PIGR	AvC	chr1	206928522	206949367	protein_coding
KCNF1	AvC	chr2	10911096	10914225	protein_coding
FRZB	AvC	chr2	182833275	182866638	protein_coding
FBXO41	AvC	chr2	73254682	73284478	protein_coding
VSNL1	AvC	chr2	17539020	17657018	protein_coding
CCDC74A	AvC	chr2	131527675	131533666	protein_coding
COQ8A	AvC	chr1	226938143	226987569	protein_coding
SLC16A14	AvC	chr2	230034974	230068999	protein_coding
SGPP2	AvC	chr2	222424511	222562621	protein_coding
INHBB	AvC	chr2	120346136	120351803	protein_coding
NEURL3	AvC	chr2	96497644	96508153	protein_coding
CTSS	AvC	chr1	150730079	150765957	protein_coding
MSX1	AvC	chr4	4859665	4863936	protein_coding
C1QTNF7	AvC	chr4	15339818	15446167	protein_coding
IVL	AvC	chr1	152908546	152911886	protein_coding
SPRR3	AvC	chr1	153001747	153003856	protein_coding
SPRR2D	AvC	chr1	153039732	153041931	protein_coding
ARHGAP25	AvC	chr2	68679601	68826833	protein_coding
S100A9	AvC	chr1	153357767	153361027	protein_coding
TGFA	AvC	chr2	70447284	70554193	protein_coding
NPPC	AvC	chr2	231921809	231926396	protein_coding
ALPP	AvC	chr2	232378724	232382889	protein_coding
ALPG	AvC	chr2	232406844	232410714	protein_coding
ANTXR2	AvC	chr4	79901146	80125454	protein_coding
CLDN1	AvC	chr3	190305707	190322446	protein_coding
DCST2	AvC	chr1	155018520	155033781	protein_coding
DCST1	AvC	chr1	155033824	155050930	protein_coding
COL6A3	AvC	chr2	237324003	237414405	protein_coding
INAVA	AvC	chr1	200891003	200915742	protein_coding
SLC22A15	AvC	chr1	115976477	116070054	protein_coding
SLC15A2	AvC	chr3	121894391	121944188	protein_coding
EIF4E3	AvC	chr3	71675414	71754773	protein_coding
FSTL1	AvC	chr3	120392293	120451241	protein_coding
ELF3	AvC	chr1	202007945	202017183	protein_coding
PDCL2	AvC	chr4	55556519	55592245	protein_coding
TMEM169	AvC	chr2	216081866	216102783	protein_coding
CXCR1	AvC	chr2	218162841	218166962	protein_coding
ADORA1	AvC	chr1	203090654	203167407	protein_coding
CRYBA2	AvC	chr2	218990189	218994270	protein_coding
IHH	AvC	chr2	219054424	219060921	protein_coding
EOMES	AvC	chr3	27715949	27722711	protein_coding
TGFBR2	AvC	chr3	30606478	30694249	protein_coding
NFASC	AvC	chr1	204828651	205022822	protein_coding
NUAK2	AvC	chr1	205302063	205321745	protein_coding
EIF5A2	AvC	chr3	170888418	170908644	protein_coding
SLC2A2	AvC	chr3	170995125	171026775	protein_coding
SNHG16	AvC	chr17	76557191	76714384	lncRNA
PRICKLE2	AvC	chr3	64092236	64445476	protein_coding
ADAMTS9	AvC	chr3	64515654	64688000	protein_coding
ABHD6	AvC	chr3	58237516	58295693	protein_coding
IL17RE	AvC	chr3	9902612	9916402	protein_coding
CXCL3	AvC	chr4	74036589	74038807	protein_coding
CXCL1	AvC	chr4	73869392	73871308	protein_coding
PLSCR2	AvC	chr3	146391421	146495991	protein_coding
UCN	AvC	chr2	27307400	27308445	protein_coding
TGM4	AvC	chr3	44874608	44914990	protein_coding
NMNAT3	AvC	chr3	139558709	139678017	protein_coding
ZC3H12A	AvC	chr1	37474496	37484379	protein_coding
RPL39L	AvC	chr3	187120927	187180972	protein_coding
MELTF	AvC	chr3	196980590	197029874	protein_coding
EMCN	AvC	chr4	100395341	100880126	protein_coding
SLC9B2	AvC	chr4	103019868	103085829	protein_coding
FBXW12	AvC	chr3	48372219	48401259	protein_coding
SPRY1	AvC	chr4	123396754	123403760	protein_coding
INTU	AvC	chr4	127623271	127726737	protein_coding
GRM2	AvC	chr3	51707061	51718616	protein_coding
DUSP7	AvC	chr3	52048919	52056571	protein_coding
PPM1M	AvC	chr3	52245741	52250616	protein_coding
NDST3	AvC	chr4	118033579	118258634	protein_coding
SAP30	AvC	chr4	173369969	173377532	protein_coding
SCRG1	AvC	chr4	173384701	173410218	protein_coding
GUCY1A1	AvC	chr4	155666707	155737059	protein_coding
TMEM144	AvC	chr4	158201604	158255416	protein_coding
NPY1R	AvC	chr4	163323962	163344852	protein_coding
ITGA2	AvC	chr5	52989320	53094779	protein_coding
RNF180	AvC	chr5	64165291	64372869	protein_coding
HTR4	AvC	chr5	148446042	148677235	protein_coding
CDC20B	AvC	chr5	55112971	55173177	protein_coding
RHOBTB3	AvC	chr5	95713522	95824383	protein_coding
CMYA5	AvC	chr5	79689777	79800607	protein_coding
TLR3	AvC	chr4	186068911	186088073	protein_coding
TERT	AvC	chr5	1253147	1295085	protein_coding
FOXQ1	AvC	chr6	1312098	1314758	protein_coding
CSF2	AvC	chr5	132073789	132076170	protein_coding
GRIK2	AvC	chr6	100962701	102081622	protein_coding
CITED2	AvC	chr6	139371807	139375909	protein_coding
STXBP5	AvC	chr6	147203710	147391010	protein_coding
TBX20	AvC	chr7	35202430	35254100	protein_coding
MATCAP2	AvC	chr7	36324152	36390125	protein_coding
STK17A	AvC	chr7	43582758	43650713	protein_coding
GALNT10	AvC	chr5	154190514	154420984	protein_coding
SAMTOR	AvC	chr7	112819147	112939875	protein_coding
PTTG1	AvC	chr5	160421816	160428748	protein_coding
RELL2	AvC	chr5	141636950	141641064	protein_coding
SP8	AvC	chr7	20782279	20786886	protein_coding
ELAPOR2	AvC	chr7	86876906	87059693	protein_coding
SYTL3	AvC	chr6	158644387	158768355	protein_coding
ZNF704	AvC	chr8	80628451	80874781	protein_coding
FABP5	AvC	chr8	81280535	81284777	protein_coding
COL1A2	AvC	chr7	94394820	94431227	protein_coding
CHMP4C	AvC	chr8	81732448	81759515	protein_coding
SLC13A4	AvC	chr7	135681231	135729258	protein_coding
CTSB	AvC	chr8	11842524	11869533	protein_coding
DLC1	AvC	chr8	13083361	13604610	protein_coding
SUN3	AvC	chr7	47987148	48029119	protein_coding
OSGIN2	AvC	chr8	89901849	89927888	protein_coding
SUN1	AvC	chr7	816591	896435	protein_coding
CA3	AvC	chr8	85373436	85449040	protein_coding
SLC4A2	AvC	chr7	151057210	151076527	protein_coding
BAALC	AvC	chr8	103140433	103230305	protein_coding
CTHRC1	AvC	chr8	103371538	103382990	protein_coding
GEM	AvC	chr8	94249249	94262461	protein_coding
TMEM67	AvC	chr8	93754844	93819234	protein_coding
WASHC5	AvC	chr8	125024260	125091819	protein_coding
RPP25L	AvC	chr9	34610486	34612605	protein_coding
PSIP1	AvC	chr9	15464065	15511202	protein_coding
CCDC171	AvC	chr9	15552899	16061663	protein_coding
NIPSNAP3B	AvC	chr9	104763850	104777764	protein_coding
ABCA1	AvC	chr9	104781006	104928155	protein_coding
NFIL3	AvC	chr9	91408748	91425066	protein_coding
TMEM71	AvC	chr8	132685007	132760712	protein_coding
GKAP1	AvC	chr9	83739423	83829516	protein_coding
ENSG00000165121	AvC	chr9	85815966	85849542	transcribed_unprocessed_pseudogene
ANKS6	AvC	chr9	98731329	98796965	protein_coding
FBP1	AvC	chr9	94603133	94640323	protein_coding
VEGFD	AvC	chrX	15345594	15384509	protein_coding
CLDN3	AvC	chr7	73768997	73770270	protein_coding
CARD19	AvC	chr9	93096161	93113283	protein_coding
WNK2	AvC	chr9	93184122	93320572	protein_coding
NLGN4Y	AvC	chrY	14522573	14845654	protein_coding
NOL6	AvC	chr9	33461353	33473930	protein_coding
AQP3	AvC	chr9	33441156	33447596	protein_coding
SLITRK5	AvC	chr13	87671371	87696272	protein_coding
OTUD1	AvC	chr10	23439075	23442377	protein_coding
MARCHF8	AvC	chr10	45454585	45594931	protein_coding
ZCCHC24	AvC	chr10	79382325	79445625	protein_coding
PGM2L1	AvC	chr11	74330315	74398473	protein_coding
SLC16A9	AvC	chr10	59650762	59736002	protein_coding
HEPACAM	AvC	chr11	124919205	124936431	protein_coding
ZNF22-AS1	AvC	chr10	44997697	45236093	lncRNA
ZNF22	AvC	chr10	45000293	45005329	protein_coding
EML5	AvC	chr14	88612240	88792994	protein_coding
TMEM63C	AvC	chr14	77116568	77259498	protein_coding
AKR1E2	AvC	chr10	4786629	4848062	protein_coding
KBTBD6	AvC	chr13	41127569	41132802	protein_coding
FAAH2	AvC	chrX	57286632	57490641	protein_coding
OXGR1	AvC	chr13	96985713	96994730	protein_coding
BEND7	AvC	chr10	13438484	13529237	protein_coding
QSOX2	AvC	chr9	136206333	136245812	protein_coding
SNAPC4	AvC	chr9	136375567	136400176	protein_coding
ENTR1	AvC	chr9	136401922	136410614	protein_coding
SPACA9	AvC	chr9	132878027	132890201	protein_coding
JCAD	AvC	chr10	30012803	30115494	protein_coding
NDRG2	AvC	chr14	21016763	21071094	protein_coding
ARHGEF40	AvC	chr14	21069647	21090248	protein_coding
ZNF219	AvC	chr14	21090053	21104722	protein_coding
UBTD1	AvC	chr10	97498913	97571206	protein_coding
ANKRD2	AvC	chr10	97572499	97583896	protein_coding
E2F7	AvC	chr12	77021246	77065572	protein_coding
LARGE2	AvC	chr11	45918146	45929376	protein_coding
TTC7B	AvC	chr14	90524564	90816500	protein_coding
AGBL2	AvC	chr11	47659591	47715389	protein_coding
MOAP1	AvC	chr14	93182176	93184930	protein_coding
SMCO4	AvC	chr11	93478468	93543764	protein_coding
HTRA1	AvC	chr10	122458551	122514907	protein_coding
GPR176	AvC	chr15	39799008	39920936	protein_coding
ADAMTS15	AvC	chr11	130448645	130476645	protein_coding
GPT2	AvC	chr16	46882857	46931298	protein_coding
IKBIP	AvC	chr12	98613405	98645113	protein_coding
FBN1	AvC	chr15	48408313	48645721	protein_coding
CKB	AvC	chr14	103519660	103523167	protein_coding
LARP6	AvC	chr15	70829130	70854157	protein_coding
ASPG	AvC	chr14	104085537	104115582	protein_coding
PLEKHF1	AvC	chr19	29665398	29675477	protein_coding
TMEM100	AvC	chr17	55718739	55732121	protein_coding
ANAPC16	AvC	chr10	72215863	72235860	protein_coding
NUDT13	AvC	chr10	73110375	73131828	protein_coding
NETO1	AvC	chr18	72742314	72868146	protein_coding
PPFIBP2	AvC	chr11	7513298	7657127	protein_coding
CYB5R2	AvC	chr11	7665097	7677222	protein_coding
SERPINB7	AvC	chr18	63752935	63805376	protein_coding
RIC3	AvC	chr11	8106056	8169055	protein_coding
CDYL2	AvC	chr16	80597907	80804598	protein_coding
ATMIN	AvC	chr16	81035842	81047350	protein_coding
NDST2	AvC	chr10	73801910	73811963	protein_coding
A2ML1	AvC	chr12	8822621	8887001	protein_coding
BEAN1	AvC	chr16	66427295	66493529	protein_coding
CENPV	AvC	chr17	16342534	16353656	protein_coding
CDH16	AvC	chr16	66908122	66919187	protein_coding
BEX3	AvC	chrX	103376299	103378301	protein_coding
AP1G1	AvC	chr16	71729000	71809201	protein_coding
BMERB1	AvC	chr16	15434475	15625028	protein_coding
LDHD	AvC	chr16	75111855	75116782	protein_coding
PLIN1	AvC	chr15	89664365	89679450	protein_coding
ANPEP	AvC	chr15	89784875	89815401	protein_coding
SCNN1G	AvC	chr16	23182677	23216883	protein_coding
NAV2	AvC	chr11	19350724	20121601	protein_coding
GLYATL1	AvC	chr11	58905398	59043527	protein_coding
SMAD3	AvC	chr15	67063763	67195173	protein_coding
AKTIP	AvC	chr16	53490502	53504411	protein_coding
TEF	AvC	chr22	41367333	41399326	protein_coding
PIP5KL1	AvC	chr9	127920881	127930785	protein_coding
CERCAM	AvC	chr9	128411751	128437351	protein_coding
GPRC5B	AvC	chr16	19856691	19886173	protein_coding
NOD2	AvC	chr16	50693217	50733348	protein_coding
ZNF91	AvC	chr19	23304991	23395501	protein_coding
MYO5B	AvC	chr18	49822789	50195164	protein_coding
FN3K	AvC	chr17	82735603	82751197	protein_coding
MVD	AvC	chr16	88651934	88663161	protein_coding
PROCA1	AvC	chr17	28703197	28711888	protein_coding
CACNB3	AvC	chr12	48813794	48828941	protein_coding
RHEBL1	AvC	chr12	49064676	49070039	protein_coding
ZNF701	AvC	chr19	52555822	52599928	protein_coding
AQP2	AvC	chr12	49950737	49958878	protein_coding
GPD1	AvC	chr12	50103982	50111316	protein_coding
AXL	AvC	chr19	41219174	41261766	protein_coding
TMEM145	AvC	chr19	42313309	42325064	protein_coding
PSCA	AvC	chr8	142670308	142682725	protein_coding
LY6D	AvC	chr8	142784882	142786539	protein_coding
PLIN4	AvC	chr19	4502182	4520379	protein_coding
SEMA6B	AvC	chr19	4542588	4581784	protein_coding
NXN	AvC	chr17	799310	979776	protein_coding
GPT	AvC	chr8	144502608	144507494	protein_coding
KIFC2	AvC	chr8	144465940	144474202	protein_coding
TRPV3	AvC	chr17	3510502	3557812	protein_coding
KLK1	AvC	chr19	50819146	50823787	protein_coding
KLK5	AvC	chr19	50943299	50953314	protein_coding
KLK6	AvC	chr19	50958631	50969673	protein_coding
KLK11	AvC	chr19	51022216	51028039	protein_coding
KRT80	AvC	chr12	52168996	52192014	protein_coding
ZNF558	AvC	chr19	8806170	8832314	protein_coding
GSDMA	AvC	chr17	39953263	39977768	protein_coding
VWCE	AvC	chr11	61255672	61295334	protein_coding
RAB3IL1	AvC	chr11	61897232	61920269	protein_coding
BEST1	AvC	chr11	61950063	61965515	protein_coding
FTH1	AvC	chr11	61959718	61967634	protein_coding
SCARA3	AvC	chr8	27633414	27676776	protein_coding
SCARA5	AvC	chr8	27869883	27992834	protein_coding
PNOC	AvC	chr8	28316986	28343355	protein_coding
LMBRD1	AvC	chr6	69672757	69867236	protein_coding
FOXI1	AvC	chr5	170105897	170109734	protein_coding
PDHB	AvC	chr3	58427630	58434012	protein_coding
KCTD6	AvC	chr3	58491078	58502360	protein_coding
MFSD2A	AvC	chr1	39955112	39969968	protein_coding
CMAHP	AvC	chr6	25081862	25138081	transcribed_unitary_pseudogene
SCNN1B	AvC	chr16	23278231	23381299	protein_coding
TNXB	AvC	chr6	32041153	32115334	protein_coding
PHYHIP	AvC	chr8	22219703	22232101	protein_coding
CCDC110	AvC	chr4	185445182	185471752	protein_coding
CAVIN2	AvC	chr2	191834305	191847211	protein_coding
MTCL1	AvC	chr18	8705271	8832780	protein_coding
ADAM9	AvC	chr8	38996754	39105445	protein_coding
WFDC13	AvC	chr20	45702038	45708817	protein_coding
LDLRAD4	AvC	chr18	13216173	13652755	protein_coding
KCTD19	AvC	chr16	67289428	67326760	protein_coding
IL7R	AvC	chr5	35852695	35879603	protein_coding
NPNT	AvC	chr4	105894775	106004027	protein_coding
FAM178B	AvC	chr2	96875882	96986580	protein_coding
GSTM4	AvC	chr1	109656099	109665496	protein_coding
TET2	AvC	chr4	105145875	105279816	protein_coding
TCTN2	AvC	chr12	123671110	123708399	protein_coding
SHOX2	AvC	chr3	158095905	158106420	protein_coding
TSPAN5	AvC	chr4	98470365	98658690	protein_coding
ZNF608	AvC	chr5	124636913	124748807	protein_coding
INPP5D	AvC	chr2	233059967	233207903	protein_coding
TM4SF20	AvC	chr2	227362038	227381995	protein_coding
PXDC1	AvC	chr6	3722614	3751713	protein_coding
SLC49A3	AvC	chr4	681824	689396	protein_coding
MAP2K1	AvC	chr15	66386825	66491656	protein_coding
IRS1	AvC	chr2	226731312	226799820	protein_coding
ROR2	AvC	chr9	91563091	91950240	protein_coding
HSPBAP1	AvC	chr3	122739981	122793831	protein_coding
PARM1	AvC	chr4	74933041	75050115	protein_coding
AFAP1L2	AvC	chr10	114293604	114404775	protein_coding
CCDC126	AvC	chr7	23597377	23644712	protein_coding
IL1RAPL1	AvC	chrX	28587446	29956718	protein_coding
PTAFR	AvC	chr1	28147166	28194083	protein_coding
CXCL8	AvC	chr4	73740519	73747379	protein_coding
SCN9A	AvC	chr2	166195185	166376001	protein_coding
RASSF6	AvC	chr4	73571550	73620631	protein_coding
SPRR1B	AvC	chr1	153031203	153032900	protein_coding
SPRR1A	AvC	chr1	152984081	152985814	protein_coding
TM2D2	AvC	chr8	38988808	38996824	protein_coding
HTRA4	AvC	chr8	38974228	38988663	protein_coding
PLEKHA2	AvC	chr8	38901235	38973912	protein_coding
CT55	AvC	chrX	135156540	135171398	protein_coding
ZEB2	AvC	chr2	144364364	144521057	protein_coding
CLIC3	AvC	chr9	136994608	136996568	protein_coding
ANTXR1	AvC	chr2	69013176	69249327	protein_coding
MT1E	AvC	chr16	56625475	56627112	protein_coding
RAC3	AvC	chr17	82031637	82034204	protein_coding
NRG4	AvC	chr15	75935969	76059795	protein_coding
CSGALNACT2	AvC	chr10	43137831	43185302	protein_coding
PCDH7	AvC	chr4	30720369	31146805	protein_coding
ONECUT1	AvC	chr15	52755053	52791078	protein_coding
P2RY1	AvC	chr3	152835131	152841439	protein_coding
WNT10B	AvC	chr12	48965340	48971735	protein_coding
ITGAM	AvC	chr16	31259967	31332892	protein_coding
TPST1	AvC	chr7	66205289	66420549	protein_coding
FRMPD4	AvC	chrX	11822423	12724523	protein_coding
IFFO2	AvC	chr1	18904280	18956676	protein_coding
MYO7B	AvC	chr2	127535683	127637729	protein_coding
TMEM154	AvC	chr4	152618628	152680012	protein_coding
ZPLD1	AvC	chr3	102099244	102479841	protein_coding
RNF150	AvC	chr4	140859807	141212877	protein_coding
ADRA1B	AvC	chr5	159865080	159973012	protein_coding
CNGB3	AvC	chr8	86553977	86743675	protein_coding
CMTM8	AvC	chr3	32237207	32370699	protein_coding
CDK1	AvC	chr10	60778312	60796236	protein_coding
FRMPD2	AvC	chr10	48153088	48274696	protein_coding
TCAF2	AvC	chr7	143620952	143730410	protein_coding
SEMA3E	AvC	chr7	83363238	83649139	protein_coding
SLC30A1	AvC	chr1	211571568	211579161	protein_coding
GPRC5C	AvC	chr17	74424851	74451653	protein_coding
KRT78	AvC	chr12	52837804	52849092	protein_coding
KRT86	AvC	chr12	52249300	52309163	protein_coding
CD14	AvC	chr5	140631728	140633700	protein_coding
DNAJC18	AvC	chr5	139408588	139444491	protein_coding
KRT4	AvC	chr12	52806549	52814116	protein_coding
KISS1	AvC	chr1	204190341	204196491	protein_coding
KRT83	AvC	chr12	52314301	52321398	protein_coding
TMC7	AvC	chr16	18983934	19063942	protein_coding
CDH2	AvC	chr18	27932879	28177946	protein_coding
SGCD	AvC	chr5	155870344	156767788	protein_coding
RASA4B	AvC	chr7	102479976	102517800	protein_coding
FOXN2	AvC	chr2	48314331	48379295	protein_coding
CEL	AvC	chr9	133061981	133071861	protein_coding
MTSS1	AvC	chr8	124550776	124728775	protein_coding
TRH	AvC	chr3	129974688	129977935	protein_coding
GSTA4	AvC	chr6	52977948	52995312	protein_coding
PAQR8	AvC	chr6	52361421	52407777	protein_coding
ZNF160	AvC	chr19	53064884	53103434	protein_coding
CEACAM3	AvC	chr19	41796587	41811554	protein_coding
PLAC1	AvC	chrX	134565837	134764355	protein_coding
S1PR1	AvC	chr1	101235366	101243713	protein_coding
HS6ST2	AvC	chrX	132626015	132961395	protein_coding
PKIA	AvC	chr8	78516303	78605267	protein_coding
FPR1	AvC	chr19	51745172	51804115	protein_coding
FAM86JP	AvC	chr3	125916624	125928595	transcribed_unprocessed_pseudogene
KYAT1	AvC	chr9	128832937	128882556	protein_coding
NRTN	AvC	chr19	5805056	5828324	protein_coding
FUT3	AvC	chr19	5842888	5851471	protein_coding
KCNG3	AvC	chr2	42442017	42493982	protein_coding
BBLN	AvC	chr9	128160265	128163924	protein_coding
GRIK1	AvC	chr21	29536933	29940033	protein_coding
FAM241B	AvC	chr10	69630241	69633614	protein_coding
ZNF440	AvC	chr19	11814273	11835216	protein_coding
GAA	AvC	chr17	80101533	80119881	protein_coding
KCNK3	AvC	chr2	26692722	26733420	protein_coding
KRT19	AvC	chr17	41523613	41528308	protein_coding
KRT15	AvC	chr17	41513745	41522529	protein_coding
KRT13	AvC	chr17	41500981	41505705	protein_coding
KRT9	AvC	chr17	41565836	41572059	protein_coding
NAT1	AvC	chr8	18170399	18223739	protein_coding
KRT20	AvC	chr17	40874934	40885243	protein_coding
MCC	AvC	chr5	113022106	113488823	protein_coding
DSEL	AvC	chr18	67506587	67516723	protein_coding
ZNF561	AvC	chr19	9604680	9622601	protein_coding
HOPX	AvC	chr4	56647989	56681877	protein_coding
RXFP1	AvC	chr4	158315311	158653372	protein_coding
DSCAM	AvC	chr21	40010999	40847158	protein_coding
CXXC5	AvC	chr5	139646375	139683882	protein_coding
ENC1	AvC	chr5	74627406	74641424	protein_coding
P2RY6	AvC	chr11	73264498	73305103	protein_coding
NMRAL2P	AvC	chr3	185960039	185979837	transcribed_unprocessed_pseudogene
PLEKHG5	AvC	chr1	6467122	6520074	protein_coding
DEFB4A	AvC	chr8	7894677	7896716	protein_coding
GATM	AvC	chr15	45361124	45402327	protein_coding
BCL2	AvC	chr18	63123346	63320128	protein_coding
MLLT3	AvC	chr9	20341669	20622499	protein_coding
PRNP	AvC	chr20	4685730	4701590	protein_coding
FRMD5	AvC	chr15	43870761	44195271	protein_coding
MIR31HG	AvC	chr9	21364605	21591906	lncRNA
TVP23B	AvC	chr17	18781111	18806715	protein_coding
FOXB1	AvC	chr15	60004234	60061730	protein_coding
MAL	AvC	chr2	95025677	95054932	protein_coding
ANKRD20A4P	AvC	chr9	64369675	64438574	transcribed_unprocessed_pseudogene
GAP43	AvC	chr3	115623510	115721490	protein_coding
KLF11	AvC	chr2	10042849	10054836	protein_coding
SPMIP9	AvC	chr2	88524649	88529585	protein_coding
CALB2	AvC	chr16	71358713	71390436	protein_coding
SLC9C1	AvC	chr3	112140898	112294227	protein_coding
SNTB1	AvC	chr8	120535745	120813273	protein_coding
ISG20	AvC	chr15	88635618	88656483	protein_coding
MBOAT1	AvC	chr6	20099684	20212469	protein_coding
CLEC7A	AvC	chr12	10116777	10130258	protein_coding
C5orf34	AvC	chr5	43486709	43515148	protein_coding
NEGR1	AvC	chr1	71395943	72282539	protein_coding
SPTLC3	AvC	chr20	13008972	13169103	protein_coding
BPGM	AvC	chr7	134646811	134679816	protein_coding
STARD5	AvC	chr15	81309053	81324183	protein_coding
CFAP53	AvC	chr18	50227193	50266504	protein_coding
ARNT2	AvC	chr15	80404315	80597937	protein_coding
PRSS27	AvC	chr16	2712419	2721166	protein_coding
FGGY	AvC	chr1	59295910	59810647	protein_coding
FUT9	AvC	chr6	96015436	96215612	protein_coding
RAB40A	AvC	chrX	103496541	103526752	protein_coding
RASGRP1	AvC	chr15	38488103	38565575	protein_coding
THEMIS	AvC	chr6	127708072	127918631	protein_coding
SLFN11	AvC	chr17	35350305	35373701	protein_coding
FUT10	AvC	chr8	33370824	33473146	protein_coding
TMEM217	AvC	chr6	37212180	37258155	protein_coding
EFCAB12	AvC	chr3	129401321	129428636	protein_coding
EGFL7	AvC	chr9	136658284	136672679	protein_coding
NBEA	AvC	chr13	34942270	35673022	protein_coding
MYEOV	AvC	chr11	69294129	69341682	protein_coding
SLC22A13	AvC	chr3	38265812	38278757	protein_coding
RXFP4	AvC	chr1	155941638	155943087	protein_coding
HPSE	AvC	chr4	83292461	83335153	protein_coding
ACSM6	AvC	chr10	95194200	95228929	protein_coding
ADCK5	AvC	chr8	144373101	144393242	protein_coding
ABLIM3	AvC	chr5	149141483	149260542	protein_coding
MAB21L3	AvC	chr1	116111399	116138149	protein_coding
SYT12	AvC	chr11	67006772	67050870	protein_coding
C11orf86	AvC	chr11	66975277	66977009	protein_coding
ZNF483	AvC	chr9	111525054	111577844	protein_coding
MMRN2	AvC	chr10	86935540	86969481	protein_coding
OLR1	AvC	chr12	10158301	10172138	protein_coding
TMEM196	AvC	chr7	19719315	19773617	protein_coding
TNFRSF10C	AvC	chr8	23102921	23118759	protein_coding
CSPG4	AvC	chr15	75674322	75712848	protein_coding
CIMIP2C	AvC	chr2	26562585	26579532	protein_coding
SULT1B1	AvC	chr4	69721167	69787961	protein_coding
ADGRG2	AvC	chrX	18989307	19122956	protein_coding
HEG1	AvC	chr3	124965710	125055997	protein_coding
FAUP4	AvC	chr11	65455269	65455581	transcribed_unprocessed_pseudogene
CD7	AvC	chr17	82313564	82317608	protein_coding
HAP1	AvC	chr17	41717742	41734644	protein_coding
DPY19L1	AvC	chr7	34921469	35038271	protein_coding
TCAP	AvC	chr17	39665349	39666554	protein_coding
FBXO45	AvC	chr3	196568611	196589059	protein_coding
CTSF	AvC	chr11	66563463	66568879	protein_coding
MSRB3	AvC	chr12	65278643	65491430	protein_coding
TLR10	AvC	chr4	38772238	38782990	protein_coding
TLR1	AvC	chr4	38787555	38856817	protein_coding
FAM53A	AvC	chr4	1617915	1684313	protein_coding
TRHR	AvC	chr8	109086585	109121565	protein_coding
GTF2IRD2B	AvC	chr7	75092396	75149818	protein_coding
LINGO2	AvC	chr9	27937617	29213601	protein_coding
GCSAM	AvC	chr3	112120839	112133270	protein_coding
SLC26A9	AvC	chr1	205913048	205943460	protein_coding
GOLT1A	AvC	chr1	204198158	204214121	protein_coding
TRAM1L1	AvC	chr4	117083554	117085576	protein_coding
UGT8	AvC	chr4	114598374	114678588	protein_coding
SLCO2A1	AvC	chr3	133932699	134052184	protein_coding
BRSK2	AvC	chr11	1389899	1462689	protein_coding
SH3PXD2B	AvC	chr5	172325000	172454531	protein_coding
NR1D2	AvC	chr3	23945286	23980637	protein_coding
HRAS	AvC	chr11	532242	537343	protein_coding
RIN1	AvC	chr11	66330241	66336840	protein_coding
AMY1B	AvC	chr1	103687415	103701064	protein_coding
C3orf33	AvC	chr3	155762612	155806288	protein_coding
VN2R1P	AvC	chr3	156019646	156037647	unitary_pseudogene
SEZ6L2	AvC	chr16	29871159	29899550	protein_coding
ASPHD1	AvC	chr16	29900375	29919864	protein_coding
CD164L2	AvC	chr1	27379176	27383333	protein_coding
FUT1	AvC	chr19	48748011	48755390	protein_coding
CHST2	AvC	chr3	143119771	143124014	protein_coding
ZDHHC14	AvC	chr6	157381133	157678157	protein_coding
SNHG29	AvC	chr17	16438767	16480249	lncRNA
YPEL2	AvC	chr17	59331655	59401729	protein_coding
ABO	AvC	chr9	133233278	133276024	protein_coding
CSRP2	AvC	chr12	76858703	76879638	protein_coding
CHST1	AvC	chr11	45647689	45666096	protein_coding
CCNE2	AvC	chr8	94879641	94896678	protein_coding
CST6	AvC	chr11	66012008	66013505	protein_coding
GRAMD2A	AvC	chr15	72159806	72197830	protein_coding
ISX	AvC	chr22	35066136	35087392	protein_coding
CHRNA7	AvC	chr15	31923438	32173018	protein_coding
ARL10	AvC	chr5	176365487	176401865	protein_coding
CLTB	AvC	chr5	176392494	176416557	protein_coding
LPL	AvC	chr8	19901717	19967267	protein_coding
MCTP1	AvC	chr5	94703690	95285094	protein_coding
UCP3	AvC	chr11	74000277	74009085	protein_coding
UCP2	AvC	chr11	73974061	73983542	protein_coding
C11orf68	AvC	chr11	65916810	65919062	protein_coding
P2RY2	AvC	chr11	73216664	73242427	protein_coding
FOSL1	AvC	chr11	65892049	65900573	protein_coding
SUGCT	AvC	chr7	40134044	40861613	protein_coding
CCDC85B	AvC	chr11	65890673	65891635	protein_coding
TOM1L2	AvC	chr17	17843507	17972469	protein_coding
GPR156	AvC	chr3	120164645	120285426	protein_coding
LINC02873	AvC	chr11	130631289	130717352	lncRNA
SWI5	AvC	chr9	128275379	128316123	protein_coding
CREG2	AvC	chr2	101345550	101387503	protein_coding
ZDHHC21	AvC	chr9	14586766	14693737	protein_coding
PLEKHF2	AvC	chr8	95115642	95156698	protein_coding
A2M	AvC	chr12	9067664	9116229	protein_coding
DOK7	AvC	chr4	3463306	3501473	protein_coding
C11orf16	AvC	chr11	8920076	8933006	protein_coding
NUPR1	AvC	chr16	28532708	28539038	protein_coding
AQP7P4	AvC	chr9	63127359	63143401	transcribed_unprocessed_pseudogene
DLEU1	AvC	chr13	50081725	50906856	lncRNA
ENSG00000176134	AvC	chr9	64640639	64643300	transcribed_unprocessed_pseudogene
TMEM39A	AvC	chr3	119428949	119468854	protein_coding
SPHK1	AvC	chr17	76376584	76387860	protein_coding
ZNF404	AvC	chr19	43872365	43901809	protein_coding
ACBD7	AvC	chr10	15075475	15088776	protein_coding
HSD11B2	AvC	chr16	67430652	67437553	protein_coding
DMRTA1	AvC	chr9	22446824	22455740	protein_coding
GJC3	AvC	chr7	99923266	99929620	protein_coding
RIMS2	AvC	chr8	103500610	104254430	protein_coding
SYNE3	AvC	chr14	95407266	95516678	protein_coding
SLCO3A1	AvC	chr15	91853708	92172435	protein_coding
DIRAS1	AvC	chr19	2714566	2721438	protein_coding
PHLDB3	AvC	chr19	43473625	43505301	protein_coding
KBTBD11	AvC	chr8	1973677	2006937	protein_coding
RNF152	AvC	chr18	61808067	61895097	protein_coding
FOXL1	AvC	chr16	86576340	86583478	protein_coding
FOXC2	AvC	chr16	86566829	86569728	protein_coding
ZNF843	AvC	chr16	31432593	31444323	protein_coding
TTTY14	AvC	chrY	18772706	19077555	lncRNA
DEFB103A	AvC	chr8	7881392	7882663	protein_coding
FKBP9P1	AvC	chr7	55682652	55713252	transcribed_unprocessed_pseudogene
IRX5	AvC	chr16	54930865	54934485	protein_coding
GRIN1	AvC	chr9	137138346	137168756	protein_coding
FUT2	AvC	chr19	48695957	48705951	protein_coding
EFCAB5	AvC	chr17	29929200	30108452	protein_coding
FIBIN	AvC	chr11	26994112	26997087	protein_coding
SMCR8	AvC	chr17	18315293	18328056	protein_coding
ACER2	AvC	chr9	19409009	19452505	protein_coding
PHETA2	AvC	chr22	42073789	42079439	protein_coding
RIMKLA	AvC	chr1	42380792	42424232	protein_coding
CHD9	AvC	chr16	53054991	53329150	protein_coding
DEFB103B	AvC	chr8	7428888	7430348	protein_coding
DEFB4B	AvC	chr8	7414855	7416863	protein_coding
TOP3A	AvC	chr17	18271428	18315007	protein_coding
LY6S-AS1	AvC	chr8	143039209	143060684	lncRNA
UBE2U	AvC	chr1	64203623	64267368	protein_coding
ERICH5	AvC	chr8	98064271	98095512	protein_coding
ACOT4	AvC	chr14	73591873	73595766	protein_coding
IRX3	AvC	chr16	54283304	54286787	protein_coding
NHLH2	AvC	chr1	115836377	115843917	protein_coding
ATOX1	AvC	chr5	151738084	151772532	protein_coding
SAMD12	AvC	chr8	118189455	118622112	protein_coding
GBA1	AvC	chr1	155234447	155245178	protein_coding
NAALADL2	AvC	chr3	174438573	175810548	protein_coding
FAM20C	AvC	chr7	192034	260772	protein_coding
TENM3-AS1	AvC	chr4	181820001	182145249	lncRNA
DPY19L2	AvC	chr12	63558913	63668939	protein_coding
MLF1	AvC	chr3	158571163	158607252	protein_coding
PDE4DIP	AvC	chr1	148808140	149048286	protein_coding
ZNF114	AvC	chr19	48270041	48287743	protein_coding
ZNF518B	AvC	chr4	10439873	10461381	protein_coding
SPINK6	AvC	chr5	148202794	148215137	protein_coding
ZNF366	AvC	chr5	72439903	72507410	protein_coding
PARD6G	AvC	chr18	80157232	80247514	protein_coding
POGLUT3	AvC	chr11	108472112	108498405	protein_coding
RNF212	AvC	chr4	1056250	1113564	protein_coding
KCNG2	AvC	chr18	79797904	79900184	protein_coding
CALML5	AvC	chr10	5498697	5499570	protein_coding
GLDC	AvC	chr9	6532467	6645729	protein_coding
MCMDC2	AvC	chr8	66870749	66922048	protein_coding
DTX3	AvC	chr12	57604484	57609804	protein_coding
CTXN1	AvC	chr19	7924491	7926135	protein_coding
CA8	AvC	chr8	60185412	60281573	protein_coding
CTNNBIP1	AvC	chr1	9848269	9910368	protein_coding
DYNAP	AvC	chr18	54587757	54599493	protein_coding
RPP25	AvC	chr15	74954418	74956772	protein_coding
THBD	AvC	chr20	23045633	23049672	protein_coding
ERFE	AvC	chr2	238158970	238168900	protein_coding
C5orf46	AvC	chr5	147879632	147906538	protein_coding
GDPD4	AvC	chr11	77216558	77301687	protein_coding
OPLAH	AvC	chr8	144051265	144064091	protein_coding
TMEM139	AvC	chr7	143279937	143288240	protein_coding
APOLD1	AvC	chr12	12725917	12829975	protein_coding
LGALS7B	AvC	chr19	38789200	38791754	protein_coding
NSA2P3	AvC	chrX	100910712	100911489	processed_pseudogene
EXOC3L1	AvC	chr16	67184314	67190242	protein_coding
TRIML2	AvC	chr4	188091247	188109611	protein_coding
ENSG00000179066	AvC	chr19	35090930	35113664	lncRNA
CCDC89	AvC	chr11	85683848	85686195	protein_coding
TMTC2	AvC	chr12	82686880	83134870	protein_coding
HES7	AvC	chr17	8120592	8124106	protein_coding
FUCA1	AvC	chr1	23845077	23868356	protein_coding
LINC00311	AvC	chr16	85282958	85285963	lncRNA
LDLRAD3	AvC	chr11	35943981	36232138	protein_coding
MEIS3P1	AvC	chr17	15786618	15787575	processed_pseudogene
NSUN7	AvC	chr4	40749776	40811184	protein_coding
WSCD1	AvC	chr17	6057807	6124427	protein_coding
HLA-DQB1	AvC	chr6	32659467	32668383	protein_coding
ARID3B	AvC	chr15	74541188	74598131	protein_coding
EGR3	AvC	chr8	22687659	22693480	protein_coding
VWA1	AvC	chr1	1434861	1442882	protein_coding
ALOX12B	AvC	chr17	8072636	8087716	protein_coding
LBX2	AvC	chr2	74497517	74503316	protein_coding
SLITRK4	AvC	chrX	143622790	143636101	protein_coding
HTR1D	AvC	chr1	23190178	23217547	protein_coding
ALOX15B	AvC	chr17	8039011	8049134	protein_coding
ARL14	AvC	chr3	160677160	160678448	protein_coding
SYCN	AvC	chr19	39202825	39204263	protein_coding
CDH5	AvC	chr16	66366636	66404784	protein_coding
OR7E22P	AvC	chr3	75356467	75357501	transcribed_unprocessed_pseudogene
MYADM	AvC	chr19	53864763	53878125	protein_coding
MROH1	AvC	chr8	144147997	144262470	protein_coding
SERTAD2	AvC	chr2	64631621	64751005	protein_coding
CITED4	AvC	chr1	40861054	40862363	protein_coding
ABCA13	AvC	chr7	48171458	48647497	protein_coding
LINC02870	AvC	chr10	132444311	132449408	lncRNA
ANKRD18A	AvC	chr9	38540567	38620596	protein_coding
ACER2P1	AvC	chr2	206410087	206410909	processed_pseudogene
TDRD6	AvC	chr6	46687875	46704319	protein_coding
LYNX1	AvC	chr8	142771197	142777859	protein_coding
TH	AvC	chr11	2163929	2171968	protein_coding
FAR2P1	AvC	chr2	130028309	130040560	transcribed_unprocessed_pseudogene
MYL11	AvC	chr16	30370332	30377991	protein_coding
MCFD2	AvC	chr2	46901870	46941855	protein_coding
TPRXL	AvC	chr3	14064203	14065442	transcribed_processed_pseudogene
GAS1	AvC	chr9	86944362	86947506	protein_coding
ARHGAP45	AvC	chr19	1065923	1086642	protein_coding
RNF182	AvC	chr6	13924446	13980310	protein_coding
SKIDA1	AvC	chr10	21513475	21526368	protein_coding
SLC47A2	AvC	chr17	19678288	19718979	protein_coding
S1PR5	AvC	chr19	10512742	10517931	protein_coding
LINC01559	AvC	chr12	13371089	13387167	lncRNA
CUEDC1	AvC	chr17	57861243	57955851	protein_coding
ZNF572	AvC	chr8	124973265	124979389	protein_coding
TCEAL8	AvC	chrX	103252863	103255204	protein_coding
GPR137C	AvC	chr14	52552823	52637713	protein_coding
LSMEM1	AvC	chr7	112480853	112491062	protein_coding
NQO1	AvC	chr16	69706996	69726668	protein_coding
SLC26A11	AvC	chr17	80219699	80253509	protein_coding
MAPK15	AvC	chr8	143716279	143722458	protein_coding
F2R	AvC	chr5	76716126	76735770	protein_coding
HLA-V	AvC	chr6	29792234	29793136	transcribed_unprocessed_pseudogene
MUC16	AvC	chr19	8848844	9010390	protein_coding
PJA1	AvC	chrX	69160721	69165521	protein_coding
SYNE4	AvC	chr19	36003282	36008831	protein_coding
ZNF467	AvC	chr7	149764175	149776519	protein_coding
SGSH	AvC	chr17	80206716	80220923	protein_coding
GPR135	AvC	chr14	59429022	59465380	protein_coding
ANKRD62	AvC	chr18	12093843	12129764	protein_coding
PHLDA2	AvC	chr11	2928273	2929420	protein_coding
ENSG00000181705	AvC	chr6	80499196	80499392	processed_pseudogene
AMIGO1	AvC	chr1	109504178	109509738	protein_coding
GPR3	AvC	chr1	27392622	27395814	protein_coding
LINC00471	AvC	chr2	231465513	231515851	lncRNA
SLC9A9	AvC	chr3	143265222	143848485	protein_coding
CLDN7	AvC	chr17	7259347	7264016	protein_coding
ZNF329	AvC	chr19	58126248	58155110	protein_coding
CCDC149	AvC	chr4	24803514	24980204	protein_coding
AQP7P2	AvC	chr9	64621560	64637586	transcribed_unprocessed_pseudogene
RTKN2	AvC	chr10	62183035	62268844	protein_coding
ENSG00000182021	AvC	chr9	63121691	63124292	transcribed_unprocessed_pseudogene
USH1G	AvC	chr17	74916083	74923256	protein_coding
IDH2	AvC	chr15	90083045	90102490	protein_coding
KCNIP1	AvC	chr5	170353487	170736632	protein_coding
ZNF708	AvC	chr19	21284033	21329425	protein_coding
UNC5C	AvC	chr4	95162504	95549206	protein_coding
RGMA	AvC	chr15	93035271	93089211	protein_coding
UBA7	AvC	chr3	49805205	49814151	protein_coding
ZAR1	AvC	chr4	48490252	48494389	protein_coding
SYNM	AvC	chr15	99098217	99135593	protein_coding
PRR34	AvC	chr22	46049478	46054144	lncRNA
FIGN	AvC	chr2	163593396	163736012	protein_coding
IZUMO1	AvC	chr19	48740852	48746909	protein_coding
SPACA6	AvC	chr19	51688346	51712387	protein_coding
TEX19	AvC	chr17	82359247	82363775	protein_coding
TSHZ2	AvC	chr20	52972358	53495330	protein_coding
XKRX	AvC	chrX	100913445	100929433	protein_coding
MXRA7	AvC	chr17	76672551	76711004	protein_coding
CSF1R	AvC	chr5	150053291	150113372	protein_coding
EPGN	AvC	chr4	74308470	74316789	protein_coding
PLCB1	AvC	chr20	8077251	8968360	protein_coding
KCNB2	AvC	chr8	72537225	72938349	protein_coding
BRICD5	AvC	chr16	2209253	2210905	protein_coding
RGS6	AvC	chr14	71932429	72566530	protein_coding
PAPPA	AvC	chr9	116153791	116402321	protein_coding
CRIP2	AvC	chr14	105472962	105480162	protein_coding
PLCXD3	AvC	chr5	41306952	41510601	protein_coding
GALNT9	AvC	chr12	132196372	132329598	protein_coding
COL18A1	AvC	chr21	45405123	45513721	protein_coding
SLC25A18	AvC	chr22	17563086	17591909	protein_coding
WFDC10B	AvC	chr20	45684651	45705019	protein_coding
PYCR1	AvC	chr17	81932378	81942412	protein_coding
SLC8A1	AvC	chr2	40097270	40611053	protein_coding
SLC25A21	AvC	chr14	36677921	37172606	protein_coding
NKX2-5	AvC	chr5	173232109	173235311	protein_coding
ARHGEF37	AvC	chr5	149551947	149634968	protein_coding
CALHM3	AvC	chr10	103472804	103479240	protein_coding
ANKRD20A2P	AvC	chr9	40223397	40292345	transcribed_unprocessed_pseudogene
CHST6	AvC	chr16	75472052	75495458	protein_coding
POTEC	AvC	chr18	14507339	14543600	protein_coding
LINC01547	AvC	chr21	44932814	44939951	lncRNA
PLGLB1	AvC	chr2	86996231	87021852	protein_coding
EPHA10	AvC	chr1	37713880	37765133	protein_coding
REC114	AvC	chr15	73443164	73560013	protein_coding
GBP6	AvC	chr1	89363895	89388160	protein_coding
OVCH2	AvC	chr11	7689437	7706477	protein_coding
TRIM61	AvC	chr4	164954446	164977668	protein_coding
TREX2	AvC	chrX	153444473	153470587	protein_coding
GPR132	AvC	chr14	105048658	105065940	protein_coding
MX2	AvC	chr21	41361957	41409417	protein_coding
MEX3B	AvC	chr15	82041778	82046119	protein_coding
TENT5C	AvC	chr1	117606048	117628389	protein_coding
PRR14L	AvC	chr22	31676256	31750207	protein_coding
PCBP3	AvC	chr21	45643694	45942454	protein_coding
CCR3	AvC	chr3	46130890	46266706	protein_coding
DGCR6	AvC	chr22	18905677	18914281	protein_coding
RP1L1	AvC	chr8	10606349	10712187	protein_coding
CMKLR2	AvC	chr2	206175316	206218047	protein_coding
LHFPL6	AvC	chr13	39209116	39603735	protein_coding
CBX6	AvC	chr22	38861422	38872249	protein_coding
MACC1	AvC	chr7	20134655	20217457	protein_coding
ACP7	AvC	chr19	39083913	39111497	protein_coding
KREMEN1	AvC	chr22	29072950	29168333	protein_coding
AIFM3	AvC	chr22	20965108	20981364	protein_coding
ZNF703	AvC	chr8	37695782	37700019	protein_coding
KCTD8	AvC	chr4	44173903	44448928	protein_coding
EMILIN3	AvC	chr20	41359962	41366818	protein_coding
DNAH2	AvC	chr17	7717744	7833742	protein_coding
DUSP5P1	AvC	chr1	228650241	228651379	processed_pseudogene
SMTN	AvC	chr22	31064105	31104757	protein_coding
TMPRSS2	AvC	chr21	41464296	41531116	protein_coding
KCNQ3	AvC	chr8	132120861	132481095	protein_coding
ADRA2C	AvC	chr4	3766348	3768526	protein_coding
C1QTNF12	AvC	chr1	1242446	1246722	protein_coding
GPR173	AvC	chrX	53048789	53080615	protein_coding
PCDH9	AvC	chr13	66302834	67230445	protein_coding
OAF	AvC	chr11	120211032	120230334	protein_coding
ALDH1A3	AvC	chr15	100861924	100916628	protein_coding
KCNK12	AvC	chr2	47509290	47570985	protein_coding
PRKD1	AvC	chr14	29576479	30191898	protein_coding
SLIT3	AvC	chr5	168661740	169301139	protein_coding
H1-5	AvC	chr6	27866792	27867588	protein_coding
CSF1	AvC	chr1	109910242	109930993	protein_coding
COLEC10	AvC	chr8	118995452	119108455	protein_coding
IRS3P	AvC	chr7	100570131	100571136	transcribed_unitary_pseudogene
C1QTNF8	AvC	chr16	1088226	1099401	protein_coding
PTP4A3	AvC	chr8	141391497	141432456	protein_coding
PROS1	AvC	chr3	93873046	93980003	protein_coding
CEND1	AvC	chr11	787115	790113	protein_coding
SOCS3	AvC	chr17	78356778	78360930	protein_coding
STING1	AvC	chr5	139475528	139482935	protein_coding
TAFA3	AvC	chr1	112718905	112727235	protein_coding
FAM167A-AS1	AvC	chr8	11368402	11438658	lncRNA
SEPTIN5	AvC	chr22	19714467	19724224	protein_coding
RNLS	AvC	chr10	88273864	88584530	protein_coding
APOBR	AvC	chr16	28494639	28498964	protein_coding
FAM110C	AvC	chr2	38814	46870	protein_coding
ATL3	AvC	chr11	63624087	63671921	protein_coding
ZBTB7C	AvC	chr18	48026672	48410752	protein_coding
PRR16	AvC	chr5	120464300	120687332	protein_coding
ENSG00000184906	AvC	chr9	40500651	40503283	transcribed_unprocessed_pseudogene
JAG2	AvC	chr14	105140982	105168919	protein_coding
WT1	AvC	chr11	32387775	32435564	protein_coding
TMEM121	AvC	chr14	105525996	105530205	protein_coding
DGAT1	AvC	chr8	144314584	144326910	protein_coding
ROBO2	AvC	chr3	75906695	77649964	protein_coding
CA13	AvC	chr8	85220587	85284073	protein_coding
SEMA4B	AvC	chr15	90160604	90229679	protein_coding
ANKS1B	AvC	chr12	98726457	99984936	protein_coding
FLRT2	AvC	chr14	85530017	85654428	protein_coding
MANEAL	AvC	chr1	37793847	37804557	protein_coding
ADSS1	AvC	chr14	104724174	104747325	protein_coding
FAM43A	AvC	chr3	194685883	194689037	protein_coding
LINC00313	AvC	chr21	43439234	43479534	lncRNA
NRBP2	AvC	chr8	143833583	143840973	protein_coding
IFITM2	AvC	chr11	303655	309397	protein_coding
TCEAL9	AvC	chrX	103356461	103358472	protein_coding
KIAA0825	AvC	chr5	94150851	94618604	protein_coding
UBALD2	AvC	chr17	76265348	76271298	protein_coding
RBM11	AvC	chr21	14216130	14228372	protein_coding
TCN2	AvC	chr22	30607003	30627631	protein_coding
PRKN	AvC	chr6	161347417	162727775	protein_coding
HS6ST3	AvC	chr13	96090107	96839562	protein_coding
TMT1A	AvC	chr12	50923472	50932510	protein_coding
LINC00158	AvC	chr21	25374242	25431701	lncRNA
IFNLR1	AvC	chr1	24154168	24187959	protein_coding
KPNA7	AvC	chr7	99173572	99250075	protein_coding
GPRIN3	AvC	chr4	89236383	89307937	protein_coding
KRT6B	AvC	chr12	52446651	52452146	protein_coding
ROR1	AvC	chr1	63774017	64181498	protein_coding
MUC1	AvC	chr1	155185824	155192916	protein_coding
IRF7	AvC	chr11	612551	615983	protein_coding
L3MBTL1	AvC	chr20	43489442	43550954	protein_coding
FAM131C	AvC	chr1	16057769	16073651	protein_coding
LMNTD2	AvC	chr11	554850	560738	protein_coding
OLFML2A	AvC	chr9	124777122	124814885	protein_coding
INKA1	AvC	chr3	49803240	49805030	protein_coding
PBX1	AvC	chr1	164555584	164899296	protein_coding
SHC4	AvC	chr15	48823741	48963919	protein_coding
NTF3	AvC	chr12	5432108	5521536	protein_coding
SYN3	AvC	chr22	32507820	33058381	protein_coding
POU3F1	AvC	chr1	38043829	38046793	protein_coding
MOSMO	AvC	chr16	22007638	22087534	protein_coding
SRL	AvC	chr16	4189374	4242083	protein_coding
NAT8L	AvC	chr4	2059327	2069089	protein_coding
ZNF829	AvC	chr19	36888124	36916291	protein_coding
LINC00839	AvC	chr10	42475476	42495337	lncRNA
MATN1-AS1	AvC	chr1	30718504	30726846	lncRNA
KRT5	AvC	chr12	52514575	52520530	protein_coding
WWOX	AvC	chr16	78099400	79212667	protein_coding
SOWAHB	AvC	chr4	76894152	76898144	protein_coding
MRTFB	AvC	chr16	14071058	14266778	protein_coding
GPAT2	AvC	chr2	96021946	96039451	protein_coding
RGS9BP	AvC	chr19	32675848	32678300	protein_coding
RXRA	AvC	chr9	134317098	134440585	protein_coding
CYP4X1	AvC	chr1	47023666	47050751	protein_coding
AQP7P1	AvC	chr9	63317067	63333091	transcribed_unprocessed_pseudogene
PCLO	AvC	chr7	82754012	83162930	protein_coding
ANKRD20A5P	AvC	chr18	14179395	14244811	transcribed_unprocessed_pseudogene
CLCNKA	AvC	chr1	16018146	16034109	protein_coding
SPATC1	AvC	chr8	144012280	144047114	protein_coding
HPDL	AvC	chr1	45326895	45328710	protein_coding
PDE2A	AvC	chr11	72576141	72674591	protein_coding
OR10H1	AvC	chr19	15804549	15815664	protein_coding
FOXE3	AvC	chr1	47416285	47418052	protein_coding
KRT17P2	AvC	chr17	18426927	18431848	transcribed_unprocessed_pseudogene
KRT16	AvC	chr17	41609778	41615899	protein_coding
KRT14	AvC	chr17	41582279	41586895	protein_coding
TRABD2A	AvC	chr2	84821650	84907008	protein_coding
MAPT	AvC	chr17	45894358	46028334	protein_coding
C1QL4	AvC	chr12	49332409	49337188	protein_coding
ZNF395	AvC	chr8	28345590	28402701	protein_coding
CFAP144	AvC	chr1	43145153	43156396	protein_coding
PLCD1	AvC	chr3	38007496	38029675	protein_coding
MITF	AvC	chr3	69738536	69968336	protein_coding
RNF220	AvC	chr1	44405185	44651724	protein_coding
BAGE2	AvC	chr21	10454134	10516431	transcribed_unprocessed_pseudogene
GCNT1	AvC	chr9	76419850	76651203	protein_coding
KRT12	AvC	chr17	40861303	40867223	protein_coding
EPOR	AvC	chr19	11377207	11384343	protein_coding
CIDEC	AvC	chr3	9866710	9880256	protein_coding
KCNJ11	AvC	chr11	17365172	17389353	protein_coding
COL4A1	AvC	chr13	110148963	110307202	protein_coding
LINC02583	AvC	chr2	46429090	46528299	lncRNA
LIAT1	AvC	chr17	410325	431062	protein_coding
SPRY4	AvC	chr5	142310420	142326455	protein_coding
TRPV2	AvC	chr17	16415571	16437003	protein_coding
AMY1C	AvC	chr1	103745126	103758726	protein_coding
DNAH17	AvC	chr17	78423697	78577396	protein_coding
ZFP69B	AvC	chr1	40450053	40464142	protein_coding
PALM3	AvC	chr19	14053363	14062076	protein_coding
DMBT1	AvC	chr10	122560643	122643740	protein_coding
OVCH1	AvC	chr12	29412474	29497686	protein_coding
DNER	AvC	chr2	229357629	229714581	protein_coding
CPSF4L	AvC	chr17	73248449	73262352	protein_coding
PLA2G2C	AvC	chr1	20161253	20186518	protein_coding
RINL	AvC	chr19	38867830	38878275	protein_coding
TPRG1	AvC	chr3	188947214	189325304	protein_coding
SNHG28	AvC	chr1	159834480	159855071	lncRNA
ARL4C	AvC	chr2	234493041	234497081	protein_coding
WNT7B	AvC	chr22	45920366	45977162	protein_coding
PLA2G4E	AvC	chr15	41981394	42051190	protein_coding
MESP2	AvC	chr15	89760591	89778754	protein_coding
ZNF626	AvC	chr19	20619939	20661596	protein_coding
LINC00265	AvC	chr7	39733122	39794745	lncRNA
HYKK	AvC	chr15	78507564	78537372	protein_coding
IGFL1	AvC	chr19	46229742	46231243	protein_coding
GPAT2P2	AvC	chr2	97081098	97083249	transcribed_unprocessed_pseudogene
JAKMIP3	AvC	chr10	132036336	132184858	protein_coding
DYNLT4	AvC	chr1	44805888	44807417	protein_coding
INSC	AvC	chr11	15112424	15247208	protein_coding
SERPINA5	AvC	chr14	94561442	94593120	protein_coding
NCCRP1	AvC	chr19	39196964	39201884	protein_coding
CFAP77	AvC	chr9	132410043	132573319	protein_coding
HBA2	AvC	chr16	172876	173710	protein_coding
ASAH2	AvC	chr10	50182778	50279720	protein_coding
LINC00319	AvC	chr21	43446565	43453902	lncRNA
FAM221A	AvC	chr7	23680114	23703249	protein_coding
FSIP2	AvC	chr2	185738804	185833290	protein_coding
ZDHHC11	AvC	chr5	795605	858973	protein_coding
ENTPD8	AvC	chr9	137434362	137441881	protein_coding
LRRK2	AvC	chr12	40196744	40369285	protein_coding
C9orf152	AvC	chr9	110190048	110208159	protein_coding
LRRC66	AvC	chr4	51993614	52020363	protein_coding
SBSN	AvC	chr19	35523367	35528351	protein_coding
ANKDD1B	AvC	chr5	75611182	75681773	protein_coding
FAM25G	AvC	chr10	47487219	47491700	protein_coding
SP6	AvC	chr17	47844908	47855874	protein_coding
PLAC9	AvC	chr10	80131682	80145359	protein_coding
GRAPL	AvC	chr17	19127535	19162274	protein_coding
FAM47E	AvC	chr4	76214040	76284294	protein_coding
KAZN	AvC	chr1	13892792	15118043	protein_coding
ALG1L1P	AvC	chr3	125929272	125990537	transcribed_unprocessed_pseudogene
SH2D5	AvC	chr1	20719724	20732837	protein_coding
RASSF10	AvC	chr11	13009316	13012119	protein_coding
SYCP2	AvC	chr20	59863564	59933655	protein_coding
IL1RAP	AvC	chr3	190514051	190659750	protein_coding
MATCAP1	AvC	chr16	67175599	67184228	protein_coding
S100A4	AvC	chr1	153543613	153550136	protein_coding
PLEKHG4	AvC	chr16	67277510	67289499	protein_coding
FAT4	AvC	chr4	125314918	125492932	protein_coding
COLCA1	AvC	chr11	111290787	111305498	lncRNA
ZNF681	AvC	chr19	23739195	23758891	protein_coding
CTSE	AvC	chr1	206008535	206023909	protein_coding
SEMA4A	AvC	chr1	156147366	156178869	protein_coding
HRCT1	AvC	chr9	35906202	35907136	protein_coding
GREB1	AvC	chr2	11482341	11642789	protein_coding
SRGAP3	AvC	chr3	8980591	9363053	protein_coding
FAM217B	AvC	chr20	59933643	59949387	protein_coding
SFTA2	AvC	chr6	30931353	30955636	protein_coding
ZNF493	AvC	chr19	21397119	21427577	protein_coding
GTF2IRD2	AvC	chr7	74796144	74851611	protein_coding
NLGN3	AvC	chrX	71143286	71175255	protein_coding
CD55	AvC	chr1	207321514	207386804	protein_coding
THEM5	AvC	chr1	151847101	151853712	protein_coding
NOXO1	AvC	chr16	1978912	1984636	protein_coding
S100A5	AvC	chr1	153537147	153541765	protein_coding
RFX8	AvC	chr2	101397359	101475112	protein_coding
SLC6A9	AvC	chr1	43991500	44031467	protein_coding
SPTSSB	AvC	chr3	161344798	161372880	protein_coding
MME	AvC	chr3	155024124	155183803	protein_coding
LAMA2	AvC	chr6	128883138	129516566	protein_coding
ZNF846	AvC	chr19	9751993	9793180	protein_coding
WNK3	AvC	chrX	54192823	54358642	protein_coding
HRH1	AvC	chr3	11137093	11263557	protein_coding
ZNF136	AvC	chr19	12163064	12189871	protein_coding
ZNF502	AvC	chr3	44712640	44723831	protein_coding
LINC00173	AvC	chr12	116533399	116536522	lncRNA
ZNF33B	AvC	chr10	42574185	42638620	protein_coding
LCE1B	AvC	chr1	152811971	152813108	protein_coding
COL27A1	AvC	chr9	114155537	114312511	protein_coding
GM2A	AvC	chr5	151212150	151270440	protein_coding
CLPSL2	AvC	chr6	35776535	35779557	protein_coding
SPRR2B	AvC	chr1	153070226	153071611	protein_coding
MVB12B	AvC	chr9	126326815	126507041	protein_coding
ARID5A	AvC	chr2	96536717	96552638	protein_coding
PPTC7	AvC	chr12	110533245	110583383	protein_coding
CRACDL	AvC	chr2	98793845	98936259	protein_coding
LAMB3	AvC	chr1	209614870	209653106	protein_coding
FLNA	AvC	chrX	154348524	154374638	protein_coding
ZNF138	AvC	chr7	64794388	64833681	protein_coding
ZNF100	AvC	chr19	21722771	21767598	protein_coding
ANXA6	AvC	chr5	151100706	151157815	protein_coding
ZNF441	AvC	chr19	11767000	11784078	protein_coding
ZNF420	AvC	chr19	37007823	37130368	protein_coding
HRG-AS1	AvC	chr3	186579476	186772986	lncRNA
SRC	AvC	chr20	37344673	37406050	protein_coding
ADAM32	AvC	chr8	39106990	39284917	protein_coding
ABCB8	AvC	chr7	151028422	151047782	protein_coding
H3C12	AvC	chr6	27890315	27893106	protein_coding
ATP6AP1-DT	AvC	chrX	154424377	154428549	lncRNA
NOL4L	AvC	chr20	32443059	32585333	protein_coding
CYSRT1	AvC	chr9	137225174	137226315	protein_coding
SERPINA1	AvC	chr14	94376745	94390866	protein_coding
RAD54B	AvC	chr8	94371960	94475133	protein_coding
SVIL	AvC	chr10	29457332	29737123	protein_coding
PELI1	AvC	chr2	64092652	64144420	protein_coding
ZNF786	AvC	chr7	149069641	149090782	protein_coding
ZNF675	AvC	chr19	23525631	23687220	protein_coding
ADARB1	AvC	chr21	45073839	45226560	protein_coding
C5AR1	AvC	chr19	47290023	47322066	protein_coding
OGDHL	AvC	chr10	49734641	49762392	protein_coding
STMN3	AvC	chr20	63639705	63657682	protein_coding
COL13A1	AvC	chr10	69801880	69964275	protein_coding
PIGN	AvC	chr18	61905255	62187118	protein_coding
COL4A6	AvC	chrX	108155607	108439497	protein_coding
ENSG00000197585	AvC	chr2	214241676	214684246	lncRNA
DMBX1	AvC	chr1	46489822	46516218	protein_coding
CCDC154	AvC	chr16	1434383	1444556	protein_coding
CPLANE1	AvC	chr5	37106228	37249400	protein_coding
SERPINB2	AvC	chr18	63871692	63903888	protein_coding
SERPINB13	AvC	chr18	63586989	63604639	protein_coding
PDCD1LG2	AvC	chr9	5510491	5571282	protein_coding
PSAP	AvC	chr10	71816289	71851330	protein_coding
CFD	AvC	chr19	859453	869490	protein_coding
ENSG00000197813	AvC	chr19	49331044	49340303	lncRNA
OCLN	AvC	chr5	69492184	69558104	protein_coding
CFAP299	AvC	chr4	80335730	80963750	protein_coding
INKA2	AvC	chr1	111680630	111755824	protein_coding
ZNF44	AvC	chr19	12224686	12294883	protein_coding
ZNF790	AvC	chr19	36816904	36850787	protein_coding
PRB3	AvC	chr12	11265914	11269707	protein_coding
ZNF71	AvC	chr19	56595265	56626481	protein_coding
ODAD3	AvC	chr19	11420604	11435782	protein_coding
ENTPD7	AvC	chr10	99659415	99711241	protein_coding
SIRPA	AvC	chr20	1892726	1940592	protein_coding
AKR1B10	AvC	chr7	134527567	134541412	protein_coding
CHSY3	AvC	chr5	129904465	130186634	protein_coding
TOR4A	AvC	chr9	137274854	137282641	protein_coding
MB	AvC	chr22	35606764	35637951	protein_coding
DEFB107B	AvC	chr8	7495911	7509311	protein_coding
TMEM229B	AvC	chr14	67447084	67533878	protein_coding
SOWAHC	AvC	chr2	109614364	109618990	protein_coding
HMGN5	AvC	chrX	81112915	81202016	protein_coding
SULT1C2	AvC	chr2	108288639	108309915	protein_coding
RPS6KL1	AvC	chr14	74903951	74923302	protein_coding
CSF2RA	AvC	chrX	1268779	1325373	protein_coding
SLC29A3	AvC	chr10	71319259	71381423	protein_coding
HOXC4	AvC	chr12	54016931	54056030	protein_coding
SPRED2	AvC	chr2	65310851	65432637	protein_coding
WWP2	AvC	chr16	69762281	69944553	protein_coding
ZNF658B	AvC	chr9	39444304	39508885	transcribed_unprocessed_pseudogene
NRARP	AvC	chr9	137299631	137302271	protein_coding
ZNF568	AvC	chr19	36916316	37005037	protein_coding
LINC02692	AvC	chr9	136969243	136972890	lncRNA
SH3BGRL2	AvC	chr6	79537185	79703655	protein_coding
C2CD4A	AvC	chr15	62066977	62070917	protein_coding
ITGBL1	AvC	chr13	101452593	101720856	protein_coding
C20orf203	AvC	chr20	32631625	32673941	protein_coding
ARC	AvC	chr8	142611049	142614479	protein_coding
MMP17	AvC	chr12	131828393	131851783	protein_coding
COPS8	AvC	chr2	237085882	237100474	protein_coding
CCDC69	AvC	chr5	151181052	151224124	protein_coding
CALM1	AvC	chr14	90396502	90408268	protein_coding
TUSC1	AvC	chr9	25676969	25678444	protein_coding
PAPSS2	AvC	chr10	87659613	87747708	protein_coding
ABCA4	AvC	chr1	93992834	94121148	protein_coding
DLL1	AvC	chr6	170282202	170306565	protein_coding
PPP1R14C	AvC	chr6	150143044	150250392	protein_coding
SMOC1	AvC	chr14	69854131	70032366	protein_coding
F5	AvC	chr1	169511951	169586588	protein_coding
MUC2	AvC	chr11	1074875	1110511	protein_coding
SCAMP5	AvC	chr15	74957219	75021497	protein_coding
BRINP2	AvC	chr1	177170890	177282422	protein_coding
PAX9	AvC	chr14	36657568	36679362	protein_coding
ZNF358	AvC	chr19	7515292	7521027	protein_coding
GRM3	AvC	chr7	86643909	86864884	protein_coding
SELENOM	AvC	chr22	31104772	31120069	protein_coding
GJC2	AvC	chr1	228149930	228159826	protein_coding
CES1	AvC	chr16	55802845	55833337	protein_coding
HSD3BP5	AvC	chr1	119601340	119609250	transcribed_unprocessed_pseudogene
GRK5	AvC	chr10	119207543	119459745	protein_coding
SFMBT2	AvC	chr10	7158624	7411488	protein_coding
NOS1AP	AvC	chr1	162069691	162370475	protein_coding
TBKBP1	AvC	chr17	47694030	47712063	protein_coding
TGM2	AvC	chr20	38127385	38168463	protein_coding
ENSG00000199470	AvC	chr7	12700758	12700889	snoRNA
RNVU1-22	AvC	chr1	148263476	148263632	snRNA
CAPN8	AvC	chr1	223538007	223665723	protein_coding
MIR29B2CHG	AvC	chr1	207760650	207879121	lncRNA
C1orf53	AvC	chr1	197902449	197907368	protein_coding
FANK1	AvC	chr10	125896538	126009595	protein_coding
SPRR2E	AvC	chr1	153093135	153106184	protein_coding
PLPP4	AvC	chr10	120457227	120592065	protein_coding
PNLIPRP3	AvC	chr10	116427847	116477957	protein_coding
HSD3BP4	AvC	chr1	119564066	119572067	transcribed_unprocessed_pseudogene
OOEP	AvC	chr6	73368555	73395133	protein_coding
ZYG11A	AvC	chr1	52842511	52894998	protein_coding
LINC01270	AvC	chr20	50292709	50315488	lncRNA
LIPK	AvC	chr10	88706249	88752776	protein_coding
LRRC73	AvC	chr6	43506965	43510388	protein_coding
IER5L-AS1	AvC	chr9	129175807	129261581	lncRNA
INPP5B	AvC	chr1	37860696	37947077	protein_coding
MAFB	AvC	chr20	40685848	40689236	protein_coding
ASAH2B	AvC	chr10	50739318	50816495	protein_coding
LRRC37A5P	AvC	chr9	111609014	111609598	transcribed_unprocessed_pseudogene
TXNDC8	AvC	chr9	110303476	110337891	protein_coding
TCEA3	AvC	chr1	23370591	23425169	protein_coding
LINC02731	AvC	chr11	134031993	134067936	lncRNA
PRRT1	AvC	chr6	32148323	32153083	protein_coding
LINC02783	AvC	chr1	17189782	17198369	lncRNA
CARD16	AvC	chr11	105039092	105101431	protein_coding
LY6G5C	AvC	chr6	31676684	31684040	protein_coding
MICB	AvC	chr6	31494881	31511124	protein_coding
PSORS1C1	AvC	chr6	31114750	31140092	protein_coding
C6orf15	AvC	chr6	31111223	31112575	protein_coding
MUC21	AvC	chr6	30983718	30989903	protein_coding
TRIM15	AvC	chr6	30163194	30173160	protein_coding
TRIM10	AvC	chr6	30151943	30161211	protein_coding
TRIM31	AvC	chr6	30102886	30113090	protein_coding
RNF39	AvC	chr6	30070266	30075849	protein_coding
MIR1915HG	AvC	chr10	21487597	21497260	lncRNA
MALRD1	AvC	chr10	19048801	19790401	protein_coding
IGKV1OR-3	AvC	chr9	65770955	65771434	IG_V_pseudogene
IGKV1OR9-1	AvC	chr9	65250543	65250826	IG_V_pseudogene
SMPD5	AvC	chr8	144049079	144051203	transcribed_unitary_pseudogene
LINC01291	AvC	chr2	74908953	74943494	lncRNA
FAM201A	AvC	chr9	38620474	38624990	lncRNA
GPR20	AvC	chr8	141356470	141367286	protein_coding
KRT40	AvC	chr17	40977715	40987135	protein_coding
FBXO48	AvC	chr2	68459422	68467317	protein_coding
LINC02934	AvC	chr2	65435852	66200373	lncRNA
ZNF425	AvC	chr7	149102784	149126338	protein_coding
PCDHGA1	AvC	chr5	141330514	141512975	protein_coding
SPIRE2	AvC	chr16	89818179	89871319	protein_coding
AARD	AvC	chr8	116938207	116944487	protein_coding
SLFN12L	AvC	chr17	35464249	35537683	protein_coding
GARIN1A	AvC	chr7	128671693	128687877	protein_coding
FRG2	AvC	chr4	190024367	190027257	protein_coding
CDKL4	AvC	chr2	39168045	39243983	protein_coding
ZBTB10	AvC	chr8	80485596	80526265	protein_coding
NT5M	AvC	chr17	17303331	17347663	protein_coding
TECPR1	AvC	chr7	98214624	98252235	protein_coding
KRT6A	AvC	chr12	52487176	52493257	protein_coding
CALML3-AS1	AvC	chr10	5510036	5551111	lncRNA
TMSB4X	AvC	chrX	12975107	12977227	protein_coding
LINC03041	AvC	chr9	16203935	16410990	lncRNA
FLRT2-AS1	AvC	chr14	85493931	85531660	lncRNA
MUC19	AvC	chr12	40393395	40570832	protein_coding
MANSC4	AvC	chr12	27762427	27780236	protein_coding
ARRDC5	AvC	chr19	4890437	4902948	protein_coding
CYS1	AvC	chr2	10056473	10080944	protein_coding
ENSG00000205830	AvC	chr4	27207505	27218404	lncRNA
TTC23L	AvC	chr5	34838833	34900511	protein_coding
RFPL3S	AvC	chr22	32359886	32382106	lncRNA
ENSG00000205959	AvC	chr4	8482270	8516759	lncRNA
NYNRIN	AvC	chr14	24399003	24419304	protein_coding
SERPINB4	AvC	chr18	63637259	63644256	protein_coding
ZDHHC11B	AvC	chr5	710355	784729	protein_coding
HBA1	AvC	chr16	176680	177522	protein_coding
ATP10A	AvC	chr15	25677273	25865184	protein_coding
H1-10-AS1	AvC	chr3	129315392	129391296	lncRNA
LNP1	AvC	chr3	100401192	100457563	protein_coding
VGLL3	AvC	chr3	86876388	86991149	protein_coding
RNU6-925P	AvC	chr8	89900721	89900824	snRNA
RNU6-1011P	AvC	chr8	103384961	103385067	snRNA
MIR193A	AvC	chr17	31559996	31560083	miRNA
MIR27A	AvC	chr19	13836440	13836517	miRNA
DIO2	AvC	chr14	80197526	80387757	protein_coding
IGHE	AvC	chr14	105597691	105601728	IG_C_gene
LINC02656	AvC	chr10	6350316	6352762	lncRNA
RTL8B	AvC	chrX	135020513	135022542	protein_coding
RNF208	AvC	chr9	137220246	137222290	protein_coding
KRTAP3-1	AvC	chr17	41008521	41019324	protein_coding
MAP10	AvC	chr1	232805416	232809929	protein_coding
CGB8	AvC	chr19	49047638	49049125	protein_coding
DENND1B	AvC	chr1	197504748	197775706	protein_coding
LPAL2	AvC	chr6	160453428	160511007	transcribed_unprocessed_pseudogene
CFAP45	AvC	chr1	159872364	159900165	protein_coding
YBX1P4	AvC	chr7	152128879	152129686	processed_pseudogene
FTH1P12	AvC	chr9	15527133	15527683	processed_pseudogene
SIPA1	AvC	chr11	65638091	65650930	protein_coding
FIRRE	AvC	chrX	131688779	131830928	lncRNA
GBP7	AvC	chr1	89131742	89176062	protein_coding
ENSG00000213514	AvC	chr10	77730766	77734769	processed_pseudogene
DNAJC9	AvC	chr10	73183362	73247280	protein_coding
SLX1A-SULT1A3	AvC	chr16	30193892	30204310	lncRNA
RPL21P70	AvC	chr2	31290762	31291604	processed_pseudogene
S1PR3	AvC	chr9	88990863	89005155	protein_coding
DNASE1	AvC	chr16	3611728	3680143	protein_coding
CLDN9	AvC	chr16	3012923	3014505	protein_coding
UCA1	AvC	chr19	15828206	15836328	lncRNA
CPSF1P1	AvC	chr22	32269381	32273110	transcribed_processed_pseudogene
CYP4F30P	AvC	chr2	130681229	130681955	transcribed_unprocessed_pseudogene
GCC2-AS1	AvC	chr2	108464797	108534258	lncRNA
SH3D21	AvC	chr1	36306368	36329340	protein_coding
LGMNP1	AvC	chr13	64958097	64959396	processed_pseudogene
SCART1	AvC	chr10	133453928	133523558	protein_coding
KRT8P14	AvC	chrX	45632292	45633733	processed_pseudogene
AZGP1P1	AvC	chr7	99980762	99987535	transcribed_unprocessed_pseudogene
FOXI3	AvC	chr2	88446787	88452693	protein_coding
EFCAB9	AvC	chr5	172194172	172203454	protein_coding
VSTM5	AvC	chr11	93818232	93850620	protein_coding
RDUR	AvC	chr3	101868657	101997926	lncRNA
STARD10	AvC	chr11	72753216	72794047	protein_coding
GTF2IRD2P1	AvC	chr7	73243271	73280119	transcribed_unprocessed_pseudogene
ENSG00000214546	AvC	chr17	39617471	39623157	lncRNA
SLC6A10P	AvC	chr16	32878706	32885501	transcribed_unprocessed_pseudogene
LINC01913	AvC	chr2	41860155	41894050	lncRNA
ARHGEF33	AvC	chr2	38889875	38975454	protein_coding
CAPN14	AvC	chr2	31173056	31234011	protein_coding
GUCY2C-AS1	AvC	chr12	14665629	14790901	lncRNA
FER1L6	AvC	chr8	123851987	124120061	protein_coding
KRT16P3	AvC	chr17	20501669	20504283	transcribed_unprocessed_pseudogene
KRT16P1	AvC	chr17	18439985	18442734	transcribed_unprocessed_pseudogene
SRSF9P1	AvC	chr21	36295173	36295702	processed_pseudogene
SMTNL1	AvC	chr11	57537595	57550272	protein_coding
CRPPA	AvC	chr7	16087525	16502504	protein_coding
COL28A1	AvC	chr7	7356203	7535873	protein_coding
CD27-AS1	AvC	chr12	6439001	6452092	lncRNA
GRID2IP	AvC	chr7	6496778	6551461	protein_coding
MAPK6P4	AvC	chr8	46972476	46974617	processed_pseudogene
MUC5AC	AvC	chr11	1157953	1201138	protein_coding
CIMIP2B	AvC	chr9	35561831	35563899	protein_coding
LINC02649	AvC	chr10	6271169	6401372	lncRNA
RNF212B	AvC	chr14	23185316	23273477	protein_coding
MIR99AHG	AvC	chr21	15928296	16646364	lncRNA
AATBC	AvC	chr21	43805758	43812567	lncRNA
TPTE2P4	AvC	chrY	26508213	26579690	transcribed_unprocessed_pseudogene
TNFRSF25	AvC	chr1	6460786	6466181	protein_coding
ENSG00000215861	AvC	chr1	149197992	149321732	transcribed_unprocessed_pseudogene
THAP3P1	AvC	chr1	104073010	104073537	transcribed_processed_pseudogene
HSPA5P1	AvC	chr1	38708931	38710890	processed_pseudogene
H1-12P	AvC	chr6	26195554	26196633	transcribed_unprocessed_pseudogene
ENSG00000216352	AvC	chr6	80555841	80557189	processed_pseudogene
IGSF23	AvC	chr19	44613563	44636787	protein_coding
ENSG00000216809	AvC	chr6	118452469	118454992	processed_pseudogene
GPR89P	AvC	chr6	27737000	27738494	transcribed_processed_pseudogene
ENSG00000217275	AvC	chr6	26202156	26202654	transcribed_processed_pseudogene
ENSG00000217455	AvC	chr7	3074453	3194812	lncRNA
ADAMTS7P4	AvC	chr15	85255369	85270892	transcribed_unprocessed_pseudogene
NEPNP	AvC	chr6	117633706	117645087	unitary_pseudogene
FAM138C	AvC	chr9	34394	37280	lncRNA
MBL3P	AvC	chr10	79582298	79584877	unprocessed_pseudogene
FTH1P8	AvC	chrX	148052233	148052746	processed_pseudogene
UMAD1	AvC	chr7	7640661	7968020	protein_coding
PPP1R3G	AvC	chr6	5085341	5089487	protein_coding
ZNF433-AS1	AvC	chr19	11987617	12046275	lncRNA
ENSG00000219755	AvC	chr6	99575712	99576456	processed_pseudogene
MTMR9LP	AvC	chr1	32231847	32241592	transcribed_unprocessed_pseudogene
AP4M1	AvC	chr7	100100841	100110345	protein_coding
NPTXR	AvC	chr22	38818452	38844028	protein_coding
ZNF880	AvC	chr19	52369917	52393738	protein_coding
FXYD7	AvC	chr19	35143148	35154302	protein_coding
SLC12A8	AvC	chr3	125082636	125213229	protein_coding
MYBPHL	AvC	chr1	109292363	109307213	protein_coding
LINC02860	AvC	chr7	26637865	26647305	lncRNA
URAHP	AvC	chr16	90043914	90047597	transcribed_unprocessed_pseudogene
ENSG00000222032	AvC	chr2	237421420	237434906	lncRNA
LINC01124	AvC	chr2	170712451	170714567	lncRNA
ENSG00000222042	AvC	chr21	25169427	25362494	lncRNA
FTH1P10	AvC	chr5	17353875	17354424	transcribed_processed_pseudogene
TH2LCRR	AvC	chr5	132629735	132664272	lncRNA
LINC01615	AvC	chr6	169157162	169182878	lncRNA
LINC00370	AvC	chr13	109265416	109307831	lncRNA
IGSF3P2	AvC	chr2	91736726	91767439	transcribed_unprocessed_pseudogene
ENSG00000223727	AvC	chr3	3250687	3627296	lncRNA
LINC01983	AvC	chr3	195836193	195860486	lncRNA
PRR15-DT	AvC	chr7	29471325	29685255	lncRNA
ENSG00000223838	AvC	chr7	19339294	19668629	lncRNA
HLA-DPB1	AvC	chr6	33073786	33089696	protein_coding
ENSG00000223867	AvC	chr7	16938225	16938557	processed_pseudogene
ENSG00000223886	AvC	chr7	105530209	105530671	processed_pseudogene
LGALSL-DT	AvC	chr2	64395060	64454619	lncRNA
RPL26P28	AvC	chr10	5304431	5304865	transcribed_processed_pseudogene
LINC02561	AvC	chr10	5265906	5271236	lncRNA
SNHG14	AvC	chr15	24978583	25420336	lncRNA
CYP4F25P	AvC	chr9	64465463	64466498	transcribed_unprocessed_pseudogene
LINC00570	AvC	chr2	11371440	11407023	lncRNA
SNX18P9	AvC	chr9	64439346	64440180	transcribed_processed_pseudogene
ENSG00000224245	AvC	chr9	94496275	94512879	transcribed_unprocessed_pseudogene
LINC01133	AvC	chr1	159941373	160025027	lncRNA
PINCR	AvC	chrX	43176986	43226598	lncRNA
LINC01527	AvC	chr1	152930040	152949210	lncRNA
GTF2IP5	AvC	chr7	65773620	65802067	transcribed_unprocessed_pseudogene
PELATON	AvC	chr20	50233416	50312038	lncRNA
LINC00539	AvC	chr13	21302829	21362139	lncRNA
ENSG00000224523	AvC	chrX	81408938	81427276	transcribed_unprocessed_pseudogene
MIR3659HG	AvC	chr1	38031125	38119530	lncRNA
RNPC3-DT	AvC	chr1	103400536	103525924	lncRNA
RPS27AP16	AvC	chr16	61055445	61055914	transcribed_processed_pseudogene
ENSG00000224649	AvC	chr21	29181923	29230145	lncRNA
ENSG00000224715	AvC	chr22	47329227	47373541	lncRNA
MUC20P1	AvC	chr3	195614947	195620233	transcribed_unprocessed_pseudogene
EIF4A2P4	AvC	chrX	52832704	52833899	processed_pseudogene
DUX4L9	AvC	chr4	190021407	190022665	unprocessed_pseudogene
LINC01691	AvC	chr1	121573946	121580524	lncRNA
LINC01398	AvC	chr1	46446600	46451317	lncRNA
POT1-AS1	AvC	chr7	124929862	125482966	lncRNA
LINC02262	AvC	chr4	117314597	117360655	lncRNA
LINC00184	AvC	chr1	234609295	234637418	lncRNA
PRRT4	AvC	chr7	128350325	128361690	protein_coding
ENSG00000224950	AvC	chr1	116493016	116499212	lncRNA
DAP3P1	AvC	chr1	155586644	155602197	unprocessed_pseudogene
ENSG00000225123	AvC	chr9	33574361	33574588	processed_pseudogene
MIR137HG	AvC	chr1	97933474	98054717	lncRNA
ENSG00000225258	AvC	chr2	180571712	180692454	lncRNA
ZNRF2P2	AvC	chr7	29684773	29685192	transcribed_processed_pseudogene
LINC01770	AvC	chr1	1429194	1435625	lncRNA
IGKV1OR9-2	AvC	chr9	40641841	40642117	IG_V_pseudogene
SFTA1P	AvC	chr10	10784436	10798639	lncRNA
PGM5P4	AvC	chr2	113541937	113563298	transcribed_unprocessed_pseudogene
ENSG00000225407	AvC	chr5	76691439	76716215	lncRNA
EIF2AK3-AS1	AvC	chr2	88503987	88575610	lncRNA
RFPL1S	AvC	chr22	29409067	29478923	lncRNA
ENSG00000225486	AvC	chr1	233836080	233836432	processed_pseudogene
ENSG00000225498	AvC	chr7	90312496	90322592	lncRNA
LINC01703	AvC	chr1	226083478	226090465	lncRNA
MPPE1P2	AvC	chr22	21885282	21885673	processed_pseudogene
SELENOKP3	AvC	chr6	118782848	118783131	transcribed_processed_pseudogene
LINC01492	AvC	chr9	103140523	103325050	lncRNA
RPL35P5	AvC	chr7	66606738	66607107	processed_pseudogene
ENSG00000225610	AvC	chr2	205989585	206000858	lncRNA
ENSG00000225676	AvC	chr22	30182818	30207255	lncRNA
FAM225B	AvC	chr9	113095149	113111543	lncRNA
ENSG00000225720	AvC	chr22	39091586	39092110	transcribed_unprocessed_pseudogene
TMEM230P1	AvC	chrX	107939263	107939642	processed_pseudogene
LINC00431	AvC	chr13	110989980	110990138	transcribed_unprocessed_pseudogene
LINC01389	AvC	chr1	47380733	47433569	lncRNA
ACE2-DT	AvC	chrX	15602858	15621485	lncRNA
FRG2B	AvC	chr10	133623895	133626795	protein_coding
ANKRD65-AS1	AvC	chr1	1420245	1423287	lncRNA
ELFN1	AvC	chr7	1665745	1747946	protein_coding
GTF2IP14	AvC	chr7	65084103	65100232	transcribed_unprocessed_pseudogene
FAM88F	AvC	chr9	62532318	62632880	lncRNA
LINC01776	AvC	chr1	98210435	98272658	lncRNA
LINC00937	AvC	chr12	8244845	8453161	lncRNA
FTCDNL1	AvC	chr2	199760544	199851207	protein_coding
ENSG00000226149	AvC	chr6	129439485	129576047	lncRNA
ENSG00000226197	AvC	chr9	13323319	13836651	lncRNA
GAS1RR	AvC	chr9	86948583	87013294	lncRNA
NPY6R	AvC	chr5	137808211	137809322	transcribed_unitary_pseudogene
LINC00351	AvC	chr13	85363601	85544570	lncRNA
ENSG00000226329	AvC	chr7	22863874	22881350	transcribed_unprocessed_pseudogene
MRPL23-AS1	AvC	chr11	1983237	1989993	lncRNA
LINC02542	AvC	chr6	81843774	82169391	lncRNA
FAM138B	AvC	chr2	113541518	113578852	lncRNA
ENSG00000226526	AvC	chr1	16978926	17005091	lncRNA
CYP4F26P	AvC	chr9	33580695	33607874	lncRNA
SNX30-DT	AvC	chr9	112743028	112750622	lncRNA
LINC03086	AvC	chr20	2207217	2213151	lncRNA
LINC01108	AvC	chr6	14280127	14285454	lncRNA
TEX41	AvC	chr2	144666312	145262988	lncRNA
ANKRD20A10P	AvC	chr13	24750657	24752171	processed_pseudogene
HSBP1L1	AvC	chr18	79964582	79970823	protein_coding
LINC00840	AvC	chr10	43778946	43901405	lncRNA
SUGT1P1	AvC	chr9	33503655	33510711	transcribed_unprocessed_pseudogene
LINC01509	AvC	chr9	107420191	107466614	lncRNA
ZNF277-AS1	AvC	chr7	112327888	112444682	lncRNA
LINC01359	AvC	chr1	64972225	65002489	lncRNA
BSN-DT	AvC	chr3	49534453	49554374	lncRNA
CEP164P1	AvC	chr10	45070792	45071209	transcribed_processed_pseudogene
ENSG00000226965	AvC	chr7	110108030	110534923	lncRNA
LINC00511	AvC	chr17	72221072	72640472	lncRNA
GTF2IP7	AvC	chr7	76099440	76101408	transcribed_unprocessed_pseudogene
ENSG00000227066	AvC	chr1	20154117	20160568	lncRNA
LINC02798	AvC	chr1	121396240	121463508	lncRNA
HORMAD2-AS1	AvC	chr22	30008740	30080480	lncRNA
ENSG00000227120	AvC	chr2	95436133	95436556	transcribed_processed_pseudogene
ZNF717	AvC	chr3	75678660	75785591	protein_coding
LBX1-AS1	AvC	chr10	101221750	101270148	lncRNA
WDR11-DT	AvC	chr10	120759898	120851457	lncRNA
CICP17	AvC	chr7	51382284	51384660	processed_pseudogene
ZNF692-DT	AvC	chr1	248859161	248864818	lncRNA
COPS8-DT	AvC	chr2	236910771	237085841	lncRNA
ENSG00000227253	AvC	chr10	32266289	32269474	lncRNA
KLLN	AvC	chr10	87859158	87863533	protein_coding
LINC01364	AvC	chr1	87353521	87371683	lncRNA
ENSG00000227292	AvC	chr2	38111185	38239590	lncRNA
KRT16P2	AvC	chr17	16829999	16832753	transcribed_unprocessed_pseudogene
LINC00307	AvC	chr21	30209151	30211783	lncRNA
HAUS6P1	AvC	chr7	53187388	53188938	processed_pseudogene
GOLGA7B-DT	AvC	chr10	97818479	97851012	lncRNA
HPN-AS1	AvC	chr19	35027447	35106898	lncRNA
ENSG00000227479	AvC	chr2	240227474	240256429	lncRNA
MIR1302-9HG	AvC	chr9	27657	30893	lncRNA
ALG1L8P	AvC	chr11	67785273	67792335	transcribed_unprocessed_pseudogene
LINC01714	AvC	chr1	8158695	8215242	lncRNA
ATP5F1AP2	AvC	chr2	155269633	155269887	transcribed_processed_pseudogene
LINC00111	AvC	chr21	41679181	41697336	lncRNA
LINC02803	AvC	chr1	175893132	175921057	lncRNA
CALR4P	AvC	chr1	51561866	51594897	transcribed_unitary_pseudogene
LINC01940	AvC	chr2	238919302	238926269	lncRNA
NTRAS	AvC	chr1	211639440	211654627	lncRNA
ENSG00000227803	AvC	chr6	20212011	20355310	lncRNA
SLC9A7P1	AvC	chr12	98454877	98457115	transcribed_processed_pseudogene
SUCLA2-AS1	AvC	chr13	48001389	48002620	lncRNA
ENSG00000227885	AvC	chr6	53724325	53794904	lncRNA
TARID	AvC	chr6	133485013	133953083	lncRNA
ENSG00000228033	AvC	chr2	52722669	52961484	lncRNA
ENSG00000228044	AvC	chr1	234646289	234683181	lncRNA
ENSG00000228072	AvC	chr9	33491066	33523702	lncRNA
ENSG00000228141	AvC	chr15	82711246	82711877	transcribed_unitary_pseudogene
ENSG00000228222	AvC	chr2	167293171	167558333	lncRNA
TOMM22-DT	AvC	chr22	38667585	38681871	lncRNA
UMLILO	AvC	chr4	73707725	73734688	lncRNA
PCAT6	AvC	chr1	202810827	202827227	lncRNA
MIR646HG	AvC	chr20	60047154	60653784	lncRNA
RRAGC-DT	AvC	chr1	38859886	38965038	lncRNA
LINC01546	AvC	chrX	3271504	3291550	lncRNA
ENSG00000228470	AvC	chr1	214344172	214357615	lncRNA
ENSG00000228484	AvC	chr10	114764788	114794346	lncRNA
C2orf92	AvC	chr2	97664217	97703066	protein_coding
ENSG00000228509	AvC	chr2	190672297	190882073	lncRNA
ENSG00000228522	AvC	chr9	63330326	63338755	transcribed_unprocessed_pseudogene
FNDC10	AvC	chr1	1598012	1600135	protein_coding
HK2P1	AvC	chrX	80571871	80574607	processed_pseudogene
LALTOP	AvC	chr2	1447968	1620113	lncRNA
ZNF883	AvC	chr9	112988129	113012242	protein_coding
HDAC2-AS2	AvC	chr6	113969701	114548369	lncRNA
ENSG00000228626	AvC	chr1	148288001	148288951	transcribed_unprocessed_pseudogene
ROCR	AvC	chr17	71829870	72058073	lncRNA
ENSG00000228643	AvC	chr2	285770	301515	lncRNA
HNRNPCP7	AvC	chr7	64500825	64501729	processed_pseudogene
MYO5BP3	AvC	chr9	63761546	63762824	processed_pseudogene
PROB1	AvC	chr5	139390592	139395104	protein_coding
ENSG00000228679	AvC	chr6	83983728	84007323	lncRNA
CES1P1	AvC	chr16	55760642	55793960	transcribed_unprocessed_pseudogene
LINC00659	AvC	chr20	62772665	62777067	lncRNA
ENSG00000228707	AvC	chr9	116012361	116012965	lncRNA
ENSG00000228739	AvC	chr9	6047360	6066714	lncRNA
MIR365BHG	AvC	chr17	31571074	31575659	lncRNA
WEE2-AS1	AvC	chr7	141704003	141738346	lncRNA
LINC00954	AvC	chr2	19863616	19885047	lncRNA
PCMTD1-DT	AvC	chr8	51899229	52022974	lncRNA
ENSG00000228804	AvC	chr3	187702313	187733856	lncRNA
MIR4500HG	AvC	chr13	87427183	87674235	lncRNA
PIK3IP1-DT	AvC	chr22	31292499	31338021	lncRNA
LINC02607	AvC	chr1	95510059	95782342	lncRNA
CDCA4P1	AvC	chr9	14593577	14594200	processed_pseudogene
ANKRD20A8P	AvC	chr2	94791103	94857282	transcribed_unprocessed_pseudogene
VIM-AS1	AvC	chr10	17214239	17230029	lncRNA
SNX18P4	AvC	chr9	66082350	66083187	transcribed_processed_pseudogene
ENSG00000229156	AvC	chr9	64462819	64463196	transcribed_processed_pseudogene
ENSG00000229172	AvC	chr2	227801840	227804705	processed_pseudogene
LINC00382	AvC	chr13	79872581	79918042	lncRNA
ENSG00000229261	AvC	chr10	69215333	69232490	lncRNA
SNHG31	AvC	chr2	214809470	214963622	lncRNA
ENSG00000229278	AvC	chr10	99599629	99659596	lncRNA
LINC02768	AvC	chr1	235910386	235972511	lncRNA
ACTG1P9	AvC	chr6	46204729	46207386	processed_pseudogene
ENSG00000229491	AvC	chrX	45183251	45333922	lncRNA
NKX1-2	AvC	chr10	124445243	124450035	protein_coding
LINC01204	AvC	chrX	45505373	45632121	lncRNA
LINC02264	AvC	chr4	117834133	117869960	lncRNA
ENSG00000229618	AvC	chr7	12726152	13751920	lncRNA
NAMPTP1	AvC	chr10	36521721	36524234	processed_pseudogene
ITGB1-DT	AvC	chr10	32958390	33134921	lncRNA
ENSG00000229672	AvC	chr10	3730666	3769404	lncRNA
ANKRD33BP1	AvC	chr2	95525345	95527220	transcribed_unprocessed_pseudogene
FAM242E	AvC	chr9	61890586	61911123	lncRNA
ENSG00000229771	AvC	chr20	40693988	40866186	lncRNA
LINC01315	AvC	chr22	42363671	42369300	lncRNA
FOSL2-AS1	AvC	chr2	28384409	28394705	lncRNA
ENSG00000229962	AvC	chr21	25453289	25567169	lncRNA
LINC01435	AvC	chr10	107694973	108522143	lncRNA
MIR181A1HG	AvC	chr1	198739203	198937683	lncRNA
CCNYL5	AvC	chrX	65821255	65822249	processed_pseudogene
ZBTB47-AS1	AvC	chr3	42601961	42654396	lncRNA
LINC02643	AvC	chr10	21339915	21372953	lncRNA
FTH1P5	AvC	chr6	50912712	50913256	processed_pseudogene
CBR1-AS1	AvC	chr21	36074881	36075602	lncRNA
LINC02603	AvC	chr9	94176494	94259545	lncRNA
CICP6	AvC	chr3	198223497	198226310	processed_pseudogene
ENSG00000230309	AvC	chr6	77717036	78606036	lncRNA
TPI1P2	AvC	chr7	129056019	129056770	transcribed_processed_pseudogene
LINC03125	AvC	chr20	23159587	23190419	lncRNA
LINC01747	AvC	chr20	22668480	22685394	lncRNA
SERPINB9P1	AvC	chr6	2851230	2886183	lncRNA
CTF2P	AvC	chr16	30904348	30910208	unitary_pseudogene
ANKRD18B	AvC	chr9	33524251	33608848	protein_coding
ENSG00000230498	AvC	chr1	77081984	77086402	lncRNA
CCDC192	AvC	chr5	127703361	127941507	protein_coding
KMT2CP5	AvC	chr2	91696452	91714745	transcribed_unprocessed_pseudogene
TEX48	AvC	chr9	114666434	114682192	protein_coding
APPAT	AvC	chr2	97416059	97437397	lncRNA
PRB4	AvC	chr12	11307077	11310436	protein_coding
KLHL7-DT	AvC	chr7	23100214	23105703	lncRNA
CEACAM22P	AvC	chr19	44542798	44549166	transcribed_unprocessed_pseudogene
ENSG00000230715	AvC	chr7	128652841	128653243	transcribed_processed_pseudogene
LINC03016	AvC	chr7	7255154	7278077	lncRNA
OCLNP1	AvC	chr5	71074225	71093193	transcribed_unprocessed_pseudogene
ENSG00000230882	AvC	chr7	76071469	76074963	processed_pseudogene
MIR205HG	AvC	chr1	209427531	209432855	lncRNA
LINC02541	AvC	chr6	113616897	113654710	lncRNA
ENSG00000230990	AvC	chr20	11234170	11301584	lncRNA
AHI1-DT	AvC	chr6	135497422	135894890	lncRNA
ENSG00000231039	AvC	chr10	5234309	5264210	lncRNA
GNB1-DT	AvC	chr1	1891175	1892835	lncRNA
THBS3-AS1	AvC	chr1	155194806	155207322	lncRNA
SPRY4-AS1	AvC	chr5	142325177	142761042	lncRNA
ENSG00000231189	AvC	chr2	223498773	223504611	lncRNA
COMETT	AvC	chr7	116563594	116724495	lncRNA
ITPR1-DT	AvC	chr3	4479281	4493205	lncRNA
SBK3	AvC	chr19	55539018	55550284	protein_coding
LINC01712	AvC	chr1	83445967	83574191	lncRNA
LINC03078	AvC	chr19	43323549	43331550	lncRNA
LINC00689	AvC	chr7	159006492	159030195	lncRNA
HSP90AA3P	AvC	chr1	158523672	158525838	processed_pseudogene
FAM27C	AvC	chr9	61854038	62096920	lncRNA
FAM225A	AvC	chr9	113111624	113119928	lncRNA
LINC02015	AvC	chr3	177816847	177940299	lncRNA
FAHD2CP	AvC	chr2	96013730	96021608	transcribed_unprocessed_pseudogene
SLC47A1P2	AvC	chr17	19615789	19633132	transcribed_unprocessed_pseudogene
KRT17P6	AvC	chr17	20512560	20517479	transcribed_unprocessed_pseudogene
LINC01698	AvC	chr1	209350401	209380518	lncRNA
CD109-AS1	AvC	chr6	73669691	73696297	lncRNA
LINC01704	AvC	chr1	158131983	158149810	lncRNA
KILH	AvC	chr6	53561289	53617171	lncRNA
LINC01090	AvC	chr2	187711775	188384400	lncRNA
TMSB15B-AS1	AvC	chrX	103845151	103919548	lncRNA
LINC01273	AvC	chr20	50165586	50188316	lncRNA
CHODL-AS1	AvC	chr21	17835016	17885608	lncRNA
ENSG00000231760	AvC	chr6	149796151	149799150	lncRNA
RPS27AP5	AvC	chr1	192716183	192716653	processed_pseudogene
ENSG00000231769	AvC	chr6	46096004	46129857	lncRNA
DNAJB6P3	AvC	chr2	219684030	219684795	processed_pseudogene
PCAT7	AvC	chr9	94554599	94603990	lncRNA
NANOGP9	AvC	chrX	65772741	65773632	processed_pseudogene
TMEM139-AS1	AvC	chr7	143255264	143287997	lncRNA
KRT17P3	AvC	chr17	30567700	30571748	transcribed_unprocessed_pseudogene
ENSG00000231875	AvC	chrX	81363268	81364170	processed_pseudogene
ENSG00000231881	AvC	chr6	44058792	44089288	lncRNA
PRH1	AvC	chr12	10824960	11171608	protein_coding
NEBL-AS1	AvC	chr10	21173599	21182579	lncRNA
PGM5P4-AS1	AvC	chr2	113526836	113542789	lncRNA
DPY19L1P2	AvC	chr7	32812757	32838570	transcribed_unprocessed_pseudogene
CT69	AvC	chr6	134428239	134524668	lncRNA
MCF2L2P1	AvC	chr3	186826549	186827337	unprocessed_pseudogene
EP300-AS1	AvC	chr22	41141367	41197520	lncRNA
FAAHP1	AvC	chr1	46432129	46445321	transcribed_unprocessed_pseudogene
ENSG00000232072	AvC	chr7	46890625	47049678	lncRNA
VPS51P2	AvC	chr7	97938439	97938794	processed_pseudogene
ENSG00000232124	AvC	chr21	44198797	44208090	lncRNA
LINC01873	AvC	chr2	66383306	66392450	lncRNA
ENSG00000232176	AvC	chr9	19200335	19201046	processed_pseudogene
FTH1P7	AvC	chr13	22696023	22696574	processed_pseudogene
LINC02043	AvC	chr3	186810880	186825662	lncRNA
ASCL5	AvC	chr1	201113943	201127184	protein_coding
LINC03002	AvC	chr6	134524505	134689399	lncRNA
LINC02518	AvC	chr6	113345749	113441455	lncRNA
ENSG00000232328	AvC	chr2	236733289	236755151	lncRNA
MHENCR	AvC	chr20	63626148	63628825	lncRNA
EMSLR	AvC	chr7	101308258	101314800	lncRNA
FAM131C2P	AvC	chr1	16035178	16040029	transcribed_unprocessed_pseudogene
SLC16A6P1	AvC	chr17	64953683	64956546	transcribed_unprocessed_pseudogene
ENSG00000232471	AvC	chr4	49550032	49557400	transcribed_unprocessed_pseudogene
TGFB2-AS1	AvC	chr1	218344145	218347866	lncRNA
LINC02802	AvC	chr1	144135212	144250375	lncRNA
LIF-AS1	AvC	chr22	30238784	30240556	lncRNA
ENSG00000232555	AvC	chr2	172301145	172370401	lncRNA
LINC02576	AvC	chr2	65030678	65053807	lncRNA
ENSG00000232828	AvC	chrX	48636633	48801376	lncRNA
BRWD1P3	AvC	chr7	17033089	17033478	processed_pseudogene
PTGES2-AS1	AvC	chr9	128128529	128130628	lncRNA
LINC03138	AvC	chr21	28328738	28836786	lncRNA
ENSG00000232884	AvC	chr21	14676685	14763590	lncRNA
ENSG00000232909	AvC	chr6	35733435	35737689	lncRNA
LINC00342	AvC	chr2	95806973	95835003	lncRNA
CYP1B1-AS1	AvC	chr2	38073447	38231651	lncRNA
LINC01219	AvC	chr11	1988477	1993673	lncRNA
MIR3936HG	AvC	chr5	132311285	132370170	lncRNA
SNHG7	AvC	chr9	136721366	136728961	lncRNA
ATP13A3-DT	AvC	chr3	194487120	194521156	lncRNA
ENSG00000233068	AvC	chr6	3831847	3901742	lncRNA
LINC01399	AvC	chr22	35194699	35194942	transcribed_processed_pseudogene
ENSG00000233081	AvC	chr9	91421366	91427174	lncRNA
ENSG00000233085	AvC	chr6	169286532	169292503	lncRNA
LINC00702	AvC	chr10	4201141	4268709	lncRNA
LINC00456	AvC	chr13	97117149	97187578	lncRNA
RNF224	AvC	chr9	137226908	137229640	protein_coding
MROH3P	AvC	chr1	200917460	200966536	transcribed_unitary_pseudogene
ARHGEF4-AS1	AvC	chr2	130830978	130836994	lncRNA
ENSG00000233275	AvC	chr2	95434759	95435113	transcribed_processed_pseudogene
RASA4DP	AvC	chr7	102681836	102690469	transcribed_unprocessed_pseudogene
MIPEPP3	AvC	chr13	21298259	21306373	transcribed_unprocessed_pseudogene
IATPR	AvC	chr10	33055799	33116817	lncRNA
LINC01783	AvC	chr1	16514977	16535707	lncRNA
STXBP5-AS1	AvC	chr6	146824501	147204677	lncRNA
CDHR17P	AvC	chr7	81489472	81608710	transcribed_unitary_pseudogene
LINC00460	AvC	chr13	106374477	106384315	lncRNA
ENSG00000233539	AvC	chr7	46673785	46759851	lncRNA
CYP51A1P2	AvC	chr13	28722386	28724021	processed_pseudogene
LINC02609	AvC	chr1	90769086	90851701	lncRNA
LINC01392	AvC	chr7	115061537	115231355	lncRNA
TWIST2	AvC	chr2	238848032	238910534	protein_coding
ENSG00000233633	AvC	chr2	556498	578145	lncRNA
LINC02579	AvC	chr2	64606975	64616556	lncRNA
LINC01122	AvC	chr2	58427707	59355588	lncRNA
NRAD1	AvC	chr13	43908669	44042929	lncRNA
CICP27	AvC	chr1	131025	134836	processed_pseudogene
CAVIN2-AS1	AvC	chr2	191844916	192085236	lncRNA
CICP5	AvC	chr1	223947605	223950416	unprocessed_pseudogene
LINC01237	AvC	chr2	241881353	242078722	lncRNA
MIR4280HG	AvC	chr5	87048858	87180021	lncRNA
GIRGL	AvC	chr7	20188113	20221710	lncRNA
ENSG00000233836	AvC	chr19	23790772	23833314	transcribed_unprocessed_pseudogene
DLG5-AS1	AvC	chr10	77925651	77929849	lncRNA
LINC01503	AvC	chr9	129320968	129359549	lncRNA
LINC01694	AvC	chr21	45590717	45603088	lncRNA
KRTAP5-AS1	AvC	chr11	1571353	1620791	lncRNA
ENSG00000233967	AvC	chr6	80390987	80466674	lncRNA
ENSG00000234042	AvC	chr9	63703065	63703755	processed_pseudogene
TPRG1-AS1	AvC	chr3	188941196	188947829	lncRNA
IDH1P1	AvC	chr6	7516600	7517840	processed_pseudogene
AKAP8P1	AvC	chr9	11011748	11013096	processed_pseudogene
LINC02535	AvC	chr6	85320314	85404911	lncRNA
ENSG00000234160	AvC	chr9	37509150	37510299	lncRNA
ENSG00000234185	AvC	chr7	66119603	66165011	lncRNA
LINC01191	AvC	chr2	113970621	114028083	lncRNA
DEPDC1-AS1	AvC	chr1	68496671	68538627	lncRNA
ENSG00000234273	AvC	chr7	109521981	109597301	lncRNA
ENSG00000234338	AvC	chr7	64835280	64836882	processed_pseudogene
ELF2P1	AvC	chrX	103910305	103911352	processed_pseudogene
PFN1P3	AvC	chr1	145407772	145408173	transcribed_processed_pseudogene
SNX18P7	AvC	chr9	33576380	33577014	transcribed_processed_pseudogene
CCDC188	AvC	chr22	20148416	20151055	protein_coding
CICP13	AvC	chr1	222468094	222470882	processed_pseudogene
ENSG00000234477	AvC	chr17	40921430	40975926	lncRNA
HRAT17	AvC	chr7	112943295	112995737	lncRNA
ENSG00000234597	AvC	chr2	19458220	19468961	lncRNA
ELF3-AS1	AvC	chr1	201995696	202010463	lncRNA
EPCAM-DT	AvC	chr2	47192405	47345112	lncRNA
SEC61G-DT	AvC	chr7	54759283	54814588	lncRNA
ATP5F1AP8	AvC	chr9	39654241	39655531	processed_pseudogene
ENSG00000234773	AvC	chr19	12207332	12209563	transcribed_unprocessed_pseudogene
SVIL2P	AvC	chr10	30655651	30717266	transcribed_unprocessed_pseudogene
NXT1-AS1	AvC	chr20	23309728	23351501	lncRNA
LINC01239	AvC	chr9	22640681	22824213	lncRNA
CDC42P2	AvC	chr7	55638274	55638842	processed_pseudogene
ATP5F1AP1	AvC	chr9	42410830	42412150	processed_pseudogene
LINC02925	AvC	chr22	46537892	46557010	lncRNA
SHISA8	AvC	chr22	41909543	41915074	protein_coding
FTH1P2	AvC	chr1	228687415	228687826	processed_pseudogene
CDK5R2-AS1	AvC	chr2	218899739	218962135	lncRNA
LINC00940	AvC	chr12	1929202	1936574	lncRNA
ENSG00000235056	AvC	chr2	195003711	195026370	lncRNA
ENSG00000235070	AvC	chr2	226086623	226185651	lncRNA
ENSG00000235077	AvC	chr7	100130891	100143647	lncRNA
ID2-AS1	AvC	chr2	8666636	8681898	lncRNA
LINC00330	AvC	chr13	44799503	44809630	lncRNA
ANKRD65	AvC	chr1	1415637	1421769	protein_coding
LINC02532	AvC	chr6	106705328	106824178	lncRNA
LINC01366	AvC	chr5	170306810	170335508	lncRNA
LINC00601	AvC	chr10	126412059	126424917	lncRNA
IL2RB-AS1	AvC	chr22	37166743	37182931	lncRNA
LINC00957	AvC	chr7	44039049	44044375	lncRNA
LINC02154	AvC	chrX	13266032	13308637	lncRNA
SPAAR	AvC	chr9	35909488	35937153	protein_coding
LURAP1L-AS1	AvC	chr9	12631434	12814382	lncRNA
HAUS6P3	AvC	chr7	53862233	53863339	processed_pseudogene
UBE2R2-AS1	AvC	chr9	33732970	33818836	lncRNA
ENSG00000235495	AvC	chr2	67565248	67684077	lncRNA
ENSG00000235523	AvC	chr9	72257336	72257783	lncRNA
NFAM1	AvC	chr22	42380407	42432403	protein_coding
GNAS-AS1	AvC	chr20	58818893	58855296	lncRNA
ENSG00000235610	AvC	chr2	223489090	223528308	lncRNA
ENSG00000235659	AvC	chr9	61861469	61869202	lncRNA
LINC02250	AvC	chr15	25456131	25578823	lncRNA
LINC00607	AvC	chr2	215611563	215925887	lncRNA
ENSG00000235837	AvC	chr7	16685717	16719898	lncRNA
B3GALT4	AvC	chr6	33277123	33284832	protein_coding
ENSG00000235893	AvC	chr9	65816932	65817472	processed_pseudogene
LINC01564	AvC	chr6	53614863	53707024	lncRNA
RBMS3-AS3	AvC	chr3	29054570	29290726	lncRNA
ENSG00000235911	AvC	chr2	19711667	19717576	lncRNA
ENSG00000235959	AvC	chr2	95640181	95640604	transcribed_processed_pseudogene
ENSG00000235978	AvC	chr3	4764242	4887293	lncRNA
LINC02941	AvC	chr6	139976352	140146226	lncRNA
HSPB1P1	AvC	chr9	72007881	72008136	processed_pseudogene
SCN1A-AS1	AvC	chr2	165957188	166390771	lncRNA
LINC03070	AvC	chrX	5653418	5726388	lncRNA
CEACAMP11	AvC	chr19	43278933	43284318	unprocessed_pseudogene
ENSG00000236145	AvC	chr2	121178327	121182580	lncRNA
CDC42EP3-AS1	AvC	chr2	37425634	37921937	lncRNA
ENSG00000236230	AvC	chr1	222086146	222389103	lncRNA
TLX1NB	AvC	chr10	101089321	101141438	lncRNA
LINC02653	AvC	chr10	90402521	90628981	lncRNA
CTSLP1	AvC	chr10	87386685	87390203	transcribed_unprocessed_pseudogene
ENSG00000236431	AvC	chr2	95536117	95536495	processed_pseudogene
LINC00427	AvC	chr13	30316360	30319903	lncRNA
ENSG00000236469	AvC	chr2	71000440	71064746	lncRNA
LINC00896	AvC	chr22	20206340	20235981	lncRNA
ENSG00000236536	AvC	chr7	19117758	19122012	lncRNA
HMGA1P1	AvC	chrX	26748029	26749090	processed_pseudogene
ARHGEF38	AvC	chr4	105552620	105708093	protein_coding
ANKRD20A7P	AvC	chr9	42852675	42920095	transcribed_unprocessed_pseudogene
ENSG00000236829	AvC	chr16	386763	387233	transcribed_processed_pseudogene
ENSG00000236841	AvC	chr2	162120177	162173223	lncRNA
LINC02827	AvC	chr12	3300084	3325343	lncRNA
ENSG00000236921	AvC	chr9	22203798	22216807	lncRNA
GGT8P	AvC	chr2	91775944	91781169	unprocessed_pseudogene
FABP5P1	AvC	chr13	73100575	73100985	processed_pseudogene
LINC01812	AvC	chr2	67796047	67825658	lncRNA
RPL5P2	AvC	chr20	45490818	45491671	processed_pseudogene
LINC02652	AvC	chr10	28433008	28502612	lncRNA
SLC25A15P2	AvC	chr13	19411231	19416188	unprocessed_pseudogene
TRBV30	AvC	chr7	142812586	142813399	TR_V_gene
LINC01732	AvC	chr1	181104688	181197932	lncRNA
FAM88E	AvC	chr9	42467562	42569410	lncRNA
MGC27382	AvC	chr1	78222433	78369464	lncRNA
NRBF2P3	AvC	chr1	110848077	110848941	processed_pseudogene
HNRNPA1P57	AvC	chr2	41156598	41157555	transcribed_processed_pseudogene
ENSG00000237464	AvC	chr20	45487381	45557424	lncRNA
LINC01637	AvC	chr22	20957092	20964881	lncRNA
WAKMAR2	AvC	chr6	137820625	137868233	lncRNA
GPAT2P1	AvC	chr2	95792220	95800166	transcribed_unprocessed_pseudogene
SHISA9	AvC	chr16	12901598	13240416	protein_coding
PYY2	AvC	chr17	28227306	28227701	transcribed_unprocessed_pseudogene
IGKV1OR10-1	AvC	chr10	42185339	42185791	IG_V_pseudogene
TIAM1-AS1	AvC	chr21	31559245	31560487	lncRNA
DYRK3-AS1	AvC	chr1	206634133	206636239	lncRNA
FAM138A	AvC	chr1	34553	37595	lncRNA
ENSG00000237640	AvC	chr7	99919561	99948620	lncRNA
LINC01610	AvC	chr6	70375762	70403117	lncRNA
SCIRT	AvC	chr6	43931505	44074685	lncRNA
CT75	AvC	chr2	222318275	222321512	transcribed_unprocessed_pseudogene
AMY1A	AvC	chr1	103650592	103664629	protein_coding
LINC02984	AvC	chr8	53393077	53524336	lncRNA
RPS3AP29	AvC	chr7	97898347	97899115	processed_pseudogene
ENSG00000237846	AvC	chr9	40105822	40106527	processed_pseudogene
LINC01473	AvC	chr2	186032041	186486584	lncRNA
PRKCQ-AS1	AvC	chr10	6580419	6616921	lncRNA
ENSG00000237961	AvC	chr4	49238032	49245419	processed_pseudogene
OR2I1	AvC	chr6	29550407	29557773	protein_coding
RPL35P1	AvC	chr1	236981339	236981708	processed_pseudogene
LINC01808	AvC	chr2	19468997	19520102	lncRNA
SPATA3-AS1	AvC	chr2	230963274	230996057	lncRNA
LINC01589	AvC	chr22	45604413	45639173	lncRNA
LINC00426	AvC	chr13	30316360	30377145	lncRNA
ENSG00000238122	AvC	chr1	108247487	108273689	lncRNA
TNFRSF14-AS1	AvC	chr1	2540861	2557059	lncRNA
ENSG00000238171	AvC	chr2	181076051	181105968	lncRNA
OR7E7P	AvC	chr7	97946987	97947998	transcribed_unprocessed_pseudogene
ALG1L6P	AvC	chr3	75415070	75422143	transcribed_unprocessed_pseudogene
ERRFI1-DT	AvC	chr1	8026413	8187014	lncRNA
RNU7-141P	AvC	chr20	59852667	59852728	snRNA
NCK1-DT	AvC	chr3	136807637	136862618	lncRNA
ENSG00000239392	AvC	chr9	34133157	34134696	processed_pseudogene
CYP4F62P	AvC	chr2	130439285	130440296	transcribed_unprocessed_pseudogene
ENSG00000239572	AvC	chr3	87641412	87793629	lncRNA
APOBEC3G	AvC	chr22	39077059	39087743	protein_coding
TTC14-DT	AvC	chr3	180491772	180602142	lncRNA
CCDC54-AS1	AvC	chr3	107129887	107421356	lncRNA
C1orf226	AvC	chr1	162378841	162386812	protein_coding
ENPP7P2	AvC	chr3	75446769	75491202	transcribed_unprocessed_pseudogene
ENSG00000239991	AvC	chr3	55162566	55178107	lncRNA
LINC02004	AvC	chr3	134312144	134341848	lncRNA
SNHG33	AvC	chr3	183451741	183455335	transcribed_unprocessed_pseudogene
ENSG00000240086	AvC	chr3	135138469	135439888	lncRNA
ENSG00000240093	AvC	chr7	176561	194641	lncRNA
SMKR1	AvC	chr7	129502531	129512918	protein_coding
AQP1	AvC	chr7	30911720	30925517	protein_coding
BTNL12P	AvC	chr3	120357754	120367874	transcribed_unitary_pseudogene
ENSG00000240710	AvC	chr1	204603035	204616565	lncRNA
LINC03014	AvC	chr7	149549	165520	lncRNA
PLCXD2	AvC	chr3	111674676	111846447	protein_coding
HOXA11-AS	AvC	chr7	27184507	27189298	lncRNA
CYP51A1P1	AvC	chr3	82806515	82808021	processed_pseudogene
PRICKLE2-AS1	AvC	chr3	64024107	64103131	lncRNA
LINC02614	AvC	chr3	125782336	125916427	lncRNA
LINC01487	AvC	chr3	155240908	155258766	lncRNA
RN7SL466P	AvC	chr1	161735808	161736102	misc_RNA
ENSG00000241449	AvC	chr7	150033653	150076655	lncRNA
PTPRG-AS1	AvC	chr3	62214400	62369406	lncRNA
ATP5F1AP7	AvC	chr9	62686912	62688190	processed_pseudogene
ADAMTS9-AS2	AvC	chr3	64684879	65061892	lncRNA
ARPC1A	AvC	chr7	99325880	99366267	protein_coding
LINC02053	AvC	chr3	180413008	180507405	lncRNA
RPL7AP30	AvC	chr4	112788083	112788878	processed_pseudogene
RPSAP52	AvC	chr12	65758121	65758998	transcribed_processed_pseudogene
SPRR2A	AvC	chr1	153056120	153057512	protein_coding
C8orf58	AvC	chr8	22599594	22604150	protein_coding
SLC5A4-AS1	AvC	chr22	32205115	32278382	lncRNA
ENSG00000242136	AvC	chr2	9102943	9106341	lncRNA
LASTR	AvC	chr10	5594980	5635925	lncRNA
RPL7AP27	AvC	chr4	188349376	188350024	processed_pseudogene
SRRM1P2	AvC	chr3	83937045	83938236	processed_pseudogene
MAT2AP1	AvC	chr3	112696908	112697706	unprocessed_pseudogene
SERPINB10	AvC	chr18	63907958	63936111	protein_coding
MBL1P	AvC	chr10	79920327	79923032	transcribed_unitary_pseudogene
DECR2	AvC	chr16	401854	412492	protein_coding
CD200R1L-AS1	AvC	chr3	112802478	112812819	lncRNA
ENSG00000242798	AvC	chr7	100115214	100127156	lncRNA
AP5Z1	AvC	chr7	4775615	4794397	protein_coding
AADACL2-AS1	AvC	chr3	151552378	151928178	lncRNA
EPS15P1	AvC	chr7	46782800	46783135	transcribed_processed_pseudogene
MACC1-OT1	AvC	chr7	19898489	20140453	lncRNA
ENSG00000243089	AvC	chr3	99503282	99639737	lncRNA
ENSG00000243225	AvC	chr14	76968683	76969145	processed_pseudogene
VSIG8	AvC	chr1	159854316	159862657	protein_coding
ENSG00000243296	AvC	chr3	99331402	99505508	lncRNA
ENSG00000243302	AvC	chr7	128651185	128652334	transcribed_processed_pseudogene
ENSG00000243415	AvC	chr3	146064042	146105204	lncRNA
AOX2P	AvC	chr2	200738608	200791630	transcribed_unprocessed_pseudogene
MIR1302-2HG	AvC	chr1	28589	31109	lncRNA
ENSG00000243491	AvC	chr2	9757496	9773958	lncRNA
WFDC6	AvC	chr20	45534196	45539482	protein_coding
UPK3B	AvC	chr7	76510525	76516522	protein_coding
ENSG00000243679	AvC	chr7	128653969	128654722	transcribed_processed_pseudogene
APOBEC3D	AvC	chr22	39021113	39033277	protein_coding
WDR86-AS1	AvC	chr7	151408943	151414243	lncRNA
PPIEL	AvC	chr1	39531838	39558707	transcribed_unprocessed_pseudogene
UBE2H-DT	AvC	chr7	129953068	130026989	lncRNA
SPRR2F	AvC	chr1	153112121	153113516	protein_coding
ENSG00000244176	AvC	chr11	62011751	62012602	processed_pseudogene
PELP1-DT	AvC	chr17	4704095	4705770	lncRNA
ENSG00000244358	AvC	chr3	145939912	145961536	lncRNA
RN7SL636P	AvC	chr20	50429190	50429483	misc_RNA
ETV5	AvC	chr3	186046314	186110318	protein_coding
ENSG00000244464	AvC	chr3	99598064	99637308	lncRNA
KCNK15-AS1	AvC	chr20	44656445	44746362	lncRNA
PTCHD4	AvC	chr6	47856673	48111197	protein_coding
LINC00847	AvC	chr5	180830326	180839742	lncRNA
GALNT7-DT	AvC	chr4	173094676	173170198	lncRNA
USP2-AS1	AvC	chr11	119356467	119659284	lncRNA
ASAH1-AS1	AvC	chr8	18084236	18127404	lncRNA
LNCRNA-IUR	AvC	chr11	95150499	95309854	lncRNA
KLRK1-AS1	AvC	chr12	10363608	10398506	lncRNA
CRNDE	AvC	chr16	54844649	54931354	lncRNA
CEBPA	AvC	chr19	33299934	33302534	protein_coding
GS1-24F4.2	AvC	chr8	6835515	6885358	lncRNA
RRS1-DT	AvC	chr8	66209800	66432399	lncRNA
LINC01550	AvC	chr14	97924637	97987918	lncRNA
ENSG00000246250	AvC	chr11	43827517	43880726	lncRNA
LINC02458	AvC	chr12	89010681	89309571	lncRNA
ENSG00000246465	AvC	chr16	28284885	28292067	lncRNA
LINC02288	AvC	chr14	77027711	77086720	lncRNA
PICART1	AvC	chr17	50050349	50056018	lncRNA
DNM1P35	AvC	chr15	75727670	75739045	lncRNA
BRPF3-AS1	AvC	chr6	36112466	36200952	lncRNA
SOCS2-AS1	AvC	chr12	93501115	93571768	lncRNA
BAALC-AS1	AvC	chr8	103153394	103371410	lncRNA
MIR210HG	AvC	chr11	565657	568542	lncRNA
ENSG00000247121	AvC	chr5	96814027	96936021	lncRNA
ENSG00000247134	AvC	chr8	32927913	33076792	lncRNA
CSTF3-DT	AvC	chr11	33161544	33252611	lncRNA
LINC01252	AvC	chr12	11499742	11590369	lncRNA
ENSG00000247228	AvC	chr16	70137655	70173505	lncRNA
LY6E-DT	AvC	chr8	142981707	143018626	lncRNA
ENSG00000247372	AvC	chr5	75320007	75336914	lncRNA
GPRC5D-AS1	AvC	chr12	12927682	13022056	lncRNA
NR2F2-AS1	AvC	chr15	96080713	96337579	lncRNA
SEC24B-AS1	AvC	chr4	109346134	109434572	lncRNA
LINC00926	AvC	chr15	57300317	57307769	lncRNA
FAM13A-AS1	AvC	chr4	88708622	88730103	lncRNA
ARHGAP42-AS1	AvC	chr11	100684161	100687968	lncRNA
ENSG00000248112	AvC	chr5	82850942	83011784	lncRNA
RRN3P1	AvC	chr16	21797750	21820384	transcribed_unprocessed_pseudogene
LINC02383	AvC	chr4	43457527	43492543	lncRNA
NFKB1-AS1	AvC	chr4	102418602	102502487	lncRNA
LINC02268	AvC	chr4	174061731	174220441	lncRNA
LINC03140	AvC	chr4	128567933	128570531	lncRNA
ENSG00000248296	AvC	chr5	124492775	124536348	lncRNA
BNIP3P41	AvC	chr4	49554	50124	transcribed_processed_pseudogene
LUCAT1	AvC	chr5	91054834	91314547	lncRNA
HAFML	AvC	chr4	176631958	176706145	lncRNA
ST13P12	AvC	chr5	82968888	82977153	processed_pseudogene
ENSG00000248401	AvC	chr4	83247179	83248206	processed_pseudogene
PRR5-ARHGAP8	AvC	chr22	44702233	44862706	protein_coding
LINC02437	AvC	chr4	184988997	185005186	lncRNA
PPP1R3B-DT	AvC	chr8	9151669	9426716	lncRNA
ENSG00000248559	AvC	chr5	134399495	134401921	lncRNA
ENSG00000248583	AvC	chr4	49486926	49489554	unprocessed_pseudogene
ENSG00000248588	AvC	chr5	92823935	92886872	lncRNA
ENSG00000248596	AvC	chr5	176143085	176185155	lncRNA
ENSG00000248597	AvC	chr5	1963346	1975382	lncRNA
ENSG00000248601	AvC	chr4	167946674	168113331	lncRNA
LINC01085	AvC	chr4	14126339	14126664	transcribed_processed_pseudogene
PRDM8-AS1	AvC	chr4	80181264	80197410	lncRNA
LINC01948	AvC	chr5	56449986	56482121	lncRNA
LINC02432	AvC	chr4	141302910	141357096	lncRNA
ENSG00000248837	AvC	chr4	22989147	23193740	lncRNA
LINC02753	AvC	chr11	70056230	70065371	lncRNA
LINC02065	AvC	chr5	66205120	66209893	lncRNA
FLJ46284	AvC	chr8	92674978	92879502	lncRNA
LINC02511	AvC	chr4	136795919	137212799	lncRNA
FAM138E	AvC	chr15	101953420	101956412	lncRNA
ENSG00000248954	AvC	chr17	49887590	49938666	lncRNA
SPCS3-AS1	AvC	chr4	176308268	176320458	lncRNA
ENSG00000248994	AvC	chr5	1927877	2119926	lncRNA
FAM138D	AvC	chr12	36602	38133	lncRNA
ENSG00000249061	AvC	chr5	86967321	87137712	lncRNA
TNPO1-DT	AvC	chr5	72574098	72816565	lncRNA
LINC01093	AvC	chr4	184892858	184899908	lncRNA
TMEM150C	AvC	chr4	82483170	82562357	protein_coding
C1QTNF7-AS1	AvC	chr4	15004925	15427915	lncRNA
LINC00939	AvC	chr12	125943740	125983667	lncRNA
ARL2BPP4	AvC	chr5	130529419	130529889	processed_pseudogene
ENSG00000249319	AvC	chr7	66087761	66152277	protein_coding
ENSG00000249328	AvC	chr8	79769372	79871784	lncRNA
LINC02997	AvC	chr5	67379378	67806600	lncRNA
LINC01091	AvC	chr4	123539026	123962704	lncRNA
LINC01179	AvC	chr4	165684639	165762778	lncRNA
ENSG00000249526	AvC	chr5	139684637	139775472	lncRNA
ENSG00000249547	AvC	chr4	23234625	23285573	lncRNA
TARS1-DT	AvC	chr5	33418737	33441230	lncRNA
ENSG00000249627	AvC	chr4	157815010	157815480	processed_pseudogene
LINC00942	AvC	chr12	1500454	1510830	lncRNA
ENSG00000249631	AvC	chr4	11624720	11845730	lncRNA
HOXC13-AS	AvC	chr12	53935250	53939692	lncRNA
SRD5A3-AS1	AvC	chr4	55363971	55396096	lncRNA
ENSG00000249741	AvC	chr4	143911514	143912053	processed_pseudogene
ENSG00000249752	AvC	chr4	149027445	149062522	lncRNA
ENPP7P10	AvC	chr4	9079023	9141608	unprocessed_pseudogene
ENSG00000249857	AvC	chr5	82940458	82940983	lncRNA
PVT1	AvC	chr8	127794513	128188202	lncRNA
LINC02742	AvC	chr11	28702301	29064322	lncRNA
RNF103-CHMP3	AvC	chr2	86505668	86721122	protein_coding
ITGA2-AS1	AvC	chr5	52930606	52990278	lncRNA
LINC00536	AvC	chr8	115950511	116451731	lncRNA
LINC02891	AvC	chr22	20198729	20212221	lncRNA
GOLGA8K	AvC	chr15	32389599	32403292	protein_coding
TMEM158	AvC	chr3	45224466	45226287	protein_coding
PPIC-AS1	AvC	chr5	123036162	123054667	lncRNA
SLC7A11-AS1	AvC	chr4	138057464	138178177	lncRNA
ENSG00000250057	AvC	chr4	83233512	83247213	lncRNA
ESAM-AS1	AvC	chr11	124758841	124766832	lncRNA
NREP-AS1	AvC	chr5	111912508	112017309	lncRNA
ENSG00000250098	AvC	chr4	12947559	12948862	lncRNA
ENSG00000250111	AvC	chr17	18835707	18842364	transcribed_unprocessed_pseudogene
ENSG00000250137	AvC	chr4	23560923	23768652	lncRNA
PKD2L2-DT	AvC	chr5	137757764	137889434	lncRNA
ENSG00000250195	AvC	chr4	138819954	139015467	lncRNA
ENSG00000250230	AvC	chr11	61587594	61608124	lncRNA
LINC01612	AvC	chr4	170226496	170284885	lncRNA
LINC02762	AvC	chr11	112270707	112376036	lncRNA
LINC00989	AvC	chr4	79491802	79623479	lncRNA
ENSG00000250362	AvC	chr5	95861754	95936220	lncRNA
ENSG00000250424	AvC	chr7	30852273	30923812	protein_coding
ENSG00000250522	AvC	chr4	105540190	105552437	lncRNA
ENSG00000250596	AvC	chr4	174539189	174540255	transcribed_processed_pseudogene
NUDT16-DT	AvC	chr3	131276183	131381656	lncRNA
YPEL3-DT	AvC	chr16	30096363	30105193	lncRNA
LINC01182	AvC	chr4	13654295	14254578	lncRNA
ENSG00000250643	AvC	chr3	129946209	130003557	lncRNA
ENSG00000250644	AvC	chr11	1734821	1763954	protein_coding
ENSG00000250646	AvC	chr4	55053060	55092534	lncRNA
ENSG00000250657	AvC	chr4	43340875	43345600	lncRNA
ENSG00000250658	AvC	chr4	187226515	187505647	lncRNA
ENSG00000250697	AvC	chr5	32810721	33298066	lncRNA
OR7E99P	AvC	chr4	4156522	4157443	transcribed_unprocessed_pseudogene
LINC02381	AvC	chr12	54126019	54147485	lncRNA
MSRB3-AS1	AvC	chr12	65466820	65642372	lncRNA
ENSG00000250753	AvC	chr4	49579833	49580189	processed_pseudogene
ENSG00000250770	AvC	chr12	3298210	3337202	transcribed_unprocessed_pseudogene
ZBED3-AS1	AvC	chr5	77086688	77166909	lncRNA
ZNF475	AvC	chr5	122129622	122184959	protein_coding
ENSG00000250892	AvC	chr4	201409	205009	unprocessed_pseudogene
ENSG00000250994	AvC	chr5	134436495	134492933	lncRNA
ZFPM2-AS1	AvC	chr8	105546089	106060524	lncRNA
LINC01950	AvC	chr5	106815197	107011052	lncRNA
ENSG00000251034	AvC	chr8	22481588	22553444	lncRNA
ENSG00000251127	AvC	chr8	61759094	61765969	lncRNA
PARAIL	AvC	chr8	89545423	89902429	lncRNA
TRPC6P7	AvC	chr4	184910889	184911352	processed_pseudogene
ENSG00000251152	AvC	chr4	11469250	11478196	lncRNA
LINC00589	AvC	chr8	29654314	29770539	lncRNA
TILRLS	AvC	chr5	67268022	67270182	lncRNA
EFNA4-EFNA3	AvC	chr1	155063748	155086807	protein_coding
ZNF345	AvC	chr19	36850338	36913029	protein_coding
ALG1L2	AvC	chr3	130081831	130113227	protein_coding
ENSG00000251313	AvC	chr4	9030286	9031066	processed_pseudogene
ENSG00000251357	AvC	chr22	23862188	23895223	protein_coding
ENSG00000251361	AvC	chr5	93019663	93261424	lncRNA
SYT9-AS1	AvC	chr11	7418826	7513675	lncRNA
AIDAP2	AvC	chr4	158277758	158278676	transcribed_processed_pseudogene
LINC01094	AvC	chr4	78623173	78769640	lncRNA
RPL32P3	AvC	chr3	129396218	129397109	transcribed_unprocessed_pseudogene
SNX18P24	AvC	chr4	49561479	49562149	processed_pseudogene
ENSG00000251630	AvC	chr4	49561285	49561470	processed_pseudogene
PRB1	AvC	chr12	11351823	11355591	protein_coding
ENSG00000251867	AvC	chr8	80484561	80486699	lncRNA
RN7SKP190	AvC	chr16	82192505	82192790	misc_RNA
EGR3-AS1	AvC	chr8	22690150	22798616	lncRNA
ENSG00000253130	AvC	chr8	8555264	8574057	lncRNA
ENSG00000253154	AvC	chr8	85826258	85951088	lncRNA
LINC01605	AvC	chr8	37406399	37625873	lncRNA
ENSG00000253171	AvC	chr8	87974165	88019113	lncRNA
C8orf88	AvC	chr8	90958084	90985238	protein_coding
LINC02209	AvC	chr8	29920560	29953724	lncRNA
ENSG00000253282	AvC	chr8	101287361	101293783	lncRNA
SERPINE3	AvC	chr13	51335773	51364735	protein_coding
LINC01847	AvC	chr5	159698584	159937766	lncRNA
MAILR	AvC	chr8	102864029	103002424	lncRNA
ENSG00000253326	AvC	chr1	243054861	243056394	transcribed_processed_pseudogene
ENSG00000253334	AvC	chr8	81791823	81815714	lncRNA
ENSG00000253343	AvC	chr8	8555738	8560965	lncRNA
ENSG00000253348	AvC	chr5	170744869	170788724	lncRNA
TRNP1	AvC	chr1	26993692	27001912	protein_coding
LINC00534	AvC	chr8	90221341	90687863	lncRNA
IKBKB-DT	AvC	chr8	42233662	42271275	lncRNA
ENSG00000253452	AvC	chr8	35862123	36193866	lncRNA
ENSG00000253476	AvC	chr8	25425521	25426580	lncRNA
ENSG00000253477	AvC	chr8	103483398	103501676	lncRNA
ENSG00000253503	AvC	chr8	82514568	82677245	lncRNA
MIR3142HG	AvC	chr5	160438594	160600965	lncRNA
ENSG00000253524	AvC	chr8	36004310	36095295	lncRNA
CA3-AS1	AvC	chr8	85440537	85469968	lncRNA
ENSG00000253557	AvC	chr8	19084992	19259469	lncRNA
SLC10A5	AvC	chr8	81693631	81695058	protein_coding
ENSG00000253607	AvC	chr8	123002560	123030751	lncRNA
ENSG00000253666	AvC	chr8	100415940	100515173	lncRNA
GASAL1	AvC	chr8	102804677	102810044	lncRNA
ENSG00000253690	AvC	chr8	28250063	28339255	lncRNA
ENSG00000253699	AvC	chr8	86180418	86212468	lncRNA
VIRMA-DT	AvC	chr8	94553461	94594794	lncRNA
ENSG00000253715	AvC	chr8	142785374	142812120	lncRNA
ENSG00000253736	AvC	chr5	172762980	172788112	lncRNA
OTUD6B-AS1	AvC	chr8	91059318	91070583	lncRNA
CFAP418-AS1	AvC	chr8	95204456	95811254	lncRNA
ENSG00000253796	AvC	chr8	108871128	109063417	lncRNA
LINC01170	AvC	chr5	124059664	124438655	lncRNA
ENSG00000253853	AvC	chr8	2726956	2926722	lncRNA
ENSG00000253882	AvC	chr7	143833245	143833869	transcribed_unprocessed_pseudogene
MTUS1-DT	AvC	chr8	17801345	17861069	lncRNA
LINC02995	AvC	chr5	173578275	173585068	lncRNA
CLDN23	AvC	chr8	8701937	8704096	protein_coding
MAL2-AS1	AvC	chr8	119214625	119246857	lncRNA
GRHL2-DT	AvC	chr8	101460005	101493338	lncRNA
CRYZL2P-SEC16B	AvC	chr1	177928788	178038007	lncRNA
CASC19	AvC	chr8	127072694	127227541	lncRNA
WWP1-AS1	AvC	chr8	86333274	86343429	lncRNA
ENSG00000254258	AvC	chr8	139460062	139463016	lncRNA
ENSG00000254261	AvC	chr9	26746953	26806256	lncRNA
ENSG00000254277	AvC	chr8	71675133	71774483	lncRNA
LINC03021	AvC	chr8	2637089	2728577	lncRNA
NDST1-AS1	AvC	chr5	150475517	150486187	lncRNA
ENSG00000254343	AvC	chr8	120052180	120056201	lncRNA
RHPN1-AS1	AvC	chr8	143366422	143368637	lncRNA
ENSG00000254396	AvC	chr9	27102630	27104728	lncRNA
LINC02584	AvC	chr11	70072065	70085346	lncRNA
AP5B1	AvC	chr11	65773898	65780976	protein_coding
ENSG00000254471	AvC	chr11	79987513	79989630	processed_pseudogene
LINC02749	AvC	chr11	4175885	4202669	lncRNA
ENSG00000254526	AvC	chr11	29159956	29437348	lncRNA
LINC02755	AvC	chr11	29265928	29989328	lncRNA
ENSG00000254539	AvC	chr1	149048576	149051273	lncRNA
ENSG00000254605	AvC	chr11	70012962	70021059	lncRNA
ENSG00000254610	AvC	chr11	67955482	67955690	transcribed_unprocessed_pseudogene
ENSG00000254687	AvC	chr8	53177571	53242683	lncRNA
ENSG00000254733	AvC	chr11	86431435	86623483	lncRNA
ENSG00000254777	AvC	chr8	60909661	61027486	lncRNA
ENSG00000254802	AvC	chr8	60960976	60967833	lncRNA
LINC02551	AvC	chr11	130807889	130865561	lncRNA
NECTIN1-DT	AvC	chr11	119728499	119822146	lncRNA
ENSG00000254859	AvC	chr8	143541941	143553609	lncRNA
LGR4-AS1	AvC	chr11	27471168	27513795	lncRNA
ENSG00000254951	AvC	chr11	7754393	7906289	lncRNA
ENSG00000254979	AvC	chr11	57387365	57424059	protein_coding
ENSG00000254991	AvC	chr11	12066222	12073353	lncRNA
ENSG00000255026	AvC	chr11	287305	288987	lncRNA
ENSG00000255031	AvC	chr11	68050740	68053839	lncRNA
SAA2-SAA4	AvC	chr11	18231423	18248635	protein_coding
ZNF286A-TBC1D26	AvC	chr17	15699552	15745940	protein_coding
HSPD1P3	AvC	chr8	7418991	7420546	processed_pseudogene
TTC12-DT	AvC	chr11	113278250	113314482	lncRNA
TOLLIP-DT	AvC	chr11	1309769	1310707	lncRNA
ENSG00000255191	AvC	chr11	69985876	70015815	lncRNA
ENSG00000255202	AvC	chr11	33665220	33696701	lncRNA
CCDC90B-AS1	AvC	chr11	83286120	83423516	lncRNA
ENSG00000255241	AvC	chr11	88098591	88115835	lncRNA
ENSG00000255289	AvC	chr8	60660743	60664536	lncRNA
CSRP3-AS1	AvC	chr11	19196741	19310726	lncRNA
ENPP7P8	AvC	chr11	71722052	71781183	transcribed_unprocessed_pseudogene
NOX5	AvC	chr15	69014695	69062762	protein_coding
LINC02761	AvC	chr11	76210933	76236865	lncRNA
ENSG00000255367	AvC	chr11	3424394	3605899	lncRNA
HCAR3	AvC	chr12	122714756	122716811	protein_coding
LINC02989	AvC	chr11	12080366	12091471	lncRNA
EEF1A1P47	AvC	chr11	29275655	29276565	processed_pseudogene
ENSG00000255478	AvC	chr11	65367438	65375299	lncRNA
ENSG00000255516	AvC	chr11	88043767	88062438	lncRNA
CD44-DT	AvC	chr11	35132655	35139311	lncRNA
B3GAT1-DT	AvC	chr11	134412267	134532225	lncRNA
ENSG00000255557	AvC	chr11	65745729	65771585	lncRNA
ENSG00000255558	AvC	chr11	13054615	13134839	lncRNA
MIR9-3HG	AvC	chr15	89361579	89424983	lncRNA
LINC02952	AvC	chr11	69434207	69444962	lncRNA
C10orf88B	AvC	chr10	122879851	122898024	transcribed_processed_pseudogene
ENSG00000255639	AvC	chr12	4649101	4774184	protein_coding
ENSG00000255663	AvC	chr11	114400682	114443932	protein_coding
ENSG00000255856	AvC	chr12	122007434	122020063	lncRNA
ENSG00000255872	AvC	chr9	37588413	38068687	protein_coding
PRECSIT	AvC	chr13	110863987	110870476	lncRNA
ENSG00000255910	AvC	chr12	19775348	20132472	lncRNA
MT1JP	AvC	chr16	56635818	56636943	transcribed_unprocessed_pseudogene
ENSG00000256029	AvC	chr1	159834474	159873053	protein_coding
ENSG00000256139	AvC	chr12	109111143	109125594	lncRNA
ENSG00000256195	AvC	chr11	114332415	114396219	lncRNA
SMIM3	AvC	chr5	150778741	150796736	protein_coding
ENSG00000256249	AvC	chr12	122687125	122715979	lncRNA
DDX11L8	AvC	chr12	12310	13501	unprocessed_pseudogene
ENSG00000256306	AvC	chr12	13509641	13547582	lncRNA
OR8R1P	AvC	chr11	73248779	73249867	unprocessed_pseudogene
LINC02552	AvC	chr11	104445868	104609498	lncRNA
ENSG00000256433	AvC	chr12	6393879	6396148	lncRNA
POLG2	AvC	chr17	64477781	64497071	protein_coding
LINC02985	AvC	chr12	122063214	122068786	lncRNA
ENPP7P5	AvC	chr12	8254527	8308855	transcribed_unprocessed_pseudogene
ENSG00000256646	AvC	chr7	42909273	42932214	protein_coding
ENSG00000256657	AvC	chr12	11196075	11196996	unprocessed_pseudogene
ENSG00000256673	AvC	chr12	9398355	9414851	transcribed_unprocessed_pseudogene
ZNF253	AvC	chr19	19865881	19894674	protein_coding
C17orf100	AvC	chr17	6651762	6693202	protein_coding
ENSG00000256915	AvC	chr12	65622273	65663299	lncRNA
ENSG00000256947	AvC	chr11	114210616	114356571	lncRNA
ENSG00000256955	AvC	chr12	131855699	131864542	lncRNA
ENSG00000256966	AvC	chr9	37512547	37592469	protein_coding
SLCO1B3-SLCO1B7	AvC	chr12	20815674	21090245	protein_coding
LINC02417	AvC	chr12	3366232	3371613	lncRNA
ENSG00000257065	AvC	chr6	143807092	143844617	protein_coding
FOXG1-AS1	AvC	chr14	28723436	28766589	lncRNA
ODC1-DT	AvC	chr2	10448640	10457693	lncRNA
LINC02385	AvC	chr12	104170395	104177661	lncRNA
LNCOG	AvC	chr12	76252271	76305969	lncRNA
ENSG00000257221	AvC	chr12	108628646	108659171	lncRNA
MIRLET7IHG	AvC	chr12	62602752	62622213	lncRNA
ENSG00000257373	AvC	chr12	42979254	42996486	lncRNA
ENSG00000257474	AvC	chr12	79540194	79550998	lncRNA
LINC02354	AvC	chr12	47826854	47837898	lncRNA
ENSG00000257543	AvC	chr12	101408372	101409060	lncRNA
HLX-AS1	AvC	chr1	220832763	220881473	lncRNA
AQP5-AS1	AvC	chr12	49951512	49975539	lncRNA
ENSG00000257639	AvC	chr16	21532945	21550373	transcribed_unprocessed_pseudogene
ENSG00000257672	AvC	chr14	18614388	18614561	transcribed_processed_pseudogene
MGAM2	AvC	chr7	142111718	142222324	protein_coding
LINC02445	AvC	chr12	73758630	73846263	lncRNA
ENSG00000257831	AvC	chr14	31248628	31302739	lncRNA
ENSG00000257849	AvC	chr12	42869619	43053151	lncRNA
ENSG00000257869	AvC	chr14	28318046	28418612	lncRNA
SYT1-AS1	AvC	chr12	79341199	79503396	lncRNA
LINC02258	AvC	chr12	87768814	87813114	lncRNA
ENSG00000257925	AvC	chr12	47237734	47279021	lncRNA
ENSG00000258077	AvC	chr12	75523586	75984015	lncRNA
LINC03056	AvC	chr12	63292622	63360068	lncRNA
MKRN9P	AvC	chr12	87783118	87784568	transcribed_processed_pseudogene
ENSG00000258130	AvC	chr16	30204571	30205090	transcribed_unprocessed_pseudogene
ENSG00000258150	AvC	chr16	29465222	29465741	transcribed_unprocessed_pseudogene
ENSG00000258210	AvC	chr12	110387463	110445548	lncRNA
LINC02461	AvC	chr12	43155315	43163110	lncRNA
LINC02320	AvC	chr14	101628309	101760448	lncRNA
LONRF2P4	AvC	chr15	21344548	21345085	processed_pseudogene
LONRF2P3	AvC	chr15	20775464	20775998	processed_pseudogene
LINC00641	AvC	chr14	21200079	21206900	lncRNA
LINC00239	AvC	chr14	101730437	101732534	lncRNA
CRAT37	AvC	chr15	91373681	91653390	lncRNA
SYNE3-AS1	AvC	chr14	95516116	95517913	lncRNA
NBEAP1	AvC	chr15	20657638	20688408	transcribed_unprocessed_pseudogene
LINC01629	AvC	chr14	76959552	76970795	lncRNA
GZMH-AS1	AvC	chr14	24595723	24657774	lncRNA
LINC01397	AvC	chr1	110082638	110138881	lncRNA
ENSG00000258687	AvC	chr14	50848122	50865659	lncRNA
LINC01269	AvC	chr14	70697948	70714886	lncRNA
ENSG00000258691	AvC	chr14	96204844	96263929	protein_coding
LINC01193	AvC	chr15	20940380	21058440	lncRNA
LINC02328	AvC	chr14	85911438	86161539	lncRNA
ENSG00000258760	AvC	chr14	65236480	65318790	lncRNA
CDRT15P13	AvC	chr14	19228898	19229945	unprocessed_pseudogene
LINC00520	AvC	chr14	55781132	55796731	lncRNA
ENSG00000258811	AvC	chr14	104842663	104845916	lncRNA
DUX4L4	AvC	chr4	190081118	190082386	unprocessed_pseudogene
SALRNA1	AvC	chr14	60639216	60642589	lncRNA
LINC00519	AvC	chr14	51304101	51331955	lncRNA
NF1P2	AvC	chr15	21927657	21946641	unprocessed_pseudogene
HSPA2-AS1	AvC	chr14	64508815	64540369	lncRNA
SIPA1L1-AS1	AvC	chr14	71292719	71321892	lncRNA
LINC00928	AvC	chr15	89504909	89524049	lncRNA
MIR4713HG	AvC	chr15	51037174	51322480	lncRNA
ENSG00000259283	AvC	chr16	55259969	55333588	lncRNA
ZHX1-C8orf76	AvC	chr8	123226189	123274284	protein_coding
JDP2-AS1	AvC	chr14	75394920	75427898	lncRNA
LINC03080	AvC	chr15	99405525	99452743	lncRNA
TMC3-AS1	AvC	chr15	81324301	81696991	lncRNA
SLC30A4-AS1	AvC	chr15	45448427	45519668	lncRNA
ENSG00000259362	AvC	chr15	77525540	77534110	lncRNA
TGIF2-RAB5IF	AvC	chr20	36574553	36612384	protein_coding
ENSG00000259442	AvC	chr15	82744223	82750289	lncRNA
LINC02568	AvC	chr15	63381711	63438320	lncRNA
ENSG00000259548	AvC	chr15	79832466	79833554	lncRNA
ENSG00000259553	AvC	chr15	101959227	101963416	lncRNA
ENSG00000259560	AvC	chr15	87307177	87703857	lncRNA
ST20-AS1	AvC	chr15	79922771	79927304	lncRNA
ENSG00000259675	AvC	chr15	61298791	61715216	lncRNA
ENSG00000259711	AvC	chr16	54934837	54954671	lncRNA
LINC00677	AvC	chr14	103119558	103123094	lncRNA
LINC01581	AvC	chr15	93905405	94107938	lncRNA
ENSG00000259828	AvC	chr6	141447011	141451006	lncRNA
AQP7B	AvC	chr2	94587101	94612744	protein_coding
ENSG00000259925	AvC	chr16	19343647	19401693	lncRNA
ENSG00000259946	AvC	chr1	97967005	97968814	lncRNA
TGFBR3L	AvC	chr19	7914803	7919097	protein_coding
LINC02189	AvC	chr16	86720575	86722042	lncRNA
HOXB7	AvC	chr17	48607232	48633572	protein_coding
ENSG00000260077	AvC	chr2	10034314	10044450	lncRNA
ENSG00000260118	AvC	chrX	68013470	68014901	lncRNA
CA5AP1	AvC	chr16	29618785	29636328	transcribed_unprocessed_pseudogene
ENSG00000260136	AvC	chr16	23452719	23457634	lncRNA
ENSG00000260177	AvC	chr16	87779815	87806631	lncRNA
LINC02240	AvC	chr5	124808887	125602227	lncRNA
CENPN-AS1	AvC	chr16	81016792	81035759	lncRNA
CD2BP2-DT	AvC	chr16	30354665	30363713	lncRNA
ENSG00000260244	AvC	chr4	155734448	155737062	lncRNA
ENSG00000260257	AvC	chr20	32856621	32858751	lncRNA
SLX1B-SULT1A4	AvC	chr16	29455105	29464963	lncRNA
ITFG1-AS1	AvC	chr16	47144260	47162749	lncRNA
ENSG00000260306	AvC	chr16	21794095	21795759	lncRNA
ENSG00000260328	AvC	chr17	17011910	17015052	lncRNA
ENSG00000260345	AvC	chr16	57461055	57462737	lncRNA
SMG1-DT	AvC	chr16	18925912	18937453	lncRNA
ENSG00000260368	AvC	chr8	100913247	100914388	lncRNA
AQP4-AS1	AvC	chr18	26655505	27190698	lncRNA
ENSG00000260381	AvC	chr16	50100339	50153059	lncRNA
LINC00562	AvC	chr13	47930153	47932622	lncRNA
ENSG00000260400	AvC	chr10	68698500	68700794	lncRNA
ENSG00000260401	AvC	chr11	73238975	73242335	lncRNA
ENSG00000260412	AvC	chr9	27937617	27944497	lncRNA
ENSG00000260417	AvC	chr16	85592266	85595720	lncRNA
ENSG00000260418	AvC	chr6	136335714	136336087	lncRNA
LINC02367	AvC	chr12	9341059	9400387	lncRNA
ENSG00000260430	AvC	chr16	19086831	19098332	lncRNA
ENSG00000260495	AvC	chr16	81310731	81313423	lncRNA
ENSG00000260536	AvC	chr20	32843128	32854257	lncRNA
MT1L	AvC	chr16	56617563	56618680	transcribed_unprocessed_pseudogene
ENSG00000260555	AvC	chr7	150000752	150005124	lncRNA
ENSG00000260578	AvC	chr18	67481791	67484966	lncRNA
TGILR	AvC	chr6	3893029	3913718	lncRNA
ENSG00000260612	AvC	chr16	71726975	71727992	lncRNA
ENSG00000260618	AvC	chr15	52577842	52598709	lncRNA
ENSG00000260628	AvC	chr16	31975803	32004957	transcribed_unprocessed_pseudogene
TSPAN5-DT	AvC	chr4	98658758	98695568	lncRNA
ENSG00000260645	AvC	chr6	80466958	80469080	lncRNA
ENSG00000260679	AvC	chr11	69921614	69926906	lncRNA
ANKRD20A1	AvC	chr9	67832765	67920552	protein_coding
TBC1D22A-DT	AvC	chr22	46761879	46762613	lncRNA
ENSG00000260725	AvC	chr19	28418483	28429490	lncRNA
ENSG00000260750	AvC	chr16	87595131	87600337	lncRNA
CES1P2	AvC	chr16	55728115	55750111	transcribed_unprocessed_pseudogene
ARHGAP23P1	AvC	chr16	33907419	33937024	transcribed_unprocessed_pseudogene
CASC17	AvC	chr17	71097774	71202203	lncRNA
LINC01963	AvC	chr2	216217045	216246041	lncRNA
ENSG00000260823	AvC	chr16	56609501	56611375	lncRNA
FBXL19-AS1	AvC	chr16	30919319	30923279	lncRNA
ENSG00000260895	AvC	chr11	69103493	69109094	lncRNA
LINC02890	AvC	chr16	22612543	22613483	lncRNA
SWINGN	AvC	chr13	113923052	113928991	lncRNA
ENSG00000260912	AvC	chr9	19453209	19455173	lncRNA
ENSG00000260920	AvC	chr1	40464319	40466767	lncRNA
LINC00622	AvC	chr1	119597702	119599271	lncRNA
FOXC2-AS1	AvC	chr16	86564951	86569019	lncRNA
ENSG00000260948	AvC	chr1	111431046	111433068	lncRNA
ENSG00000260953	AvC	chr16	29261105	29264680	lncRNA
ENSG00000260973	AvC	chr16	22610531	22612196	lncRNA
DOCK9-DT	AvC	chr13	99087819	99088625	lncRNA
ENSG00000261019	AvC	chr7	42901272	42902639	lncRNA
ENSG00000261024	AvC	chr1	185332903	185333280	transcribed_processed_pseudogene
MPHOSPH6-DT	AvC	chr16	82170285	82247221	lncRNA
ENSG00000261036	AvC	chr5	120345907	120410969	lncRNA
WFDC21P	AvC	chr17	60085109	60088286	transcribed_unitary_pseudogene
ENSG00000261048	AvC	chr15	20890206	20890606	processed_pseudogene
ENSG00000261051	AvC	chr3	146059585	146061679	lncRNA
ENSG00000261063	AvC	chr16	77201474	77249957	lncRNA
ENSG00000261070	AvC	chr11	69147228	69171564	lncRNA
CDC37P2	AvC	chr16	28413703	28415018	processed_pseudogene
ENSG00000261104	AvC	chr2	9106593	9109865	lncRNA
LINC02473	AvC	chr4	24659856	24671568	lncRNA
ADAMTS7P3	AvC	chr15	77976042	77993057	transcribed_unprocessed_pseudogene
EPPK1	AvC	chr8	143857324	143878467	protein_coding
ENSG00000261170	AvC	chr16	74422120	74441937	lncRNA
LINC02188	AvC	chr16	86710122	86761490	lncRNA
ENSG00000261197	AvC	chr16	34051140	34051363	processed_pseudogene
PLA2G10JP	AvC	chr16	30218220	30221930	transcribed_unprocessed_pseudogene
LINC02133	AvC	chr16	47724568	47908433	lncRNA
HSD17B2-AS1	AvC	chr16	82044328	82139631	lncRNA
ENSG00000261260	AvC	chr16	71288767	71309963	lncRNA
QKILA	AvC	chr4	139564295	139666068	lncRNA
ENSG00000261285	AvC	chr16	82491738	82575518	lncRNA
ENSG00000261335	AvC	chr17	76671896	76673658	lncRNA
PECAM1	AvC	chr17	64319415	64413776	protein_coding
COQ7-DT	AvC	chr16	19062144	19089487	lncRNA
ENSG00000261468	AvC	chr3	30695664	30699576	lncRNA
TBILA	AvC	chr3	112133423	112135359	lncRNA
ENSG00000261522	AvC	chr2	94582873	94585473	transcribed_unprocessed_pseudogene
ENSG00000261523	AvC	chr16	14695567	14707055	lncRNA
ENSG00000261542	AvC	chr8	63215981	63218034	lncRNA
ENSG00000261543	AvC	chr15	74152788	74179415	lncRNA
ENSG00000261554	AvC	chr15	20893383	20893980	processed_pseudogene
AGK-DT	AvC	chr7	141499913	141551345	lncRNA
ENSG00000261584	AvC	chr6	26686241	26687964	lncRNA
GAN	AvC	chr16	81314944	81390884	protein_coding
LINC02605	AvC	chr8	78835307	78840525	lncRNA
ENSG00000261628	AvC	chr15	30899480	30900327	unprocessed_pseudogene
ENSG00000261646	AvC	chr4	173467833	173470041	lncRNA
ENSG00000261717	AvC	chr16	75412684	75464706	protein_coding
ENSG00000261774	AvC	chr16	72278268	72278568	processed_pseudogene
LINC02582	AvC	chr18	73324757	73392162	lncRNA
ENSG00000261786	AvC	chr3	44117299	44122365	lncRNA
ENSG00000261790	AvC	chr16	1984877	1990477	lncRNA
LOXL1-AS1	AvC	chr15	73898471	73928296	lncRNA
LINC00662	AvC	chr19	27681072	27794005	lncRNA
ENSG00000261832	AvC	chr16	28456371	28492098	protein_coding
ENSG00000261996	AvC	chr17	6653464	6655009	lncRNA
ENSG00000262140	AvC	chr16	71833787	71835932	unprocessed_pseudogene
ENSG00000262362	AvC	chr16	2981174	3005130	lncRNA
TXNP4	AvC	chr17	4572206	4572515	processed_pseudogene
SPON1	AvC	chr11	13962694	14268133	protein_coding
ENSG00000262681	AvC	chr17	19719059	19722428	lncRNA
ENSG00000262714	AvC	chr16	53386944	53389085	lncRNA
ENSG00000262801	AvC	chr16	13246181	13563388	lncRNA
ENSG00000263033	AvC	chr16	11196177	11224969	lncRNA
ENSG00000263212	AvC	chr16	3458071	3515564	lncRNA
LINC03107	AvC	chr16	14407668	14418908	lncRNA
ENSG00000263325	AvC	chr16	2856503	2861801	lncRNA
RN7SL471P	AvC	chr6	28977475	28977773	misc_RNA
LINC01919	AvC	chr18	53568437	53629995	lncRNA
MIR4455	AvC	chr4	184938383	184938440	miRNA
ENSG00000263745	AvC	chr18	1883253	2489426	lncRNA
ENSG00000263923	AvC	chr4	98928897	98995001	lncRNA
ANXA8L1	AvC	chr10	46375587	46391784	protein_coding
DYM-AS1	AvC	chr18	49021705	49048610	lncRNA
ZNF236-DT	AvC	chr18	76794732	76822295	lncRNA
MIR4520-1	AvC	chr17	6655440	6655509	miRNA
ENSG00000264666	AvC	chr17	17591428	17632141	lncRNA
LINC01912	AvC	chr18	68258079	68264837	lncRNA
DSG2-AS1	AvC	chr18	31542146	31556948	lncRNA
ENSG00000264860	AvC	chr17	73164977	73196593	lncRNA
ENSG00000265031	AvC	chr17	64425069	64425170	miRNA
GJA5	AvC	chr1	147756199	147773362	protein_coding
ANXA8	AvC	chr10	47460162	47484175	protein_coding
ENSG00000265359	AvC	chr17	40850800	40898431	lncRNA
GLUD1P2	AvC	chr10	46770739	46776833	transcribed_unprocessed_pseudogene
ENSG00000265394	AvC	chr17	30090366	30117873	lncRNA
ENSG00000265478	AvC	chr17	18809956	18810940	lncRNA
ENSG00000265519	AvC	chr17	15787787	15788205	lncRNA
DSEL-AS1	AvC	chr18	67516546	67930010	lncRNA
LINC01970	AvC	chr17	82290046	82292814	lncRNA
ENSG00000265749	AvC	chr17	8365563	8381328	lncRNA
ENSG00000265750	AvC	chr18	24159509	24162211	lncRNA
ZNF488	AvC	chr10	47356520	47384325	protein_coding
CXADRP3	AvC	chr18	14478168	14479267	transcribed_processed_pseudogene
CYP4F35P	AvC	chr18	14338015	14338834	transcribed_unprocessed_pseudogene
PSMD3-AS1	AvC	chr17	39986405	40014718	lncRNA
DSCAS	AvC	chr18	31101540	31250873	lncRNA
GACAT2	AvC	chr18	8695856	8707721	lncRNA
TXNIP	AvC	chr1	145992435	145996580	protein_coding
GATA6-AS1	AvC	chr18	22087583	22169878	lncRNA
LINC00908	AvC	chr18	76528580	76693637	lncRNA
LINC01909	AvC	chr18	70335249	70399103	lncRNA
LINC02933	AvC	chr8	103383078	103383854	lncRNA
ENSG00000266302	AvC	chr17	16690261	16804453	protein_coding
LINC01927	AvC	chr18	76600734	76658718	lncRNA
LINC03146	AvC	chr17	27332721	27355415	lncRNA
RN7SL356P	AvC	chr14	76967518	76967765	misc_RNA
LINC01443	AvC	chr18	14946267	14974215	lncRNA
LONRF2P1	AvC	chr18	14450216	14450883	processed_pseudogene
ENSG00000266667	AvC	chr17	15379864	15417888	lncRNA
MIR5692C2	AvC	chr7	97964405	97964481	miRNA
MIR3149	AvC	chr8	76966768	76966850	miRNA
MYO15B	AvC	chr17	75587800	75626849	protein_coding
GAPLINC	AvC	chr18	3466200	3487049	lncRNA
MBP-AS1	AvC	chr18	76974690	76984162	lncRNA
ENSG00000266877	AvC	chr17	31583162	31637543	lncRNA
ENSG00000266931	AvC	chr2	87055658	87076060	transcribed_unprocessed_pseudogene
RPL35P10	AvC	chr19	3130717	3131398	processed_pseudogene
SOCS3-DT	AvC	chr17	78357451	78374619	lncRNA
ENSG00000267069	AvC	chr18	12278970	12291612	lncRNA
ENSG00000267130	AvC	chr19	33305036	33309389	lncRNA
ENSG00000267179	AvC	chr19	11925075	11979290	protein_coding
ZNF45-AS1	AvC	chr19	43901718	43935819	lncRNA
DPY19L3-DT	AvC	chr19	32347476	32407824	lncRNA
ZNF790-AS1	AvC	chr19	36776080	36831596	lncRNA
ENSG00000267295	AvC	chr17	60113793	60120687	unprocessed_pseudogene
CEBPA-DT	AvC	chr19	33301754	33305254	lncRNA
ENSG00000267320	AvC	chr19	28316705	28386204	lncRNA
SNHG30	AvC	chr17	35568050	35574900	lncRNA
ENSG00000267335	AvC	chr19	49022953	49036895	protein_coding
KDSR-DT	AvC	chr18	63366400	63381634	lncRNA
ATXN7L3-AS1	AvC	chr17	44198520	44234868	lncRNA
ENSG00000267404	AvC	chr18	36273574	36274599	processed_pseudogene
CLEC4OP	AvC	chr19	15852111	15863802	transcribed_unprocessed_pseudogene
ENSG00000267456	AvC	chr18	36278735	36279119	processed_pseudogene
NFE2L3P1	AvC	chr18	59969438	59971396	processed_pseudogene
LINC01836	AvC	chr19	782119	787548	lncRNA
ENSG00000267565	AvC	chr19	19892433	19895847	lncRNA
ENSG00000267627	AvC	chr18	35951797	35973919	lncRNA
ENSG00000267666	AvC	chr19	663448	669500	lncRNA
ERVK-28	AvC	chr19	27638483	27646483	lncRNA
ENSG00000267699	AvC	chr18	50968019	51058144	protein_coding
RDM1P3	AvC	chr17	68152776	68159043	transcribed_unprocessed_pseudogene
ENSG00000267737	AvC	chr17	78315729	78347798	lncRNA
ENSG00000267827	AvC	chr19	52130548	52171533	lncRNA
ENSG00000267879	AvC	chr19	50968193	51012129	lncRNA
ENSG00000267881	AvC	chr19	41708657	41756737	protein_coding
ENSG00000267922	AvC	chr19	46101122	46196218	lncRNA
ENSG00000267924	AvC	chr19	23817599	23874701	lncRNA
ZNF725P	AvC	chr19	23492428	23512656	transcribed_unprocessed_pseudogene
SLC6A14	AvC	chrX	116436606	116461458	protein_coding
SMIM17	AvC	chr19	56643159	56657247	protein_coding
ARL14EPL	AvC	chr5	116032324	116060118	protein_coding
ENSG00000268401	AvC	chr19	46027648	46031667	lncRNA
ENSG00000268460	AvC	chr19	46201552	46214838	lncRNA
ENSG00000268531	AvC	chr15	21368459	21370621	lncRNA
RAET1E-AS1	AvC	chr6	149863494	149919514	lncRNA
IGFL2-AS1	AvC	chr19	46189029	46203163	lncRNA
ENSG00000268649	AvC	chr20	58817132	58817725	lncRNA
ENSG00000268744	AvC	chr19	12379189	12401274	lncRNA
ESPNP	AvC	chr1	16691214	16720157	transcribed_unprocessed_pseudogene
ENSG00000268870	AvC	chr19	12391949	12441082	protein_coding
HOMER3-AS1	AvC	chr19	18940199	18947492	lncRNA
ENSG00000269107	AvC	chr19	23257255	23274232	lncRNA
TRABD2B	AvC	chr1	47760528	47997385	protein_coding
FBXO17	AvC	chr19	38941401	38976773	protein_coding
TMSB15C	AvC	chrX	104063871	104076236	protein_coding
ENSG00000269237	AvC	chr19	21405159	21491266	protein_coding
MAGIX	AvC	chrX	49162564	49168774	protein_coding
ENSG00000269495	AvC	chr19	50950185	50963649	lncRNA
CYP4F23P	AvC	chr19	15564074	15584709	transcribed_unprocessed_pseudogene
ENSG00000269707	AvC	chr2	104853285	104927722	lncRNA
CCDC194	AvC	chr19	17387196	17394196	protein_coding
ZNF528-AS1	AvC	chr19	52388836	52397807	lncRNA
IPO5P1	AvC	chr19	23255148	23255434	transcribed_processed_pseudogene
SPACA6-AS1	AvC	chr19	51685363	51693456	lncRNA
MIR222HG	AvC	chrX	45745210	45851873	lncRNA
GSE1-AS1	AvC	chr16	85578529	85584558	lncRNA
MICOS10-NBL1	AvC	chr1	19597067	19656927	protein_coding
ENSG00000270210	AvC	chr2	28425945	28426719	lncRNA
ENSG00000270236	AvC	chr9	69107926	69108217	processed_pseudogene
ENSG00000270259	AvC	chr9	137286112	137287236	processed_pseudogene
LINC03131	AvC	chr9	10948281	11065127	lncRNA
ENSG00000270402	AvC	chr19	19708965	19710465	processed_pseudogene
CAHM	AvC	chr6	163368306	163415456	lncRNA
ENSG00000270437	AvC	chr2	63083008	63087322	processed_pseudogene
LINC01235	AvC	chr9	13406323	13488125	lncRNA
ENSG00000270577	AvC	chr7	40115685	40115943	processed_pseudogene
ENSG00000270578	AvC	chr11	95145437	95146004	processed_pseudogene
TSIX	AvC	chrX	73792205	73829231	lncRNA
BUD13P1	AvC	chr11	95143637	95145125	processed_pseudogene
ENSG00000270726	AvC	chrX	156004218	156022236	lncRNA
CD2AP-DT	AvC	chr6	47476441	47478160	lncRNA
NF1P1	AvC	chr15	20916686	20935658	transcribed_unprocessed_pseudogene
ENSG00000270933	AvC	chr7	25948657	25950890	lncRNA
ENSG00000270977	AvC	chr17	35908474	35911651	transcribed_processed_pseudogene
ENSG00000271009	AvC	chr16	73060245	73062316	lncRNA
LRRC37A9P	AvC	chr17	35912635	35918010	transcribed_processed_pseudogene
ENSG00000271021	AvC	chrX	115454733	115455194	processed_pseudogene
ENSG00000271057	AvC	chr4	9020857	9021161	transcribed_processed_pseudogene
CTAGE15	AvC	chr7	143571801	143574387	protein_coding
ITGB8-AS1	AvC	chr7	20328284	20332030	lncRNA
TMCC1-DT	AvC	chr3	129893788	129918579	lncRNA
CTAGE6	AvC	chr7	143755089	143757696	protein_coding
ENSG00000271344	AvC	chr7	128690451	128691717	lncRNA
ENSG00000271375	AvC	chrY	11473727	11474237	processed_pseudogene
UNC5C-AS1	AvC	chr4	95548924	95552457	lncRNA
ENSG00000271553	AvC	chr7	128667043	128668156	lncRNA
PRKACB-DT	AvC	chr1	84076329	84078555	lncRNA
MILR1	AvC	chr17	64449037	64492770	protein_coding
ATP2B1-AS1	AvC	chr12	89708177	90143524	lncRNA
PDCD6IP-DT	AvC	chr3	33778710	33799029	lncRNA
IRF2-DT	AvC	chr4	184474666	184502681	lncRNA
ENSG00000271715	AvC	chr5	10269489	10269918	lncRNA
ENSG00000271933	AvC	chr10	84138420	84140582	lncRNA
ENSG00000272024	AvC	chr8	51950284	51950690	lncRNA
ENSG00000272079	AvC	chr16	3004871	3007388	lncRNA
ENSG00000272129	AvC	chr6	80355424	80356859	lncRNA
ENSG00000272154	AvC	chr5	141096205	141236089	lncRNA
CASC15	AvC	chr6	21664164	22660021	lncRNA
ENSG00000272202	AvC	chr3	57078905	57080101	lncRNA
MICA-AS1	AvC	chr6	31382711	31400793	lncRNA
ENSG00000272236	AvC	chr6	29751965	29752207	lncRNA
NUP153-AS1	AvC	chr6	17706083	17711324	lncRNA
IER3-AS1	AvC	chr6	30741859	30743736	lncRNA
ENSG00000272338	AvC	chr8	33360839	33361415	lncRNA
CD24	AvC	chr6	106969831	106975627	protein_coding
FAM47E-STBD1	AvC	chr4	76251721	76311129	protein_coding
ENSG00000272438	AvC	chr1	904786	921034	lncRNA
ENSG00000272473	AvC	chr19	769698	789808	lncRNA
LINC02098	AvC	chr11	128208749	128241441	lncRNA
ENSG00000272622	AvC	chr2	226794675	226813741	lncRNA
ENSG00000272630	AvC	chr10	73098044	73101297	lncRNA
ENSG00000272672	AvC	chr1	89939601	89940147	lncRNA
ENSG00000272682	AvC	chr22	19124309	19128449	lncRNA
LINC02018	AvC	chr3	75415069	75559909	lncRNA
GAS6-DT	AvC	chr13	113864112	113883253	lncRNA
SAP30-DT	AvC	chr4	173349543	173371866	lncRNA
MIOS-DT	AvC	chr7	7550104	7567012	lncRNA
ENSG00000272905	AvC	chr7	32845394	32846061	lncRNA
ENSG00000272983	AvC	chr10	38137337	38144399	lncRNA
CSGALNACT2-DT	AvC	chr10	43136823	43138334	lncRNA
LINC02035	AvC	chr3	122886941	122892423	lncRNA
CDC37L1-DT	AvC	chr9	4676587	4679807	lncRNA
ENSG00000273069	AvC	chr7	74606913	74607299	lncRNA
ENSG00000273088	AvC	chr1	155169409	155187272	protein_coding
DUSP5-DT	AvC	chr10	110399983	110496683	lncRNA
ENSG00000273156	AvC	chr4	82344876	82346842	lncRNA
ENSG00000273184	AvC	chr7	128455840	128493859	lncRNA
ENSG00000273209	AvC	chr2	201970945	202033537	lncRNA
TRABD-AS1	AvC	chr22	50199049	50201596	lncRNA
LINC03072	AvC	chr7	128516436	128531612	lncRNA
LINC03060	AvC	chr7	134368737	134432598	lncRNA
ENSG00000273305	AvC	chr2	95537969	95538469	lncRNA
TMEM167B-DT	AvC	chr1	109087971	109090858	lncRNA
ENSG00000273384	AvC	chr1	178644398	178652282	lncRNA
ENSG00000273399	AvC	chr9	14586766	14587326	lncRNA
LINC02725	AvC	chr11	128095758	128183671	lncRNA
ENSG00000273448	AvC	chr7	67333047	67334383	lncRNA
ENSG00000273552	AvC	chr13	27667315	27680581	lncRNA
ENSG00000273702	AvC	chr17	59617784	59620021	lncRNA
H2BC14	AvC	chr6	27815022	27815489	protein_coding
ENSG00000273724	AvC	chr16	30336400	30343336	transcribed_unprocessed_pseudogene
ENSG00000273956	AvC	chr16	21526820	21550374	lncRNA
ENSG00000273980	AvC	chr10	133257144	133257551	lncRNA
FAM27E3	AvC	chr9	67676480	67726979	lncRNA
MIR6724-2	AvC	chr21	8249505	8249596	miRNA
CASTOR2	AvC	chr7	74964705	75031528	protein_coding
ENSG00000274090	AvC	chr13	55516340	55583890	lncRNA
ALOX15P1	AvC	chr17	6657214	6661413	transcribed_unprocessed_pseudogene
ENSG00000274276	AvC	chr21	6444869	6467513	artifact
ADRA2B	AvC	chr2	96112876	96116571	protein_coding
H2BC6	AvC	chr6	26172059	26184655	protein_coding
ENSG00000274341	AvC	chr17	32408013	32408309	lncRNA
ZNF658	AvC	chr9	66856426	66932141	protein_coding
ENSG00000274372	AvC	chr1	148011348	148025934	lncRNA
ADAMTS7P1	AvC	chr15	82298553	82334609	transcribed_unprocessed_pseudogene
ENSG00000274378	AvC	chr17	60025859	60030746	transcribed_unprocessed_pseudogene
ENSG00000274414	AvC	chr20	25239007	25245229	lncRNA
ENSG00000274460	AvC	chr16	21950218	21953014	lncRNA
CYP4F59P	AvC	chr9	66049896	66050845	transcribed_unprocessed_pseudogene
ENSG00000274642	AvC	chr1	120197085	120319680	transcribed_unprocessed_pseudogene
MYO5BP1	AvC	chr9	41292887	41294125	processed_pseudogene
ENSG00000274712	AvC	chr17	68205669	68206238	transcribed_unprocessed_pseudogene
TRBV12-3	AvC	chr7	142560423	142560931	TR_V_gene
ENSG00000274863	AvC	chr20	18999096	19057020	lncRNA
ENSG00000274879	AvC	chr12	114929757	114929935	transcribed_processed_pseudogene
ENSG00000274922	AvC	chr13	112686769	112691109	lncRNA
ENSG00000274937	AvC	chr15	74374515	74375518	lncRNA
PDE4DIPP5	AvC	chr1	145509047	145520594	transcribed_unprocessed_pseudogene
ENSG00000275103	AvC	chr8	89826593	89833564	unprocessed_pseudogene
ENSG00000275106	AvC	chr7	128952527	128953316	TEC
ENSG00000275119	AvC	chr12	11212219	11251389	lncRNA
H4C13	AvC	chr6	27873148	27873534	protein_coding
PDE4DIPP2	AvC	chr1	120489860	120701289	transcribed_unprocessed_pseudogene
TRBV12-5	AvC	chr7	142580917	142581427	TR_V_gene
LINC02960	AvC	chr14	90382783	90388356	lncRNA
FAM242F	AvC	chr9	41657708	41699104	lncRNA
ENSG00000275297	AvC	chr9	41606953	41970697	lncRNA
H3C11	AvC	chr6	27871845	27872346	protein_coding
FCGBP	AvC	chr19	39863323	39934626	protein_coding
LINC01730	AvC	chr20	3808293	3812434	lncRNA
ENSG00000275512	AvC	chr18	35403996	35406528	lncRNA
STPG3-AS1	AvC	chr9	137250219	137253497	lncRNA
H2BC9	AvC	chr6	26251614	26252075	protein_coding
H3C1	AvC	chr6	26020451	26021487	protein_coding
ENSG00000275740	AvC	chr5	146203550	146339251	protein_coding
ENSG00000275767	AvC	chr1	144179777	144211729	unprocessed_pseudogene
RIMBP3	AvC	chr22	18605815	18611919	protein_coding
ARHGAP23	AvC	chr17	38419280	38512385	protein_coding
ENSG00000275993	AvC	chr21	6111131	6123778	artifact
ANKRD20A3P	AvC	chr9	66083960	66152966	transcribed_unprocessed_pseudogene
ENSG00000276257	AvC	chr9	66084804	66085031	processed_pseudogene
CNTNAP3P2	AvC	chr9	67059560	67293468	transcribed_unprocessed_pseudogene
H2BC3	AvC	chr6	26042771	26043713	protein_coding
ENSG00000276418	AvC	chr8	79918860	80080775	protein_coding
RN7SL462P	AvC	chr9	61427617	61427877	misc_RNA
RAB7B	AvC	chr1	205976740	206003461	protein_coding
ENSG00000276689	AvC	chrX	65786763	65787169	processed_pseudogene
ENSG00000276845	AvC	chr9	61944232	61945136	unprocessed_pseudogene
ENSG00000276850	AvC	chr10	47896904	47991968	lncRNA
ENSG00000276851	AvC	chr17	50094065	50094647	lncRNA
ENSG00000276855	AvC	chr17	15789016	15789705	lncRNA
SUNO1	AvC	chr19	33906352	33908393	lncRNA
ENSG00000277117	AvC	chr21	5022531	5036771	artifact
ENSG00000277128	AvC	chr14	19124807	19175530	lncRNA
ENSG00000277159	AvC	chr13	112602828	112606417	lncRNA
SDR42E1P2	AvC	chr9	42408526	42409006	processed_pseudogene
H2BC7	AvC	chr6	26199516	26199988	protein_coding
ENSG00000277287	AvC	chr20	3239696	3245382	lncRNA
ATP5F1AP10	AvC	chr9	66721158	66722760	processed_pseudogene
ENSG00000277304	AvC	chr16	32916974	32946392	unprocessed_pseudogene
SRCIN1	AvC	chr17	38530031	38605952	protein_coding
MARCKS	AvC	chr6	113857345	113863475	protein_coding
PKD1L3	AvC	chr16	71929538	72000402	protein_coding
ENSG00000277491	AvC	chr17	795306	795794	lncRNA
PGM5P3-AS1	AvC	chr9	72562	90820	lncRNA
ENSG00000277701	AvC	chr2	97276469	97291886	lncRNA
LINC02255	AvC	chr15	74379041	74393876	lncRNA
ENSG00000277737	AvC	chr9	43109866	43125905	transcribed_unprocessed_pseudogene
ENSG00000277748	AvC	chr19	46249394	46250163	transcribed_unprocessed_pseudogene
ENSG00000277855	AvC	chr3	71581601	71653387	lncRNA
ENSG00000277867	AvC	chr15	22714939	22715225	processed_pseudogene
NLRP3P1	AvC	chrX	107974078	107985008	transcribed_unprocessed_pseudogene
RDM1	AvC	chr17	35918066	35930773	protein_coding
ENSG00000278035	AvC	chr20	36233851	36234297	lncRNA
ENSG00000278075	AvC	chr18	79900555	79900903	lncRNA
P3R3URF-PIK3R3	AvC	chr1	46043661	46176488	protein_coding
ENSG00000278158	AvC	chr21	44241551	44242085	lncRNA
ENSG00000278192	AvC	chr20	6065966	6067897	lncRNA
CKAP2-DT	AvC	chr13	52454772	52455403	lncRNA
CHMP1B2P	AvC	chrX	80272065	80335227	transcribed_unitary_pseudogene
ENSG00000278546	AvC	chr17	31560132	31560573	lncRNA
ENSG00000278635	AvC	chr12	9415641	9416718	unprocessed_pseudogene
H4C1	AvC	chr6	26021649	26022847	protein_coding
ENSG00000278642	AvC	chr17	57955965	57956143	lncRNA
ENSG00000278665	AvC	chr16	28599241	28601881	unprocessed_pseudogene
FAM27B	AvC	chr9	67725690	67725902	transcribed_processed_pseudogene
ENSG00000278869	AvC	chr22	49933184	49935331	lncRNA
ENSG00000278899	AvC	chr6	149717621	149718900	lncRNA
ENSG00000278920	AvC	chr22	31051630	31068327	lncRNA
EPB41L4A-DT	AvC	chr5	112419583	112420978	lncRNA
ENSG00000279035	AvC	chr17	75130883	75133043	TEC
ENSG00000279048	AvC	chr7	17940503	17942926	TEC
ENSG00000279117	AvC	chr11	75260129	75262466	TEC
ENSG00000279118	AvC	chr5	126496279	126498604	TEC
IGSF3P1	AvC	chr13	18279320	18309934	transcribed_unprocessed_pseudogene
ENSG00000279136	AvC	chr16	769119	769443	TEC
ENSG00000279138	AvC	chr8	104478539	104480783	TEC
LINC01451	AvC	chr9	136612019	136625416	lncRNA
ENSG00000279164	AvC	chr20	23148086	23149939	TEC
ENSG00000279168	AvC	chr7	102579104	102679295	lncRNA
ENSG00000279207	AvC	chr17	58095672	58101479	TEC
ENSG00000279208	AvC	chr21	9369285	9376645	transcribed_unprocessed_pseudogene
ENSG00000279266	AvC	chr11	20131730	20135465	TEC
ENSG00000279267	AvC	chr2	113605867	113607908	TEC
ENSG00000279320	AvC	chr3	146504570	146506560	TEC
ENSG00000279329	AvC	chr19	34675717	34677581	TEC
ENSG00000279348	AvC	chr2	216211404	216213519	TEC
ENSG00000279352	AvC	chr18	14010054	14010917	TEC
ENSG00000279373	AvC	chr15	78537681	78538946	TEC
ENSG00000279406	AvC	chr10	71364243	71366374	TEC
ENSG00000279460	AvC	chr4	184984277	184988127	TEC
ENSG00000279493	AvC	chr21	5011799	5017145	artifact
ENSG00000279518	AvC	chr8	134783694	134785879	TEC
ENSG00000279631	AvC	chr10	22252072	22254589	TEC
ENSG00000279687	AvC	chr21	5073458	5087867	artifact
AQP7P3	AvC	chr9	65878766	65894790	transcribed_unprocessed_pseudogene
ENSG00000279742	AvC	chr11	85852557	85854943	TEC
ENSG00000279762	AvC	chr17	32423971	32446038	lncRNA
LINC00552	AvC	chr13	113748511	113751089	TEC
ENSG00000279791	AvC	chr2	97094935	97097433	TEC
ENSG00000279806	AvC	chr17	40473554	40475289	TEC
ENSG00000279821	AvC	chr5	177476631	177479656	TEC
ENSG00000279822	AvC	chr10	48443836	48445820	TEC
ENSG00000279955	AvC	chr9	65873098	65875699	transcribed_unprocessed_pseudogene
LINC03032	AvC	chr13	110123208	110125235	lncRNA
ENSG00000279982	AvC	chr10	131996738	131999846	TEC
ENSG00000280027	AvC	chr16	53391089	53392473	TEC
ENSG00000280029	AvC	chr5	141136683	141268592	lncRNA
ENSG00000280032	AvC	chr11	118264593	118266817	TEC
ENSG00000280037	AvC	chr2	73761269	73761781	TEC
ENSG00000280043	AvC	chr4	49229573	49231284	TEC
ENSG00000280071	AvC	chr21	5116341	5128369	artifact
ENSG00000280083	AvC	chr2	191154118	191156070	TEC
ENSG00000280163	AvC	chr16	67205175	67206849	TEC
ENSG00000280179	AvC	chr21	6084381	6091407	artifact
ENSG00000280191	AvC	chr21	6060340	6076305	artifact
ENSG00000280193	AvC	chr8	81696368	81698694	TEC
GGT4P	AvC	chr13	18253526	18270822	transcribed_unprocessed_pseudogene
ENSG00000280217	AvC	chr12	131235511	131237523	TEC
ENSG00000280341	AvC	chr22	15282557	15288670	lncRNA
ENSG00000280435	AvC	chr3	44115818	44117487	TEC
ENSG00000280655	AvC	chr15	21752278	21752710	IG_V_pseudogene
LINC02203	AvC	chr15	21552795	21653276	protein_coding
LINC01232	AvC	chr13	99479448	99501342	lncRNA
LL0XNC01-250H12.3	AvC	chrX	103404743	103518719	lncRNA
LINC01395	AvC	chr11	129612116	129617269	lncRNA
SCHLAP1	AvC	chr2	180692009	180916939	lncRNA
LINC00706	AvC	chr10	6772271	6779205	lncRNA
LINC01338	AvC	chr5	82807475	82860008	lncRNA
ENSG00000281333	AvC	chr12	88580531	88602193	lncRNA
NF1P9	AvC	chr15	21490354	21509404	transcribed_unprocessed_pseudogene
ENSG00000281386	AvC	chr11	129591491	129612649	lncRNA
CICP14	AvC	chr7	128655962	128658791	processed_pseudogene
SAMD12-AS1	AvC	chr8	118620498	118906164	lncRNA
EBLN3P	AvC	chr9	37034202	37090928	lncRNA
DUX4L7	AvC	chr4	190071232	190072506	unprocessed_pseudogene
LINC01080	AvC	chr13	80011077	80159070	lncRNA
ENSG00000281896	AvC	chr7	128617865	128625905	transcribed_unprocessed_pseudogene
ENSG00000282143	AvC	chr1	16656781	16670115	lncRNA
ENSG00000282218	AvC	chr6	117318211	117573571	protein_coding
ENSG00000282221	AvC	chr1	201399633	201401558	lncRNA
ENSG00000282393	AvC	chr19	248551	251571	lncRNA
FAM138F	AvC	chr19	76162	79204	lncRNA
ENSG00000282804	AvC	chr6	24797373	24809798	protein_coding
ENSG00000282807	AvC	chr19	71006	72719	lncRNA
CFH	TvC	chr1	196651754	196752476	protein_coding
ENPP4	TvC	chr6	46129964	46146699	protein_coding
SEMA3F	TvC	chr3	50155012	50189075	protein_coding
HS3ST1	TvC	chr4	11393150	11429564	protein_coding
AOC1	TvC	chr7	150824627	150861504	protein_coding
WNT16	TvC	chr7	121325367	121341104	protein_coding
ICA1	TvC	chr7	8113181	8262687	protein_coding
DBNDD1	TvC	chr16	90004871	90019890	protein_coding
SLC7A2	TvC	chr8	17496975	17570573	protein_coding
PDK4	TvC	chr7	95583497	95597638	protein_coding
PRSS22	TvC	chr16	2852728	2858210	protein_coding
HOXA11	TvC	chr7	27181157	27185232	protein_coding
THSD7A	TvC	chr7	11370365	11832198	protein_coding
PRKAR2B	TvC	chr7	107044627	107161811	protein_coding
CROT	TvC	chr7	87345664	87399800	protein_coding
ITGA2B	TvC	chr17	44372177	44389649	protein_coding
TMEM98	TvC	chr17	32927910	32945106	protein_coding
YBX2	TvC	chr17	7288263	7294639	protein_coding
TMEM132A	TvC	chr11	60924460	60937159	protein_coding
CACNA1G	TvC	chr17	50560715	50627474	protein_coding
ETV1	TvC	chr7	13891229	13991425	protein_coding
SCIN	TvC	chr7	12570577	12660182	protein_coding
PRSS21	TvC	chr16	2817180	2826304	protein_coding
AASS	TvC	chr7	122064583	122144489	protein_coding
NFIX	TvC	chr19	12995475	13098796	protein_coding
IL32	TvC	chr16	3064301	3082192	protein_coding
TRAF3IP3	TvC	chr1	209756032	209782320	protein_coding
POMT2	TvC	chr14	77274956	77320883	protein_coding
ETV7	TvC	chr6	36354091	36387800	protein_coding
GIPR	TvC	chr19	45668221	45683722	protein_coding
FUZ	TvC	chr19	49806866	49817376	protein_coding
PRSS3	TvC	chr9	33750679	33799231	protein_coding
FYN	TvC	chr6	111660332	111873475	protein_coding
TSPAN9	TvC	chr12	3077355	3286564	protein_coding
DCN	TvC	chr12	91140484	91183217	protein_coding
LDAF1	TvC	chr16	21158305	21181330	protein_coding
CD22	TvC	chr19	35319261	35347361	protein_coding
GPRC5A	TvC	chr12	12890782	12917937	protein_coding
MAMLD1	TvC	chrX	150361422	150514178	protein_coding
ACP3	TvC	chr3	132317369	132368302	protein_coding
CHDH	TvC	chr3	53812335	53846466	protein_coding
IL20RA	TvC	chr6	136999971	137045180	protein_coding
CLCA4	TvC	chr1	86547076	86580758	protein_coding
SLC11A1	TvC	chr2	218382029	218396894	protein_coding
WWTR1	TvC	chr3	149517235	149736714	protein_coding
ATP1A2	TvC	chr1	160115758	160143595	protein_coding
VSIG2	TvC	chr11	124747472	124752255	protein_coding
MARCO	TvC	chr2	118942172	118994664	protein_coding
CYP24A1	TvC	chr20	54153446	54173986	protein_coding
SNAI2	TvC	chr8	48917598	48921740	protein_coding
HGF	TvC	chr7	81699010	81770438	protein_coding
PLEKHB1	TvC	chr11	73646178	73662819	protein_coding
SERPINB1	TvC	chr6	2832332	2842001	protein_coding
OSBPL5	TvC	chr11	3087107	3166739	protein_coding
ALAS1	TvC	chr3	52198086	52214585	protein_coding
ABCC2	TvC	chr10	99782640	99852594	protein_coding
PLEKHO1	TvC	chr1	150149183	150164720	protein_coding
RRAGD	TvC	chr6	89364616	89412735	protein_coding
VIM	TvC	chr10	17228241	17237593	protein_coding
KCNG1	TvC	chr20	51003655	51023244	protein_coding
PRKCH	TvC	chr14	61187559	61550980	protein_coding
SH2D2A	TvC	chr1	156806235	156817014	protein_coding
POU2F2	TvC	chr19	42086110	42196585	protein_coding
BMAL2	TvC	chr12	27332836	27425289	protein_coding
ANK1	TvC	chr8	41653220	41896741	protein_coding
MUSK	TvC	chr9	110668779	110806558	protein_coding
ARHGAP31	TvC	chr3	119294352	119420714	protein_coding
FUT8	TvC	chr14	65410592	65744125	protein_coding
MAP2K3	TvC	chr17	21284672	21315240	protein_coding
CLXN	TvC	chr8	48710789	48735311	protein_coding
SH3YL1	TvC	chr2	217730	266398	protein_coding
DAPK2	TvC	chr15	63907036	64072033	protein_coding
SLC18A1	TvC	chr8	20144855	20183206	protein_coding
TLL1	TvC	chr4	165873237	166104457	protein_coding
VCAN	TvC	chr5	83471618	83582303	protein_coding
CDH1	TvC	chr16	68737292	68835540	protein_coding
DNAH5	TvC	chr5	13690328	14011818	protein_coding
RAI14	TvC	chr5	34656328	34832612	protein_coding
BEST2	TvC	chr19	12751702	12758458	protein_coding
RAB27B	TvC	chr18	54717857	54895516	protein_coding
TG	TvC	chr8	132866958	133134903	protein_coding
BARX2	TvC	chr11	129375848	129452279	protein_coding
JADE2	TvC	chr5	134523979	134583230	protein_coding
ADRB1	TvC	chr10	114043866	114046904	protein_coding
CP	TvC	chr3	149162410	149221998	protein_coding
ROS1	TvC	chr6	117287353	117425942	protein_coding
HDAC9	TvC	chr7	18086949	19002416	protein_coding
COL9A2	TvC	chr1	40300487	40317813	protein_coding
PER3	TvC	chr1	7784291	7845181	protein_coding
EPN3	TvC	chr17	50532548	50543750	protein_coding
LTBP1	TvC	chr2	32946472	33399509	protein_coding
NEDD4L	TvC	chr18	58044050	58401540	protein_coding
DKK3	TvC	chr11	11956207	12009948	protein_coding
NFE2L3	TvC	chr7	26152190	26187137	protein_coding
LIMA1	TvC	chr12	50175788	50283524	protein_coding
SLC4A8	TvC	chr12	51391317	51515763	protein_coding
PRSS8	TvC	chr16	31131433	31135727	protein_coding
ENTPD2	TvC	chr9	137048107	137054061	protein_coding
FOXC1	TvC	chr6	1609915	1613897	protein_coding
ATP9A	TvC	chr20	51596514	51768390	protein_coding
KCNH2	TvC	chr7	150944064	150978394	protein_coding
CYFIP2	TvC	chr5	157266079	157395595	protein_coding
DCBLD2	TvC	chr3	98795941	98901729	protein_coding
SERPINB3	TvC	chr18	63653686	63661893	protein_coding
MSH4	TvC	chr1	75796882	75913242	protein_coding
PRDM1	TvC	chr6	105993463	106109939	protein_coding
RASGRF1	TvC	chr15	78959906	79090780	protein_coding
DGKG	TvC	chr3	186105668	186362261	protein_coding
TBXAS1	TvC	chr7	139777051	140020325	protein_coding
MXD1	TvC	chr2	69897688	69942945	protein_coding
SLC2A3	TvC	chr12	7919230	8019007	protein_coding
STYK1	TvC	chr12	10618919	10674318	protein_coding
LZTS1	TvC	chr8	20246165	20303963	protein_coding
PRDM6	TvC	chr5	123089241	123194266	protein_coding
SPAG4	TvC	chr20	35615829	35621613	protein_coding
GUCY1B1	TvC	chr4	155758988	155807811	protein_coding
AHRR	TvC	chr5	320682	438291	protein_coding
LIMCH1	TvC	chr4	41359574	41700049	protein_coding
SPA17	TvC	chr11	124673796	124698309	protein_coding
TSPAN32	TvC	chr11	2301990	2318204	protein_coding
NGFR	TvC	chr17	49495293	49515008	protein_coding
HIPK2	TvC	chr7	139561570	139777998	protein_coding
LPAR2	TvC	chr19	19623639	19628930	protein_coding
EYA2	TvC	chr20	46894587	47188844	protein_coding
SNCAIP	TvC	chr5	122311354	122464224	protein_coding
BCAS1	TvC	chr20	53936777	54070641	protein_coding
CHI3L2	TvC	chr1	111200771	111243440	protein_coding
NHERF2	TvC	chr16	2025356	2039026	protein_coding
TRAM2	TvC	chr6	52497408	52577077	protein_coding
NTN1	TvC	chr17	9021210	9244000	protein_coding
ERBB3	TvC	chr12	56076799	56103505	protein_coding
MYLK	TvC	chr3	123610049	123884375	protein_coding
TLE2	TvC	chr19	2997639	3047635	protein_coding
FAM107B	TvC	chr10	14518557	14774897	protein_coding
MTHFD2	TvC	chr2	74186172	74217565	protein_coding
NGEF	TvC	chr2	232878686	233013263	protein_coding
CLDN18	TvC	chr3	137998735	138033655	protein_coding
FGFR2	TvC	chr10	121478332	121598458	protein_coding
EML1	TvC	chr14	99737693	99942060	protein_coding
PDZD4	TvC	chrX	153802166	153830930	protein_coding
PDK3	TvC	chrX	24465244	24550466	protein_coding
IFI35	TvC	chr17	43006740	43014456	protein_coding
PLEKHH3	TvC	chr17	42667914	42677030	protein_coding
MAST4	TvC	chr5	66596380	67169593	protein_coding
MAOB	TvC	chrX	43766400	43882559	protein_coding
TGFBR3	TvC	chr1	91680343	91906335	protein_coding
HES2	TvC	chr1	6412418	6424690	protein_coding
DAPP1	TvC	chr4	99816816	99870190	protein_coding
CLTCL1	TvC	chr22	19179320	19291774	protein_coding
FSTL3	TvC	chr19	676392	683392	protein_coding
POLB	TvC	chr8	42338454	42371808	protein_coding
ST6GALNAC1	TvC	chr17	76624756	76643812	protein_coding
CNGB1	TvC	chr16	57882340	57971128	protein_coding
ST6GALNAC2	TvC	chr17	76565377	76586956	protein_coding
TESK2	TvC	chr1	45343877	45491203	protein_coding
ATP2B1	TvC	chr12	89588049	89709527	protein_coding
MGAT4A	TvC	chr2	98619106	98732639	protein_coding
RPS6KA2	TvC	chr6	166409364	166906451	protein_coding
HLTF	TvC	chr3	149030122	149086554	protein_coding
CYBRD1	TvC	chr2	171522247	171558129	protein_coding
CDH19	TvC	chr18	66501083	66604438	protein_coding
ADGRL1	TvC	chr19	14147743	14206204	protein_coding
SIDT1	TvC	chr3	113532400	113629714	protein_coding
IRAG1	TvC	chr11	10573091	10693988	protein_coding
PANX2	TvC	chr22	50170731	50180295	protein_coding
TP63	TvC	chr3	189631389	189897276	protein_coding
LLGL2	TvC	chr17	75525080	75575215	protein_coding
GSDMB	TvC	chr17	39904595	39919854	protein_coding
ADAM11	TvC	chr17	44758988	44781846	protein_coding
FERMT2	TvC	chr14	52857267	52952435	protein_coding
ABCB11	TvC	chr2	168915498	169031324	protein_coding
DHRS9	TvC	chr2	169064789	169096168	protein_coding
PTGS2	TvC	chr1	186671791	186680922	protein_coding
IGF2BP2	TvC	chr3	185643130	185825061	protein_coding
FRY	TvC	chr13	31846713	32299125	protein_coding
GLI2	TvC	chr2	120735623	120992653	protein_coding
NOTCH3	TvC	chr19	15159038	15200996	protein_coding
PPP2R2C	TvC	chr4	6320578	6563600	protein_coding
TEAD2	TvC	chr19	49340585	49362729	protein_coding
CA12	TvC	chr15	63321378	63382027	protein_coding
TACR2	TvC	chr10	69403903	69416918	protein_coding
SEMA3A	TvC	chr7	83955777	84492939	protein_coding
FNDC3B	TvC	chr3	172039547	172405418	protein_coding
CACNG4	TvC	chr17	66964707	67033400	protein_coding
PLD1	TvC	chr3	171600404	171810950	protein_coding
ATP12A	TvC	chr13	24680408	24712472	protein_coding
ACACB	TvC	chr12	109116587	109268226	protein_coding
MCAM	TvC	chr11	119307972	119321521	protein_coding
GPC4	TvC	chrX	133300103	133416214	protein_coding
CAMSAP3	TvC	chr19	7595826	7618352	protein_coding
RAP1GAP	TvC	chr1	21596215	21669846	protein_coding
DGKD	TvC	chr2	233354484	233472104	protein_coding
NFKB2	TvC	chr10	102394110	102402529	protein_coding
PAK3	TvC	chrX	110944285	111227361	protein_coding
SPAG6	TvC	chr10	22345445	22454224	protein_coding
FGFR1	TvC	chr8	38400215	38468834	protein_coding
MAP2	TvC	chr2	209423988	209734235	protein_coding
LAMP3	TvC	chr3	183122200	183163839	protein_coding
FAP	TvC	chr2	162170684	162245151	protein_coding
NEBL	TvC	chr10	20779973	21293011	protein_coding
HOXA9	TvC	chr7	27162438	27175180	protein_coding
ITCH	TvC	chr20	34363235	34511773	protein_coding
CDH17	TvC	chr8	94124381	94217303	protein_coding
FKBP7	TvC	chr2	178463664	178478600	protein_coding
OSBPL6	TvC	chr2	178193711	178402893	protein_coding
TNS1	TvC	chr2	217799588	218033982	protein_coding
RAPGEF3	TvC	chr12	47734363	47771040	protein_coding
DUSP13B	TvC	chr10	75094432	75106499	protein_coding
MOXD1	TvC	chr6	132296055	132401556	protein_coding
PTPRH	TvC	chr19	55181230	55209508	protein_coding
COL5A3	TvC	chr19	9959561	10010504	protein_coding
MOK	TvC	chr14	102224500	102305190	protein_coding
IGSF9B	TvC	chr11	133896438	133956968	protein_coding
CXCL2	TvC	chr4	74097040	74099196	protein_coding
TCF7	TvC	chr5	134114681	134151865	protein_coding
MEF2C	TvC	chr5	88717117	88904257	protein_coding
IL12RB2	TvC	chr1	67307364	67398724	protein_coding
FYB1	TvC	chr5	39105252	39274528	protein_coding
MPP4	TvC	chr2	201644870	201698694	protein_coding
STRADB	TvC	chr2	201387858	201480850	protein_coding
KCNK2	TvC	chr1	215005775	215237090	protein_coding
OPRK1	TvC	chr8	53225724	53251637	protein_coding
TRPM3	TvC	chr9	70529060	71446977	protein_coding
GRHL2	TvC	chr8	101492439	101669726	protein_coding
PLOD1	TvC	chr1	11934205	11975542	protein_coding
CHMP2B	TvC	chr3	87227271	87255556	protein_coding
HAL	TvC	chr12	95972662	95996365	protein_coding
NKAIN1	TvC	chr1	31179344	31239966	protein_coding
COL16A1	TvC	chr1	31652260	31704319	protein_coding
MAPRE3	TvC	chr2	26970633	27027219	protein_coding
WNT11	TvC	chr11	76186325	76210761	protein_coding
TTC39A	TvC	chr1	51287258	51345116	protein_coding
FAT2	TvC	chr5	151504092	151591331	protein_coding
HSD17B2	TvC	chr16	82034988	82098534	protein_coding
PPP1R15A	TvC	chr19	48872212	48876291	protein_coding
HSD17B14	TvC	chr19	48813014	48837064	protein_coding
MMP2	TvC	chr16	55389700	55506691	protein_coding
NID2	TvC	chr14	52004809	52069059	protein_coding
PTHLH	TvC	chr12	27958084	27972755	protein_coding
PHACTR3	TvC	chr20	59577495	59847711	protein_coding
CASS4	TvC	chr20	56412049	56460387	protein_coding
PIR	TvC	chrX	15384799	15493635	protein_coding
SULT2B1	TvC	chr19	48552172	48599425	protein_coding
ASAP3	TvC	chr1	23428561	23484637	protein_coding
FER1L4	TvC	chr20	35558866	35607494	transcribed_unitary_pseudogene
DOCK3	TvC	chr3	50674927	51384198	protein_coding
C3orf18	TvC	chr3	50558025	50573568	protein_coding
TMEM40	TvC	chr3	12733528	12769457	protein_coding
ARHGAP28	TvC	chr18	6729680	6915716	protein_coding
SLC4A11	TvC	chr20	3227417	3239580	protein_coding
DZANK1	TvC	chr20	18383361	18467332	protein_coding
OAS1	TvC	chr12	112905856	112933219	protein_coding
FXYD3	TvC	chr19	35115521	35125653	protein_coding
GMIP	TvC	chr19	19629473	19643657	protein_coding
LAG3	TvC	chr12	6772360	6778455	protein_coding
OTUB2	TvC	chr14	94026340	94048930	protein_coding
LYZ	TvC	chr12	69348381	69354234	protein_coding
DTX2	TvC	chr7	76461656	76506471	protein_coding
NRCAM	TvC	chr7	108147623	108456717	protein_coding
SLC26A4	TvC	chr7	107660594	107717809	protein_coding
ABCC6	TvC	chr16	16149565	16223637	protein_coding
CMTM6	TvC	chr3	32474175	32502852	protein_coding
ITGA6	TvC	chr2	172234216	172506459	protein_coding
MYO15A	TvC	chr17	18108756	18179802	protein_coding
CCDC80	TvC	chr3	112596797	112649530	protein_coding
SLC7A8	TvC	chr14	23125295	23183674	protein_coding
TBX15	TvC	chr1	118883046	118989556	protein_coding
COL9A3	TvC	chr20	62816244	62841163	protein_coding
UNC13D	TvC	chr17	75827225	75845353	protein_coding
DPYSL2	TvC	chr8	26514031	26658178	protein_coding
VNN3P	TvC	chr6	132722926	132734692	transcribed_unitary_pseudogene
GABRP	TvC	chr5	170763350	170814047	protein_coding
PTGS1	TvC	chr9	122370530	122395705	protein_coding
CRAT	TvC	chr9	129094142	129111313	protein_coding
SORBS1	TvC	chr10	95311390	95561469	protein_coding
BAMBI	TvC	chr10	28677510	28682932	protein_coding
IL11	TvC	chr19	55364382	55370463	protein_coding
FKBP5	TvC	chr6	35572945	35728622	protein_coding
EFHC1	TvC	chr6	52362123	52529886	protein_coding
MLN	TvC	chr6	33794673	33804003	protein_coding
PCSK5	TvC	chr9	75890644	76362975	protein_coding
NRP1	TvC	chr10	33177492	33336262	protein_coding
PRTFDC1	TvC	chr10	24848614	24952606	protein_coding
PALMD	TvC	chr1	99645499	99695178	protein_coding
TSPAN15	TvC	chr10	69451150	69507676	protein_coding
MACROH2A2	TvC	chr10	70052544	70112282	protein_coding
CATSPERG	TvC	chr19	38335775	38370943	protein_coding
HSD3B7	TvC	chr16	30985143	30989154	protein_coding
MISP	TvC	chr19	748404	764363	protein_coding
HCN2	TvC	chr19	589881	617159	protein_coding
ARVCF	TvC	chr22	19969892	20016823	protein_coding
CECR2	TvC	chr22	17359949	17558151	protein_coding
DERL3	TvC	chr22	23834503	23839128	protein_coding
SUSD2	TvC	chr22	24181481	24189111	protein_coding
GGT5	TvC	chr22	24218000	24245748	protein_coding
PRODH	TvC	chr22	18912774	18936553	protein_coding
MFNG	TvC	chr22	37469063	37486402	protein_coding
SH3BP1	TvC	chr22	37634654	37656117	protein_coding
PIK3IP1	TvC	chr22	31281594	31292534	protein_coding
SEPTIN3	TvC	chr22	41969443	41998221	protein_coding
SLC5A1	TvC	chr22	32043050	32113029	protein_coding
TPTEP1	TvC	chr22	16637040	16638740	transcribed_unprocessed_pseudogene
RAB36	TvC	chr22	23145366	23165663	protein_coding
HMOX1	TvC	chr22	35380361	35394214	protein_coding
CBX7	TvC	chr22	39120167	39152719	protein_coding
PDGFB	TvC	chr22	39223359	39244982	protein_coding
SYNGR1	TvC	chr22	39349909	39385588	protein_coding
TRIM9	TvC	chr14	50975261	51096078	protein_coding
SAMD15	TvC	chr14	77376689	77392163	protein_coding
LGMN	TvC	chr14	92703798	92751131	protein_coding
ASB2	TvC	chr14	93933783	93978831	protein_coding
PAPLN	TvC	chr14	73236338	73275334	protein_coding
RPS6KA5	TvC	chr14	90847861	91060682	protein_coding
DHRS2	TvC	chr14	23630115	23645639	protein_coding
MMP9	TvC	chr20	46008908	46016561	protein_coding
BMP7	TvC	chr20	57168753	57266641	protein_coding
NTSR1	TvC	chr20	62708836	62762771	protein_coding
COL20A1	TvC	chr20	63293186	63334851	protein_coding
PTK6	TvC	chr20	63528001	63537376	protein_coding
RASSF2	TvC	chr20	4780019	4823870	protein_coding
SLC52A3	TvC	chr20	758695	776015	protein_coding
ANGPT4	TvC	chr20	869900	916334	protein_coding
MYLK2	TvC	chr20	31819287	31834689	protein_coding
FERMT1	TvC	chr20	6070288	6123644	protein_coding
HAO1	TvC	chr20	7882985	7940520	protein_coding
JAG1	TvC	chr20	10637684	10674396	protein_coding
SNTA1	TvC	chr20	33407955	33443885	protein_coding
WFDC2	TvC	chr20	45469386	45481533	protein_coding
AHCY	TvC	chr20	34280268	34311802	protein_coding
PPP1R16B	TvC	chr20	38804915	38923025	protein_coding
MAP1LC3A	TvC	chr20	34546838	34560357	protein_coding
ZNF516	TvC	chr18	76357682	76496132	protein_coding
CDH20	TvC	chr18	61333430	61555779	protein_coding
TBL1X	TvC	chrX	9463258	9741037	protein_coding
GPR143	TvC	chrX	9724039	9786297	protein_coding
GLRA2	TvC	chrX	14529298	14731812	protein_coding
MCF2	TvC	chrX	139581770	139708216	protein_coding
BMX	TvC	chrX	15464246	15556529	protein_coding
ASB9	TvC	chrX	15235288	15270467	protein_coding
EMD	TvC	chrX	154379244	154381574	protein_coding
PHEX	TvC	chrX	22032325	22494713	protein_coding
VGLL1	TvC	chrX	136532154	136556807	protein_coding
KLHL4	TvC	chrX	87517409	87670050	protein_coding
RBM3	TvC	chrX	48574056	48581162	protein_coding
SRPX2	TvC	chrX	100644195	100675788	protein_coding
RUBCNL	TvC	chr13	46334681	46438190	protein_coding
KATNAL1	TvC	chr13	30202630	30307551	protein_coding
OLFM4	TvC	chr13	53028813	53052057	protein_coding
MSLN	TvC	chr16	760734	768866	protein_coding
CORO1A	TvC	chr16	30182817	30189085	protein_coding
GDPD3	TvC	chr16	30104810	30113537	protein_coding
PLLP	TvC	chr16	57248547	57284675	protein_coding
ZNF423	TvC	chr16	49487524	49857919	protein_coding
CCL22	TvC	chr16	57357925	57366191	protein_coding
CCL17	TvC	chr16	57404767	57416063	protein_coding
PARD6A	TvC	chr16	67660909	67662777	protein_coding
HAS3	TvC	chr16	69105653	69118719	protein_coding
FA2H	TvC	chr16	74712955	74774837	protein_coding
NECAB2	TvC	chr16	83968244	84002776	protein_coding
CRISPLD2	TvC	chr16	84819981	84920768	protein_coding
MEFV	TvC	chr16	3240392	3256954	protein_coding
PRSS33	TvC	chr16	2783926	2787948	protein_coding
SALL1	TvC	chr16	51135982	51152683	protein_coding
PYCARD	TvC	chr16	31201486	31203450	protein_coding
RPGRIP1L	TvC	chr16	53598153	53703938	protein_coding
SYT17	TvC	chr16	19167971	19268332	protein_coding
TMC5	TvC	chr16	19410428	19499113	protein_coding
CORO2B	TvC	chr15	68578971	68727806	protein_coding
AP3B2	TvC	chr15	82659281	82710112	protein_coding
IGDCC4	TvC	chr15	65381479	65423083	protein_coding
CTSH	TvC	chr15	78921058	78949574	protein_coding
CEMIP	TvC	chr15	80779343	80951776	protein_coding
ATP8B4	TvC	chr15	49858238	50182817	protein_coding
TGM5	TvC	chr15	43232590	43266928	protein_coding
RHOV	TvC	chr15	40872214	40874234	protein_coding
MYEF2	TvC	chr15	48134632	48178353	protein_coding
RP1	TvC	chr8	54509422	54871720	protein_coding
CA2	TvC	chr8	85463968	85481493	protein_coding
EYA1	TvC	chr8	71197432	71592025	protein_coding
CALB1	TvC	chr8	90058608	90095475	protein_coding
PLAT	TvC	chr8	42174718	42207709	protein_coding
JPH1	TvC	chr8	74234700	74321592	protein_coding
ESRP1	TvC	chr8	94640987	94707466	protein_coding
CCN4	TvC	chr8	133191039	133231690	protein_coding
IL7	TvC	chr8	78675743	78805523	protein_coding
GSDMD	TvC	chr8	143553207	143563062	protein_coding
DHDH	TvC	chr19	48933699	48944969	protein_coding
KCNA7	TvC	chr19	49067397	49072699	protein_coding
RELB	TvC	chr19	45001461	45038192	protein_coding
FCGRT	TvC	chr19	49506806	49526917	protein_coding
KLC3	TvC	chr19	45333434	45351537	protein_coding
DKKL1	TvC	chr19	49361783	49375116	protein_coding
LYL1	TvC	chr19	13099033	13103161	protein_coding
IL27RA	TvC	chr19	14031644	14053223	protein_coding
TNNT1	TvC	chr19	55132698	55149351	protein_coding
OLFM2	TvC	chr19	9853718	9936558	protein_coding
EPHX3	TvC	chr19	15226899	15233591	protein_coding
SYDE1	TvC	chr19	15107364	15114988	protein_coding
CASP14	TvC	chr19	15049480	15058293	protein_coding
CCNP	TvC	chr19	40222208	40226697	protein_coding
NUMBL	TvC	chr19	40665905	40690972	protein_coding
FSD1	TvC	chr19	4304595	4323843	protein_coding
TJP3	TvC	chr19	3708356	3750813	protein_coding
PLIN3	TvC	chr19	4838339	4867717	protein_coding
MYH14	TvC	chr19	50188186	50310545	protein_coding
ICAM5	TvC	chr19	10289952	10296778	protein_coding
ATP1A3	TvC	chr19	41966582	41997497	protein_coding
PLA2G4C	TvC	chr19	48047843	48110850	protein_coding
HAS1	TvC	chr19	51713112	51723991	protein_coding
DBP	TvC	chr19	48630030	48637379	protein_coding
CAPS	TvC	chr19	5912339	5916211	protein_coding
RASIP1	TvC	chr19	48720571	48740611	protein_coding
KLF1	TvC	chr19	12884422	12887201	protein_coding
JAK3	TvC	chr19	17824780	17848071	protein_coding
ISYNA1	TvC	chr19	18434388	18438178	protein_coding
MAG	TvC	chr19	35291647	35316351	protein_coding
LSR	TvC	chr19	35248330	35267967	protein_coding
SCN1B	TvC	chr19	35030447	35040455	protein_coding
PBX4	TvC	chr19	19561707	19618732	protein_coding
GRIK5	TvC	chr19	41998316	42070240	protein_coding
ZNF85	TvC	chr19	20923222	20950697	protein_coding
CADM4	TvC	chr19	43622366	43639850	protein_coding
PON2	TvC	chr7	95404861	95435389	protein_coding
DNAH11	TvC	chr7	21543039	21901839	protein_coding
ATP6V0A4	TvC	chr7	138706289	138799672	protein_coding
ADAP1	TvC	chr7	897900	955407	protein_coding
CAV1	TvC	chr7	116524994	116561179	protein_coding
MET	TvC	chr7	116672051	116798386	protein_coding
HOXA2	TvC	chr7	27100354	27102686	protein_coding
TSPAN12	TvC	chr7	120787319	120858402	protein_coding
CPED1	TvC	chr7	120988697	121297980	protein_coding
CPVL	TvC	chr7	28994636	29195451	protein_coding
CRHR2	TvC	chr7	30651444	30700129	protein_coding
EPHB6	TvC	chr7	142854930	142871094	protein_coding
PTPRZ1	TvC	chr7	121873089	122062037	protein_coding
HYAL4	TvC	chr7	123828955	123877481	protein_coding
PPP1R17	TvC	chr7	31687215	31708457	protein_coding
AGFG2	TvC	chr7	100539190	100568220	protein_coding
SERPINE1	TvC	chr7	101122158	101139263	protein_coding
SFRP4	TvC	chr7	37905932	38025695	protein_coding
TSPAN13	TvC	chr7	16753745	16784536	protein_coding
AGR2	TvC	chr7	16791387	16833433	protein_coding
GIMAP2	TvC	chr7	150685697	150693641	protein_coding
TMEM176B	TvC	chr7	150790382	150803404	protein_coding
GLI3	TvC	chr7	41960949	42264265	protein_coding
CLIP2	TvC	chr7	74289407	74405943	protein_coding
SPATA6L	TvC	chr9	4553386	4666674	protein_coding
SLC1A1	TvC	chr9	4490225	4587469	protein_coding
LHX2	TvC	chr9	124001670	124033301	protein_coding
PRUNE2	TvC	chr9	76611376	76906591	protein_coding
C5	TvC	chr9	120932987	121075195	protein_coding
TLE4	TvC	chr9	79571773	79726882	protein_coding
PTGR1	TvC	chr9	111549722	111599893	protein_coding
SUSD1	TvC	chr9	112040777	112175486	protein_coding
DNM1	TvC	chr9	128191655	128255248	protein_coding
RLN2	TvC	chr9	5299864	5304716	protein_coding
RLN1	TvC	chr9	5334930	5339876	protein_coding
DOCK8	TvC	chr9	214854	465259	protein_coding
CA9	TvC	chr9	35673928	35681159	protein_coding
TYRP1	TvC	chr9	12685439	12710285	protein_coding
APBA1	TvC	chr9	69427532	69672371	protein_coding
PTGDS	TvC	chr9	136975053	136981750	protein_coding
SHB	TvC	chr9	37915898	38069227	protein_coding
MAPK8	TvC	chr10	48306639	48439360	protein_coding
PALD1	TvC	chr10	70477658	70668754	protein_coding
SPOCK2	TvC	chr10	72059034	72089032	protein_coding
LZTS2	TvC	chr10	100996539	101007852	protein_coding
KAZALD1	TvC	chr10	101061171	101068179	protein_coding
SH3PXD2A	TvC	chr10	103594027	103855584	protein_coding
MAP3K8	TvC	chr10	30433473	30461833	protein_coding
CSF3	TvC	chr17	40015361	40017816	protein_coding
WNT3	TvC	chr17	46762506	46833154	protein_coding
BLMH	TvC	chr17	30248200	30292152	protein_coding
SYNGR2	TvC	chr17	78168567	78173527	protein_coding
LGALS3BP	TvC	chr17	78971238	78979962	protein_coding
KRT32	TvC	chr17	41459513	41467386	protein_coding
DHX58	TvC	chr17	42101404	42112733	protein_coding
CNTNAP1	TvC	chr17	42682531	42699993	protein_coding
MPP2	TvC	chr17	43875357	43909711	protein_coding
SMURF2	TvC	chr17	64542282	64662335	protein_coding
SULT1E1	TvC	chr4	69838259	69861075	protein_coding
NMU	TvC	chr4	55595229	55636747	protein_coding
CRACD	TvC	chr4	56049098	56330609	protein_coding
TBC1D9	TvC	chr4	140620782	140756982	protein_coding
CPE	TvC	chr4	165361194	165498547	protein_coding
ANXA10	TvC	chr4	168092537	168187736	protein_coding
TRIM2	TvC	chr4	153152163	153339319	protein_coding
SLC2A9	TvC	chr4	9771153	10054936	protein_coding
TBC1D19	TvC	chr4	26576437	26756223	protein_coding
NKX3-2	TvC	chr4	13540830	13544508	protein_coding
BST1	TvC	chr4	15703000	15775614	protein_coding
CRYAB	TvC	chr11	111908564	111923722	protein_coding
DBX1	TvC	chr11	20156155	20160475	protein_coding
CTSC	TvC	chr11	88265069	88359684	protein_coding
ZBTB16	TvC	chr11	114058335	114256765	protein_coding
CRTAM	TvC	chr11	122829482	122872643	protein_coding
B3GAT1	TvC	chr11	134378504	134412242	protein_coding
VWA5A	TvC	chr11	124115404	124147721	protein_coding
SIAE	TvC	chr11	124633113	124695707	protein_coding
HPX	TvC	chr11	6431006	6442617	protein_coding
NECTIN1	TvC	chr11	119623408	119729200	protein_coding
KIAA1549L	TvC	chr11	33376108	33674102	protein_coding
MDK	TvC	chr11	46380756	46383837	protein_coding
ELMOD1	TvC	chr11	107591091	107666779	protein_coding
EXPH5	TvC	chr11	108505435	108593768	protein_coding
P3H3	TvC	chr12	6828381	6839854	protein_coding
SELPLG	TvC	chr12	108620413	108633894	protein_coding
ASIC1	TvC	chr12	50057548	50083621	protein_coding
CYP27B1	TvC	chr12	57762334	57768986	protein_coding
LIN7A	TvC	chr12	80792520	80937934	protein_coding
TNS2	TvC	chr12	53046969	53064379	protein_coding
GLI1	TvC	chr12	57459785	57472268	protein_coding
PPM1H	TvC	chr12	62643994	62935163	protein_coding
ELK3	TvC	chr12	96193978	96269835	protein_coding
WNT5B	TvC	chr12	1529854	1647243	protein_coding
TRPV4	TvC	chr12	109783087	109833406	protein_coding
MANSC1	TvC	chr12	12326056	12350483	protein_coding
SCNN1A	TvC	chr12	6346843	6383917	protein_coding
RASAL1	TvC	chr12	113096517	113136258	protein_coding
RERGL	TvC	chr12	18080869	18320107	protein_coding
STX2	TvC	chr12	130789600	130839265	protein_coding
ENO2	TvC	chr12	6913745	6923707	protein_coding
GYS2	TvC	chr12	21536107	21604917	protein_coding
KLRB1	TvC	chr12	9594551	9607916	protein_coding
COL12A1	TvC	chr6	75084326	75206267	protein_coding
RSPH4A	TvC	chr6	116616479	116632985	protein_coding
GCNT2	TvC	chr6	10492223	10629368	protein_coding
FAM184A	TvC	chr6	118959763	119149387	protein_coding
MAN1A1	TvC	chr6	119177204	119349767	protein_coding
GABRR2	TvC	chr6	89254464	89315299	protein_coding
RIPOR2	TvC	chr6	24803362	25042170	protein_coding
TULP1	TvC	chr6	35497874	35512896	protein_coding
SLC26A8	TvC	chr6	35943516	36028767	protein_coding
CILK1	TvC	chr6	53001279	53061824	protein_coding
CD83	TvC	chr6	14117256	14140682	protein_coding
BAG2	TvC	chr6	57172319	57189833	protein_coding
VNN1	TvC	chr6	132680849	132719962	protein_coding
VNN2	TvC	chr6	132743870	132763459	protein_coding
ARFGEF3	TvC	chr6	138161939	138344663	protein_coding
C6orf118	TvC	chr6	165279664	165309605	protein_coding
PDE10A	TvC	chr6	165327287	165988117	protein_coding
SMOC2	TvC	chr6	168440656	168673445	protein_coding
CCND3	TvC	chr6	41934934	42050357	protein_coding
PRPH2	TvC	chr6	42696598	42722597	protein_coding
GMDS	TvC	chr6	1623793	2245702	protein_coding
LAMA4	TvC	chr6	112106077	112254939	protein_coding
TENT5A	TvC	chr6	81491439	81752774	protein_coding
ENPP5	TvC	chr6	46158482	46171113	protein_coding
PRSS16	TvC	chr6	27247701	27256646	protein_coding
TBX18	TvC	chr6	84687351	84764598	protein_coding
SEMA5A	TvC	chr5	9035033	9546142	protein_coding
NME5	TvC	chr5	138115169	138139443	protein_coding
HBEGF	TvC	chr5	140332843	140346614	protein_coding
LOX	TvC	chr5	122063195	122078634	protein_coding
SPARC	TvC	chr5	151661096	151687352	protein_coding
PDE8B	TvC	chr5	77210449	77428256	protein_coding
RASGRF2	TvC	chr5	80960310	81230162	protein_coding
NPR3	TvC	chr5	32689070	32791724	protein_coding
PDE4D	TvC	chr5	58969038	60522120	protein_coding
SLC12A7	TvC	chr5	1050384	1155916	protein_coding
LIFR	TvC	chr5	38474668	38608354	protein_coding
C9	TvC	chr5	39283982	39371324	protein_coding
WWC1	TvC	chr5	168291563	168472303	protein_coding
DPYSL3	TvC	chr5	147390808	147510089	protein_coding
ERGIC1	TvC	chr5	172834251	172952792	protein_coding
PDGFRB	TvC	chr5	150113839	150158260	protein_coding
UNC5A	TvC	chr5	176810505	176880898	protein_coding
BCL6	TvC	chr3	187721377	187745725	protein_coding
HGD	TvC	chr3	120628165	120682385	protein_coding
CLDN16	TvC	chr3	190322522	190412460	protein_coding
AMOTL2	TvC	chr3	134355347	134375479	protein_coding
BCHE	TvC	chr3	165772904	165837462	protein_coding
LRRC31	TvC	chr3	169837917	169870000	protein_coding
WNT5A	TvC	chr3	55465715	55490539	protein_coding
PFKFB4	TvC	chr3	48517684	48562015	protein_coding
COL7A1	TvC	chr3	48564073	48595329	protein_coding
HES1	TvC	chr3	194136142	194138732	protein_coding
C3orf52	TvC	chr3	112086335	112131004	protein_coding
CFAP92	TvC	chr3	128909866	129002690	protein_coding
PLSCR4	TvC	chr3	146192335	146251179	protein_coding
ACVR2B	TvC	chr3	38453890	38493142	protein_coding
VIPR1	TvC	chr3	42489299	42537688	protein_coding
ZBTB47	TvC	chr3	42652900	42667580	protein_coding
ADAM23	TvC	chr2	206443498	206621301	protein_coding
IL1A	TvC	chr2	112773925	112784493	protein_coding
KCNIP3	TvC	chr2	95297327	95386081	protein_coding
STEAP3	TvC	chr2	119222447	119265652	protein_coding
TFCP2L1	TvC	chr2	121216587	121285202	protein_coding
ITGA4	TvC	chr2	181457202	181538940	protein_coding
GCA	TvC	chr2	162318839	162371595	protein_coding
CLIP4	TvC	chr2	29095545	29199777	protein_coding
LOXL3	TvC	chr2	74532258	74555718	protein_coding
DOK1	TvC	chr2	74548875	74557554	protein_coding
GALNT3	TvC	chr2	165747588	165846201	protein_coding
FN1	TvC	chr2	215360440	215436120	protein_coding
ST3GAL5	TvC	chr2	85837120	85905199	protein_coding
IL1R1	TvC	chr2	102063933	102179874	protein_coding
WNT6	TvC	chr2	218859805	218874233	protein_coding
IL1RL2	TvC	chr2	102186980	102240002	protein_coding
IL18R1	TvC	chr2	102311529	102398777	protein_coding
MLPH	TvC	chr2	237485428	237555322	protein_coding
TPO	TvC	chr2	1373933	1543711	protein_coding
ODC1	TvC	chr2	10439968	10450116	protein_coding
DLX2	TvC	chr2	172099438	172102900	protein_coding
LCT	TvC	chr2	135787850	135837184	protein_coding
RND3	TvC	chr2	150468195	150539011	protein_coding
TRAK2	TvC	chr2	201377207	201453449	protein_coding
VAX2	TvC	chr2	70900576	70965373	protein_coding
ATP6V1B1	TvC	chr2	70935771	70965431	protein_coding
RALGPS2	TvC	chr1	178725165	178921842	protein_coding
KCNC4	TvC	chr1	110210314	110283100	protein_coding
RHOU	TvC	chr1	228735479	228746664	protein_coding
FBXO2	TvC	chr1	11637018	11655785	protein_coding
FBXO6	TvC	chr1	11664189	11674354	protein_coding
RGS2	TvC	chr1	192809039	192812275	protein_coding
OLFML3	TvC	chr1	113979024	114035572	protein_coding
OSCP1	TvC	chr1	36415827	36450451	protein_coding
BMP8B	TvC	chr1	39757182	39788865	protein_coding
SIPA1L2	TvC	chr1	232397622	232631404	protein_coding
KMO	TvC	chr1	241532134	241595642	protein_coding
ADGRL2	TvC	chr1	81306112	81993940	protein_coding
PADI2	TvC	chr1	17066761	17119459	protein_coding
RGS4	TvC	chr1	163068775	163076802	protein_coding
CD160	TvC	chr1	145719443	145740760	protein_coding
CR2	TvC	chr1	207453024	207489895	protein_coding
P3H1	TvC	chr1	42746335	42767084	protein_coding
ARTN	TvC	chr1	43933320	43937244	protein_coding
F3	TvC	chr1	94529173	94541851	protein_coding
TNFSF4	TvC	chr1	173162645	173477583	protein_coding
IRF6	TvC	chr1	209785254	209806217	protein_coding
MAN1C1	TvC	chr1	25616791	25786205	protein_coding
MTARC2	TvC	chr1	220748122	220784824	protein_coding
SLC5A9	TvC	chr1	48222685	48248644	protein_coding
MUC5B	TvC	chr11	1223066	1262172	protein_coding
B4GALT6	TvC	chr18	31621911	31685836	protein_coding
C1orf54	TvC	chr1	150268034	150281735	protein_coding
ATP10B	TvC	chr5	160563120	160852214	protein_coding
ELOVL4	TvC	chr6	79914814	79947553	protein_coding
PLAGL1	TvC	chr6	143940300	144064714	protein_coding
TNFAIP3	TvC	chr6	137866383	137885836	protein_coding
ALDH8A1	TvC	chr6	134917298	134950129	protein_coding
SGK1	TvC	chr6	134169248	134318112	protein_coding
CCN2	TvC	chr6	131948176	131951456	protein_coding
PMFBP1	TvC	chr16	72112157	72176878	protein_coding
SLC16A7	TvC	chr12	59596027	59789855	protein_coding
ARMC2	TvC	chr6	108848416	108974551	protein_coding
ABCG2	TvC	chr4	88090150	88231818	protein_coding
STBD1	TvC	chr4	76306733	76311130	protein_coding
RARRES1	TvC	chr3	158696892	158732798	protein_coding
MFSD1	TvC	chr3	158732198	158829719	protein_coding
DNAH7	TvC	chr2	195737703	196068837	protein_coding
GDA	TvC	chr9	72114595	72257193	protein_coding
KLF9	TvC	chr9	70384604	70414657	protein_coding
CCDC92	TvC	chr12	123918660	123974253	protein_coding
BSPRY	TvC	chr9	113349520	113371233	protein_coding
GALNT12	TvC	chr9	98807613	98851266	protein_coding
PGF	TvC	chr14	74941830	74955626	protein_coding
BBOF1	TvC	chr14	74019347	74082863	protein_coding
DNAL1	TvC	chr14	73644875	73703732	protein_coding
FLVCR2	TvC	chr14	75578594	75663214	protein_coding
PPP4R4	TvC	chr14	94146128	94279734	protein_coding
ZC2HC1C	TvC	chr14	75064109	75119502	protein_coding
ESRRB	TvC	chr14	76310712	76501837	protein_coding
FKBP1B	TvC	chr2	24049701	24063681	protein_coding
ATL2	TvC	chr2	38293949	38377438	protein_coding
LGALSL	TvC	chr2	64453969	64461381	protein_coding
CNRIP1	TvC	chr2	68284171	68320051	protein_coding
BCL11A	TvC	chr2	60450520	60554467	protein_coding
EPCAM	TvC	chr2	47345158	47387601	protein_coding
PPP1R3C	TvC	chr10	91628442	91633071	protein_coding
PYROXD2	TvC	chr10	98383565	98415210	protein_coding
CNNM1	TvC	chr10	99329356	99394330	protein_coding
AVPI1	TvC	chr10	97677422	97687561	protein_coding
INSL6	TvC	chr9	5123880	5185647	protein_coding
GRIA2	TvC	chr4	157204182	157387146	protein_coding
PLEKHG1	TvC	chr6	150599848	150843665	protein_coding
CYSTM1	TvC	chr5	140175072	140282052	protein_coding
TNN	TvC	chr1	175067509	175148075	protein_coding
ACAT2	TvC	chr6	159761981	159779821	protein_coding
ENOX1	TvC	chr13	43213004	43787328	protein_coding
DNAJC15	TvC	chr13	43023203	43114213	protein_coding
SMAD9	TvC	chr13	36844831	36920887	protein_coding
TGFBI	TvC	chr5	136028988	136063818	protein_coding
PLS1	TvC	chr3	142595644	142713869	protein_coding
DUSP4	TvC	chr8	29333064	29350684	protein_coding
CLU	TvC	chr8	27596917	27615056	protein_coding
CHRNA2	TvC	chr8	27459756	27479883	protein_coding
RDH10	TvC	chr8	73294602	73325281	protein_coding
TBX4	TvC	chr17	61451906	61485110	protein_coding
LRAT	TvC	chr4	154626945	154753120	protein_coding
ADCY7	TvC	chr16	50246137	50318135	protein_coding
PLBD1	TvC	chr12	14503660	14567913	protein_coding
PRB2	TvC	chr12	11391540	11501041	protein_coding
CSTA	TvC	chr3	122325248	122341969	protein_coding
B4GALT4	TvC	chr3	119211628	119240952	protein_coding
GJA3	TvC	chr13	20138252	20161615	protein_coding
TNFSF10	TvC	chr3	172505508	172523476	protein_coding
TMEM54	TvC	chr1	32894593	32901440	protein_coding
HS3ST2	TvC	chr16	22814162	22916338	protein_coding
PRXL2A	TvC	chr10	80406443	80437115	protein_coding
PTGFR	TvC	chr1	78303884	78540701	protein_coding
LRRC39	TvC	chr1	100148424	100178267	protein_coding
HYCC1	TvC	chr7	22889371	23014130	protein_coding
ARL4A	TvC	chr7	12686602	12690958	protein_coding
TWIST1	TvC	chr7	19020991	19117636	protein_coding
GLIPR2	TvC	chr9	36136536	36163913	protein_coding
RECK	TvC	chr9	36036905	36124455	protein_coding
PLAU	TvC	chr10	73909177	73917501	protein_coding
SRGN	TvC	chr10	69088103	69104811	protein_coding
BICC1	TvC	chr10	58512872	58831435	protein_coding
HVCN1	TvC	chr12	110627841	110704950	protein_coding
CDKN2C	TvC	chr1	50960745	50974634	protein_coding
RASSF8	TvC	chr12	25958068	26079892	protein_coding
BHLHE41	TvC	chr12	26120030	26125037	protein_coding
NECAB1	TvC	chr8	90791741	90959393	protein_coding
GUCY1B2	TvC	chr13	51006991	51062894	transcribed_unitary_pseudogene
MMP19	TvC	chr12	55835433	55842968	protein_coding
NR4A1	TvC	chr12	52022832	52059509	protein_coding
HOXC11	TvC	chr12	53973126	53977643	protein_coding
IL13RA2	TvC	chrX	115003975	115019977	protein_coding
NRK	TvC	chrX	105822394	105958611	protein_coding
ESX1	TvC	chrX	104250038	104254933	protein_coding
TNFAIP6	TvC	chr2	151357592	151380046	protein_coding
RAB38	TvC	chr11	88113251	88175443	protein_coding
MXD4	TvC	chr4	2247432	2262115	protein_coding
DAW1	TvC	chr2	227870931	227924344	protein_coding
CHPF	TvC	chr2	219538949	219543818	protein_coding
PI3	TvC	chr20	45174902	45176544	protein_coding
SLPI	TvC	chr20	45252239	45254564	protein_coding
WFDC3	TvC	chr20	45747944	45791932	protein_coding
PARD6B	TvC	chr20	50731382	50756795	protein_coding
TOX2	TvC	chr20	43914844	44069616	protein_coding
CDH26	TvC	chr20	59958423	60034011	protein_coding
PPP4R1L	TvC	chr20	58231789	58286399	transcribed_unprocessed_pseudogene
PMEPA1	TvC	chr20	57648392	57711536	protein_coding
RBPJL	TvC	chr20	45306840	45317824	protein_coding
MCEE	TvC	chr2	71109684	71130279	protein_coding
PAIP2B	TvC	chr2	71182738	71227109	protein_coding
HIF3A	TvC	chr19	46297042	46343433	protein_coding
LYPD3	TvC	chr19	43460787	43465608	protein_coding
PSG8	TvC	chr19	42752686	42765678	protein_coding
ENSG00000124593	TvC	chr6	41780349	41790141	protein_coding
H1-1	TvC	chr6	26017032	26017787	protein_coding
MOCS1	TvC	chr6	39899578	39934551	protein_coding
GNMT	TvC	chr6	42960690	42963883	protein_coding
RUNX2	TvC	chr6	45328157	45664349	protein_coding
RAB17	TvC	chr2	237574322	237601623	protein_coding
EREG	TvC	chr4	74365145	74388749	protein_coding
MT2A	TvC	chr16	56608584	56609497	protein_coding
PIWIL1	TvC	chr12	130337887	130372637	protein_coding
EFNB2	TvC	chr13	106489745	106535662	protein_coding
BMP4	TvC	chr14	53949736	53958761	protein_coding
PTGER2	TvC	chr14	52314305	52329822	protein_coding
MIF4GD	TvC	chr17	75266228	75271237	protein_coding
MIR9-1HG	TvC	chr1	156404243	156456987	lncRNA
SRMS	TvC	chr20	63538489	63547749	protein_coding
OPRL1	TvC	chr20	64079967	64100649	protein_coding
IL1B	TvC	chr2	112829751	112836816	protein_coding
PLGLB2	TvC	chr2	87748085	87759723	protein_coding
IL37	TvC	chr2	112911165	112918882	protein_coding
PSPN	TvC	chr19	6375148	6379058	protein_coding
CD70	TvC	chr19	6583183	6604103	protein_coding
C3	TvC	chr19	6677704	6730562	protein_coding
SH2D3A	TvC	chr19	6752160	6768109	protein_coding
TRIP10	TvC	chr19	6737925	6751530	protein_coding
SDCBP2	TvC	chr20	1309909	1329211	protein_coding
NRSN2	TvC	chr20	346705	359660	protein_coding
BMP2	TvC	chr20	6767686	6780251	protein_coding
OVOL2	TvC	chr20	17956979	18059188	protein_coding
FAM110A	TvC	chr20	833715	857463	protein_coding
S1PR4	TvC	chr19	3172346	3180332	protein_coding
NECAB3	TvC	chr20	33657087	33674463	protein_coding
ID1	TvC	chr20	31573014	31606515	protein_coding
BPIFB9P	TvC	chr20	33347720	33354444	transcribed_unitary_pseudogene
BPIFB1	TvC	chr20	33273480	33310380	protein_coding
AMOT	TvC	chrX	112774503	112840831	protein_coding
MCF2L	TvC	chr13	112894378	113099742	protein_coding
THRA	TvC	chr17	40058290	40093867	protein_coding
CCR7	TvC	chr17	40551081	40565472	protein_coding
NR1D1	TvC	chr17	40092793	40100589	protein_coding
WNK4	TvC	chr17	42780610	42797066	protein_coding
HSPA2	TvC	chr14	64535905	64546173	protein_coding
PLEKHG3	TvC	chr14	64704102	64750249	protein_coding
DYNC2I1	TvC	chr7	158856558	158956747	protein_coding
FAM78A	TvC	chr9	131258076	131277365	protein_coding
ZC4H2	TvC	chrX	64915802	65034713	protein_coding
FGD3	TvC	chr9	92947486	93036238	protein_coding
EDN2	TvC	chr1	41478774	41484686	protein_coding
BCL11B	TvC	chr14	99169287	99272197	protein_coding
PLAAT1	TvC	chr3	193240620	193277738	protein_coding
HELB	TvC	chr12	66302493	66343643	protein_coding
RAB3IP	TvC	chr12	69738860	69823204	protein_coding
PTPRB	TvC	chr12	70515870	70637440	protein_coding
PLA2G5	TvC	chr1	20028179	20091911	protein_coding
SYNGR3	TvC	chr16	1989660	1994275	protein_coding
TNFRSF19	TvC	chr13	23570370	23676104	protein_coding
GNG11	TvC	chr7	93921735	93928610	protein_coding
LRFN1	TvC	chr19	39306566	39320966	protein_coding
SRD5A3	TvC	chr4	55346213	55373100	protein_coding
RASL11B	TvC	chr4	52862317	52866835	protein_coding
ADM2	TvC	chr22	50481543	50486440	protein_coding
MGAT3	TvC	chr22	39447127	39492194	protein_coding
A4GALT	TvC	chr22	42691010	42721298	protein_coding
APOL3	TvC	chr22	36139792	36166177	protein_coding
LIF	TvC	chr22	30240453	30246759	protein_coding
C22orf23	TvC	chr22	37943050	37953669	protein_coding
APOBEC3F	TvC	chr22	39040604	39055972	protein_coding
KRT17	TvC	chr17	41619437	41624842	protein_coding
CCDC136	TvC	chr7	128790757	128822135	protein_coding
IRF5	TvC	chr7	128933429	128950038	protein_coding
MYO1B	TvC	chr2	191245064	191425820	protein_coding
CHN1	TvC	chr2	174798809	175005381	protein_coding
CGNL1	TvC	chr15	57375967	57550729	protein_coding
LOXL1	TvC	chr15	73925989	73952137	protein_coding
PALLD	TvC	chr4	168497052	168928457	protein_coding
DNAAF11	TvC	chr8	132570416	132675617	protein_coding
AP1M2	TvC	chr19	10572670	10587315	protein_coding
CDKN2D	TvC	chr19	10566460	10569059	protein_coding
BCL2L2	TvC	chr14	23298790	23313069	protein_coding
FOXA1	TvC	chr14	37589552	37596059	protein_coding
RHBDF2	TvC	chr17	76470891	76501790	protein_coding
AANAT	TvC	chr17	76452749	76470122	protein_coding
ARHGEF6	TvC	chrX	136665547	136781688	protein_coding
FGF13	TvC	chrX	138614727	139222777	protein_coding
ART1	TvC	chr11	3645115	3668548	protein_coding
CHRNA10	TvC	chr11	3665587	3671384	protein_coding
GAMT	TvC	chr19	1397026	1401570	protein_coding
NXNL2	TvC	chr9	88534033	88584274	protein_coding
STARD8	TvC	chrX	68647666	68725842	protein_coding
SAT1	TvC	chrX	23783173	23786210	protein_coding
SH3BP4	TvC	chr2	234952017	235055714	protein_coding
APOC1	TvC	chr19	44913133	44920054	protein_coding
ACE2	TvC	chrX	15494566	15607236	protein_coding
ATP8B3	TvC	chr19	1782075	1812276	protein_coding
BST2	TvC	chr19	17402933	17405665	protein_coding
SLC27A1	TvC	chr19	17467666	17506190	protein_coding
CACNG6	TvC	chr19	53991637	54012666	protein_coding
FCHO1	TvC	chr19	17747718	17788572	protein_coding
KLHDC7B	TvC	chr22	50545899	50551023	protein_coding
GDF15	TvC	chr19	18374731	18389176	protein_coding
IQCN	TvC	chr19	18257098	18274500	protein_coding
JUND	TvC	chr19	18279694	18281622	protein_coding
SULT4A1	TvC	chr22	43824509	43862513	protein_coding
CRB3	TvC	chr19	6463777	6467221	protein_coding
HELZ2	TvC	chr20	63558086	63574239	protein_coding
LSP1	TvC	chr11	1850904	1892267	protein_coding
TNNI2	TvC	chr11	1838981	1841680	protein_coding
H19	TvC	chr11	1995165	2004552	lncRNA
COL5A1	TvC	chr9	134641803	134844843	protein_coding
MNX1	TvC	chr7	156994051	157010663	protein_coding
RBBP8NL	TvC	chr20	62410237	62427539	protein_coding
OSBPL2	TvC	chr20	62231922	62296213	protein_coding
FIBCD1	TvC	chr9	130900194	130941232	protein_coding
SMPDL3B	TvC	chr1	27935000	27959157	protein_coding
SHFL	TvC	chr19	10086122	10093252	protein_coding
SLC6A8	TvC	chrX	153687926	153696591	protein_coding
MPP1	TvC	chrX	154778684	154821039	protein_coding
HSD17B3	TvC	chr9	96235306	96302176	protein_coding
FBP2	TvC	chr9	94558720	94593824	protein_coding
RGN	TvC	chrX	47078190	47094419	protein_coding
POLN	TvC	chr4	2071918	2242121	protein_coding
ULBP2	TvC	chr6	149942014	149949235	protein_coding
AKAP12	TvC	chr6	151239936	151358563	protein_coding
SYNE1	TvC	chr6	152121687	152637801	protein_coding
EPS8L1	TvC	chr19	55072020	55090124	protein_coding
C1QL1	TvC	chr17	44959693	44968303	protein_coding
SH3BGRL	TvC	chrX	81202005	81298547	protein_coding
NFATC1	TvC	chr18	79395856	79529325	protein_coding
RAB11FIP4	TvC	chr17	31391675	31538211	protein_coding
GALNT15	TvC	chr3	16174573	16231992	protein_coding
AOC3	TvC	chr17	42851184	42858130	protein_coding
ANO1	TvC	chr11	69985907	70189530	protein_coding
KREMEN2	TvC	chr16	2963960	2968380	protein_coding
MAP1B	TvC	chr5	72107234	72209565	protein_coding
TNS4	TvC	chr17	40475828	40501627	protein_coding
PPP1R1B	TvC	chr17	39626740	39636626	protein_coding
KHDRBS3	TvC	chr8	135457456	135656722	protein_coding
PRKAB2	TvC	chr1	147155106	147173716	protein_coding
KRT17P1	TvC	chr17	16840895	16845815	transcribed_unprocessed_pseudogene
RHPN2	TvC	chr19	32978592	33064888	protein_coding
SLC6A11	TvC	chr3	10816201	10940714	protein_coding
NUP210	TvC	chr3	13316231	13420322	protein_coding
FCRLA	TvC	chr1	161706958	161714352	protein_coding
EMILIN2	TvC	chr18	2846930	2916003	protein_coding
RAMP1	TvC	chr2	237858893	237912111	protein_coding
ITGB4	TvC	chr17	75721190	75757821	protein_coding
KDM6B	TvC	chr17	7834193	7854796	protein_coding
SLC52A1	TvC	chr17	5032600	5052009	protein_coding
GUCY2D	TvC	chr17	8002615	8020342	protein_coding
DLG4	TvC	chr17	7187187	7219836	protein_coding
PCED1A	TvC	chr20	2835314	2841190	protein_coding
NES	TvC	chr1	156668763	156677407	protein_coding
BCAN	TvC	chr1	156641390	156659532	protein_coding
RAB25	TvC	chr1	156061148	156070514	protein_coding
HAPLN2	TvC	chr1	156619331	156626361	protein_coding
SYT11	TvC	chr1	155859449	155885199	protein_coding
ALDH3B2	TvC	chr11	67662155	67681224	protein_coding
RBM38	TvC	chr20	57391396	57409333	protein_coding
VSTM2L	TvC	chr20	37903111	37945350	protein_coding
ZBED3	TvC	chr5	77072072	77087353	protein_coding
KANK4	TvC	chr1	62236165	62319434	protein_coding
CPLANE2	TvC	chr1	16231692	16237183	protein_coding
PDE6A	TvC	chr5	149857953	149945287	protein_coding
ALOX5AP	TvC	chr13	30713478	30765072	protein_coding
MYH10	TvC	chr17	8474205	8632303	protein_coding
MPRIP	TvC	chr17	17042457	17217679	protein_coding
CCNA1	TvC	chr13	36431520	36442870	protein_coding
EPSTI1	TvC	chr13	42886388	42992392	protein_coding
POSTN	TvC	chr13	37562582	37598855	protein_coding
BEX2	TvC	chrX	103309345	103311298	protein_coding
RNF128	TvC	chrX	106693794	106797016	protein_coding
SLC39A11	TvC	chr17	72645947	73092712	protein_coding
KMT5C	TvC	chr19	55339367	55348121	protein_coding
PLAAT4	TvC	chr11	63529451	63548808	protein_coding
PLAAT2	TvC	chr11	63552770	63563379	protein_coding
PDZD2	TvC	chr5	31639121	32110933	protein_coding
LARGE1	TvC	chr22	33162226	33922885	protein_coding
ZDHHC8BP	TvC	chr22	23397938	23402157	transcribed_unprocessed_pseudogene
BTG1	TvC	chr12	92140278	92145846	protein_coding
LRRIQ1	TvC	chr12	85036314	85264457	protein_coding
ATP13A3	TvC	chr3	194402672	194498364	protein_coding
TMTC1	TvC	chr12	29500840	29784759	protein_coding
SPINK5	TvC	chr5	148025683	148137382	protein_coding
BMAL1	TvC	chr11	13276647	13388048	protein_coding
MICAL2	TvC	chr11	12094008	12362140	protein_coding
CATSPERB	TvC	chr14	91580696	91780707	protein_coding
TTC9	TvC	chr14	70641665	70675366	protein_coding
LOXL2	TvC	chr8	23296897	23425328	protein_coding
PEBP4	TvC	chr8	22713237	23000000	protein_coding
CD180	TvC	chr5	67179613	67196799	protein_coding
IRAK2	TvC	chr3	10164863	10243756	protein_coding
TSPAN2	TvC	chr1	115048011	115089503	protein_coding
PTPN22	TvC	chr1	113813811	113871753	protein_coding
CD101	TvC	chr1	117001721	117036552	protein_coding
VTCN1	TvC	chr1	117143587	117210960	protein_coding
GRHL1	TvC	chr2	9951693	10002277	protein_coding
MYCN	TvC	chr2	15938396	15947022	protein_coding
LPIN1	TvC	chr2	11677544	11827409	protein_coding
FST	TvC	chr5	53480210	53487134	protein_coding
NAV1	TvC	chr1	201538982	201826969	protein_coding
SOX5	TvC	chr12	23529504	24562544	protein_coding
RERG	TvC	chr12	15107783	15348675	protein_coding
SPX	TvC	chr12	21526296	21541249	protein_coding
SPOCD1	TvC	chr1	31790422	31816022	protein_coding
HOOK1	TvC	chr1	59814786	59876369	protein_coding
CYP2J2	TvC	chr1	59893308	59926822	protein_coding
TCN1	TvC	chr11	59852800	59866489	protein_coding
C5AR2	TvC	chr19	47332148	47347329	protein_coding
CLDN10	TvC	chr13	95433604	95579759	protein_coding
ACRV1	TvC	chr11	125671522	125680874	protein_coding
NREP	TvC	chr5	111662621	111997464	protein_coding
ANXA1	TvC	chr9	73148874	73170629	protein_coding
ENTREP1	TvC	chr9	69324567	69392592	protein_coding
ADAM19	TvC	chr5	157395534	157575858	protein_coding
CCNJL	TvC	chr5	160249083	160345396	protein_coding
TBX3	TvC	chr12	114670255	114684175	protein_coding
OASL	TvC	chr12	121017763	121039246	protein_coding
HRK	TvC	chr12	116856144	116881441	protein_coding
BICDL1	TvC	chr12	119988925	120094496	protein_coding
DTX1	TvC	chr12	113056710	113098028	protein_coding
KCP	TvC	chr7	128862042	128910719	protein_coding
ANKRD6	TvC	chr6	89433119	89633838	protein_coding
CEP162	TvC	chr6	84124241	84227685	protein_coding
PRR5L	TvC	chr11	36296120	36465209	protein_coding
PHF21A	TvC	chr11	45929319	46121473	protein_coding
EHF	TvC	chr11	34617044	34663386	protein_coding
PRRG4	TvC	chr11	32829675	32858120	protein_coding
AVIL	TvC	chr12	57797376	57818734	protein_coding
AGAP2	TvC	chr12	57723761	57742157	protein_coding
B4GALNT1	TvC	chr12	57623409	57633239	protein_coding
MAP7	TvC	chr6	136342281	136550819	protein_coding
PKIB	TvC	chr6	122471917	122726375	protein_coding
STX11	TvC	chr6	144149970	144191939	protein_coding
EGR4	TvC	chr2	73290927	73293721	protein_coding
DYSF	TvC	chr2	71453561	71686763	protein_coding
KCNMB4	TvC	chr12	70366290	70434292	protein_coding
CPM	TvC	chr12	68842197	68971570	protein_coding
BCO1	TvC	chr16	81238576	81291226	protein_coding
KIAA0513	TvC	chr16	85027709	85094230	protein_coding
FHOD1	TvC	chr16	67229387	67247539	protein_coding
GLUL	TvC	chr1	182378098	182392206	protein_coding
NIBAN1	TvC	chr1	184790724	184974611	protein_coding
DOCK10	TvC	chr2	224765090	225042468	protein_coding
SERPINE2	TvC	chr2	223975045	224039688	protein_coding
CYP27A1	TvC	chr2	218781738	218815293	protein_coding
ALDH1L2	TvC	chr12	105019784	105107643	protein_coding
VILL	TvC	chr3	37987978	38007188	protein_coding
THSD1	TvC	chr13	52377163	52416373	protein_coding
LMO7	TvC	chr13	75620434	75859870	protein_coding
SCEL	TvC	chr13	77535605	77646769	protein_coding
RCBTB2	TvC	chr13	48488959	48536006	protein_coding
LCP1	TvC	chr13	46125920	46211871	protein_coding
TNS3	TvC	chr7	47275154	47582558	protein_coding
RAPGEF5	TvC	chr7	22118236	22357154	protein_coding
MYO1G	TvC	chr7	44962662	44979813	protein_coding
ADAMTS7	TvC	chr15	78759204	78811503	protein_coding
ABHD17C	TvC	chr15	80679684	80755621	protein_coding
LIMD2	TvC	chr17	63695883	63701172	protein_coding
RTP4	TvC	chr3	187368385	187372076	protein_coding
TBR1	TvC	chr2	161416297	161425870	protein_coding
GALNT5	TvC	chr2	157257578	157318491	protein_coding
HLX	TvC	chr1	220879431	220885059	protein_coding
IL36G	TvC	chr2	112973203	112985658	protein_coding
IL1RN	TvC	chr2	113099315	113134016	protein_coding
IL36RN	TvC	chr2	113058638	113065382	protein_coding
BIN1	TvC	chr2	127048017	127107556	protein_coding
KLF4	TvC	chr9	107484852	107490482	protein_coding
RALGPS1	TvC	chr9	126914774	127223166	protein_coding
ST6GALNAC4	TvC	chr9	127907876	127917055	protein_coding
CTSV	TvC	chr9	97025073	97156556	protein_coding
ENPP2	TvC	chr8	119557085	119673453	protein_coding
CCN3	TvC	chr8	119416446	119424434	protein_coding
IL33	TvC	chr9	6215136	6257983	protein_coding
TLN1	TvC	chr9	35696948	35732195	protein_coding
DNAJB5	TvC	chr9	34989641	34998900	protein_coding
PIM1	TvC	chr6	37170152	37175428	protein_coding
GMPR	TvC	chr6	16238555	16295923	protein_coding
KIAA0319	TvC	chr6	24544104	24646191	protein_coding
IER3	TvC	chr6	30743199	30744550	protein_coding
FGFBP1	TvC	chr4	15934507	15939171	protein_coding
MYO7A	TvC	chr11	77128245	77215241	protein_coding
ARRB1	TvC	chr11	75260122	75351791	protein_coding
RAB30	TvC	chr11	82973133	83071923	protein_coding
SULF1	TvC	chr8	69466624	69660935	protein_coding
TMPRSS4	TvC	chr11	118077012	118125510	protein_coding
TRIM29	TvC	chr11	120111286	120185529	protein_coding
POU2F3	TvC	chr11	120236640	120319945	protein_coding
TMPRSS13	TvC	chr11	117900641	117929459	protein_coding
SQOR	TvC	chr15	45631148	45691299	protein_coding
ITPKA	TvC	chr15	41493360	41503554	protein_coding
GCHFR	TvC	chr15	40764068	40767708	protein_coding
IFI44L	TvC	chr1	78619902	78646145	protein_coding
GIPC2	TvC	chr1	77979542	78138448	protein_coding
ARHGAP29	TvC	chr1	94148988	94275068	protein_coding
CGREF1	TvC	chr2	27098889	27119128	protein_coding
CYP1B1	TvC	chr2	38066973	38109902	protein_coding
BTBD16	TvC	chr10	122271296	122338159	protein_coding
DUSP5	TvC	chr10	110497907	110511541	protein_coding
CALHM2	TvC	chr10	103446784	103452780	protein_coding
ZNF365	TvC	chr10	62374192	62480288	protein_coding
OIT3	TvC	chr10	72893573	72933036	protein_coding
TET1	TvC	chr10	68560310	68694586	protein_coding
MYPN	TvC	chr10	68087897	68212017	protein_coding
AOX1	TvC	chr2	200585864	200677064	protein_coding
STAT4	TvC	chr2	191029570	191178435	protein_coding
CDK15	TvC	chr2	201790461	201895550	protein_coding
MDH1B	TvC	chr2	206737763	206765328	protein_coding
HECW2	TvC	chr2	196189099	196593684	protein_coding
SLC49A4	TvC	chr3	122795069	122881139	protein_coding
COX17	TvC	chr3	119654513	119677621	protein_coding
SHF	TvC	chr15	45167214	45201175	protein_coding
APH1B	TvC	chr15	63276018	63309126	protein_coding
SEMA7A	TvC	chr15	74409289	74433958	protein_coding
ARHGAP24	TvC	chr4	85475150	86002668	protein_coding
HERC3	TvC	chr4	88592434	88708540	protein_coding
RASGEF1B	TvC	chr4	81426393	82044244	protein_coding
GPAT3	TvC	chr4	83535619	83605875	protein_coding
FRAS1	TvC	chr4	78057323	78544269	protein_coding
CDKL2	TvC	chr4	75576494	75630716	protein_coding
ANXA3	TvC	chr4	78551621	78610493	protein_coding
EGF	TvC	chr4	109912883	110013766	protein_coding
FBN2	TvC	chr5	128257909	128659185	protein_coding
RGS3	TvC	chr9	113444731	113597743	protein_coding
SHISAL1	TvC	chr22	44243665	44312951	protein_coding
B4GALNT3	TvC	chr12	459923	563509	protein_coding
PIK3C2G	TvC	chr12	18242960	18648416	protein_coding
PLCZ1	TvC	chr12	18683169	18738100	protein_coding
AMIGO2	TvC	chr12	47075707	47080902	protein_coding
PHLDA1	TvC	chr12	76025447	76031776	protein_coding
DUSP6	TvC	chr12	89347235	89352501	protein_coding
TMEM132B	TvC	chr12	125186386	125662377	protein_coding
FAM222A	TvC	chr12	109713825	109770495	protein_coding
SLC46A3	TvC	chr13	28700064	28719012	protein_coding
MAP3K12	TvC	chr12	53479669	53500063	protein_coding
RHOF	TvC	chr12	121777754	121803403	protein_coding
SLAIN1	TvC	chr13	77697687	77764242	protein_coding
GRTP1	TvC	chr13	113324163	113364158	protein_coding
TTC6	TvC	chr14	37595629	38041442	protein_coding
REM2	TvC	chr14	22883136	22887686	protein_coding
RTN1	TvC	chr14	59595976	59870796	protein_coding
SYT16	TvC	chr14	61811849	62112550	protein_coding
SLC38A6	TvC	chr14	60981114	61114316	protein_coding
JDP2	TvC	chr14	75427716	75474111	protein_coding
FBLN5	TvC	chr14	91869410	91948064	protein_coding
SERPINA10	TvC	chr14	94278767	94293295	protein_coding
SLC27A2	TvC	chr15	50182196	50236445	protein_coding
PSTPIP1	TvC	chr15	76993325	77037475	protein_coding
BCL2A1	TvC	chr15	79960892	79971196	protein_coding
DNAJA4	TvC	chr15	78264086	78282196	protein_coding
ARRDC4	TvC	chr15	97960703	97973838	protein_coding
CYP1A1	TvC	chr15	74719542	74725536	protein_coding
HAPLN3	TvC	chr15	88877294	88895597	protein_coding
MFGE8	TvC	chr15	88898683	88913468	protein_coding
SH3GL3	TvC	chr15	83447228	83618743	protein_coding
TGFB1I1	TvC	chr16	31471585	31478727	protein_coding
NKD1	TvC	chr16	50548396	50649249	protein_coding
MARVELD3	TvC	chr16	71626161	71642114	protein_coding
ZFHX3	TvC	chr16	72782885	73891871	protein_coding
CLEC18B	TvC	chr16	74408631	74424179	protein_coding
CDH11	TvC	chr16	64943753	65126112	protein_coding
NOL3	TvC	chr16	67170154	67176189	protein_coding
OSGIN1	TvC	chr16	83931311	83966333	protein_coding
ABCA8	TvC	chr17	68866052	68955470	protein_coding
GNAL	TvC	chr18	11689264	11885685	protein_coding
GATA6	TvC	chr18	22168837	22204154	protein_coding
GREB1L	TvC	chr18	21242229	21526112	protein_coding
ZMYND15	TvC	chr17	4739108	4746119	protein_coding
CCDC40	TvC	chr17	80036632	80100613	protein_coding
TMC6	TvC	chr17	78107397	78132579	protein_coding
CARD14	TvC	chr17	80169992	80216073	protein_coding
SECTM1	TvC	chr17	82321024	82335518	protein_coding
PMAIP1	TvC	chr18	59899644	59904305	protein_coding
P3H4	TvC	chr17	41801944	41812750	protein_coding
GRB7	TvC	chr17	39737490	39747292	protein_coding
STAC2	TvC	chr17	39210540	39225945	protein_coding
IGFBP4	TvC	chr17	40443446	40457727	protein_coding
FKBP10	TvC	chr17	41812680	41823221	protein_coding
PLPP2	TvC	chr19	278504	291403	protein_coding
VAV1	TvC	chr19	6772694	6857366	protein_coding
CIB3	TvC	chr19	16161368	16173525	protein_coding
ZFP14	TvC	chr19	36334453	36379201	protein_coding
COL6A1	TvC	chr21	45981755	46005050	protein_coding
SIK1	TvC	chr21	43414483	43427131	protein_coding
EMP3	TvC	chr19	48321310	48330560	protein_coding
CBLC	TvC	chr19	44777845	44802291	protein_coding
NLRP12	TvC	chr19	53792139	53824403	protein_coding
CACNG8	TvC	chr19	53962937	53990215	protein_coding
EVI5L	TvC	chr19	7830182	7864980	protein_coding
SLC47A1	TvC	chr17	19495385	19579034	protein_coding
SIGLEC10	TvC	chr19	51410020	51417803	protein_coding
ACP4	TvC	chr19	50790415	50795219	protein_coding
GARIN5A	TvC	chr19	50466785	50476866	protein_coding
SLC2A5	TvC	chr1	9035106	9088478	protein_coding
PADI3	TvC	chr1	17249098	17284233	protein_coding
FHAD1	TvC	chr1	15236521	15400283	protein_coding
PADI1	TvC	chr1	17205128	17246007	protein_coding
EPHA2	TvC	chr1	16124337	16156069	protein_coding
ARHGEF19	TvC	chr1	16197854	16212893	protein_coding
TINAGL1	TvC	chr1	31576485	31587689	protein_coding
CYP4B1	TvC	chr1	46757838	46819413	protein_coding
SLC44A3	TvC	chr1	94820278	94895246	protein_coding
ZNF697	TvC	chr1	119619377	119648454	protein_coding
CD53	TvC	chr1	110871176	110899936	protein_coding
CELSR2	TvC	chr1	109249539	109275751	protein_coding
ITGA10	TvC	chr1	145891206	145910111	protein_coding
DPT	TvC	chr1	168695457	168729206	protein_coding
ADCY10	TvC	chr1	167809386	167914215	protein_coding
NECTIN4	TvC	chr1	161070988	161090045	protein_coding
RGS16	TvC	chr1	182598623	182604394	protein_coding
HMCN1	TvC	chr1	185734391	186190949	protein_coding
RGL1	TvC	chr1	183636085	183928532	protein_coding
LHX9	TvC	chr1	197911902	197935478	protein_coding
RORC	TvC	chr1	151806071	151831845	protein_coding
TUFT1	TvC	chr1	151540305	151583583	protein_coding
CGN	TvC	chr1	151510139	151538692	protein_coding
ADAMTSL4	TvC	chr1	150549369	150560937	protein_coding
CTSK	TvC	chr1	150794880	150809577	protein_coding
SELENBP1	TvC	chr1	151364302	151372716	protein_coding
OAZ3	TvC	chr1	151762899	151771334	protein_coding
SUSD4	TvC	chr1	223220819	223365279	protein_coding
DUSP10	TvC	chr1	221700669	221742089	protein_coding
ATP8B2	TvC	chr1	154325520	154351307	protein_coding
S100A8	TvC	chr1	153390032	153391142	protein_coding
SLC27A3	TvC	chr1	153774354	153780158	protein_coding
S100A7	TvC	chr1	153457744	153460651	protein_coding
MBOAT2	TvC	chr2	8852690	9003747	protein_coding
SOX13	TvC	chr1	204073111	204127743	protein_coding
ETNK2	TvC	chr1	204131062	204152044	protein_coding
PPFIA4	TvC	chr1	203026491	203078740	protein_coding
PLEKHA6	TvC	chr1	204218851	204378214	protein_coding
OSR1	TvC	chr2	19351485	19359486	protein_coding
DQX1	TvC	chr2	74518131	74526396	protein_coding
NPHP1	TvC	chr2	110122311	110205066	protein_coding
THNSL2	TvC	chr2	88170295	88186636	protein_coding
FAHD2B	TvC	chr2	97082040	97094903	protein_coding
TMEFF2	TvC	chr2	191949043	192194985	protein_coding
GULP1	TvC	chr2	188291105	188595943	protein_coding
ABCA12	TvC	chr2	214931542	215138626	protein_coding
CTDSP1	TvC	chr2	218397136	218405942	protein_coding
SLC22A14	TvC	chr3	38282294	38318575	protein_coding
PTPRG	TvC	chr3	61561569	62297609	protein_coding
IL17RD	TvC	chr3	57089982	57170306	protein_coding
NFKBIZ	TvC	chr3	101827991	101861022	protein_coding
PHLDB2	TvC	chr3	111732403	111976837	protein_coding
ABHD10	TvC	chr3	111978972	111993368	protein_coding
AGTR1	TvC	chr3	148697784	148743045	protein_coding
MED12L	TvC	chr3	151085286	151437072	protein_coding
ALDH1L1	TvC	chr3	126103561	126197994	protein_coding
UCN2	TvC	chr3	48561718	48563781	protein_coding
ENSG00000145063	TvC	chr2	11105317	11132821	lncRNA
EAF2	TvC	chr3	121835183	121886526	protein_coding
ILDR1	TvC	chr3	121987323	122022274	protein_coding
EPHA5	TvC	chr4	65319563	65670495	protein_coding
PLAC8	TvC	chr4	83059493	83137075	protein_coding
ANK2	TvC	chr4	112818032	113384231	protein_coding
RNF175	TvC	chr4	153710160	153760031	protein_coding
PDGFC	TvC	chr4	156760454	156971799	protein_coding
ROPN1L	TvC	chr5	10441524	10559716	protein_coding
OTULINL	TvC	chr5	14581792	14616180	protein_coding
UGT3A1	TvC	chr5	35951006	36001028	protein_coding
PLK2	TvC	chr5	58453982	58460139	protein_coding
PIK3R1	TvC	chr5	68215740	68301821	protein_coding
SSBP2	TvC	chr5	81412804	81752038	protein_coding
ANKRD31	TvC	chr5	75068275	75236911	protein_coding
RASA1	TvC	chr5	87267778	87391939	protein_coding
ARHGAP26	TvC	chr5	142770377	143229011	protein_coding
C1QTNF2	TvC	chr5	160347754	160370645	protein_coding
TNIP1	TvC	chr5	151029939	151093577	protein_coding
N4BP3	TvC	chr5	178113167	178127034	protein_coding
MYLK4	TvC	chr6	2663629	2770330	protein_coding
GFOD1	TvC	chr6	13357830	13487662	protein_coding
PLA2G7	TvC	chr6	46704201	46735718	protein_coding
TNFRSF21	TvC	chr6	47231532	47309947	protein_coding
RASGEF1C	TvC	chr5	180100795	180209225	protein_coding
DOK3	TvC	chr5	177501904	177511274	protein_coding
DAAM2	TvC	chr6	39792298	39904877	protein_coding
FGD2	TvC	chr6	37005645	37029299	protein_coding
SCUBE3	TvC	chr6	35213859	35253080	protein_coding
CRIP3	TvC	chr6	43299710	43308874	protein_coding
NFKBIE	TvC	chr6	44258166	44265788	protein_coding
CYP39A1	TvC	chr6	46549383	46652830	protein_coding
SLC2A12	TvC	chr6	133987581	134052660	protein_coding
SDK1	TvC	chr7	3301252	4269000	protein_coding
IGFBP3	TvC	chr7	45912245	45921874	protein_coding
STRA8	TvC	chr7	135231979	135258663	protein_coding
EPHA1	TvC	chr7	143390289	143408856	protein_coding
SHROOM2	TvC	chrX	9786429	9949443	protein_coding
RAB19	TvC	chr7	140404047	140427974	protein_coding
SLC16A2	TvC	chrX	74421383	74533918	protein_coding
CCDC120	TvC	chrX	49053572	49069857	protein_coding
GCNA	TvC	chrX	71578437	71613584	protein_coding
ZNF711	TvC	chrX	85243839	85273422	protein_coding
FRMPD3	TvC	chrX	107449652	107605255	protein_coding
DOCK11	TvC	chrX	118495814	118686974	protein_coding
GPC3	TvC	chrX	133535745	133987100	protein_coding
ZNF185	TvC	chrX	152896695	152973511	protein_coding
ST18	TvC	chr8	52110838	52460983	protein_coding
TACC1	TvC	chr8	38728166	38853028	protein_coding
SYBU	TvC	chr8	109573978	109691791	protein_coding
GSDMC	TvC	chr8	129748196	129786624	protein_coding
C9orf72	TvC	chr9	27535640	27573895	protein_coding
NTRK2	TvC	chr9	84668375	85095751	protein_coding
UGCG	TvC	chr9	111896814	111935374	protein_coding
NR6A1	TvC	chr9	124517275	124771311	protein_coding
CRB2	TvC	chr9	123356170	123380324	protein_coding
ASTN2	TvC	chr9	116423112	117415070	protein_coding
LCN2	TvC	chr9	128149071	128153453	protein_coding
NOTCH1	TvC	chr9	136494433	136546048	protein_coding
PROSER2	TvC	chr10	11823339	11872277	protein_coding
ZEB1	TvC	chr10	31318495	31529814	protein_coding
CAMK2G	TvC	chr10	73812501	73874641	protein_coding
HTR7	TvC	chr10	90740823	90858039	protein_coding
ADD3	TvC	chr10	109996356	110135565	protein_coding
PLEKHS1	TvC	chr10	113751262	113783429	protein_coding
PAOX	TvC	chr10	133379246	133392078	protein_coding
SAA4	TvC	chr11	18231344	18236860	protein_coding
SYT8	TvC	chr11	1828307	1837521	protein_coding
SERPING1	TvC	chr11	57597387	57619246	protein_coding
PTPRJ	TvC	chr11	47980425	48170839	protein_coding
TENM4	TvC	chr11	78652829	79441030	protein_coding
PAK1	TvC	chr11	77321548	77474635	protein_coding
NCAM1	TvC	chr11	112961275	113278436	protein_coding
DRD2	TvC	chr11	113409605	113476402	protein_coding
ST14	TvC	chr11	130159746	130210367	protein_coding
TMC2	TvC	chr20	2536573	2643580	protein_coding
ESAM	TvC	chr11	124752583	124762315	protein_coding
MPZL2	TvC	chr11	118253416	118264536	protein_coding
TMEM25	TvC	chr11	118531041	118547280	protein_coding
TAGLN	TvC	chr11	117197509	117207464	protein_coding
JPH2	TvC	chr20	44106590	44189032	protein_coding
TLCD3B	TvC	chr16	30024426	30052978	protein_coding
DOC2A	TvC	chr16	30005507	30023270	protein_coding
MPP7	TvC	chr10	28050993	28335290	protein_coding
CTF1	TvC	chr16	30896614	30903547	protein_coding
FAM124A	TvC	chr13	51222334	51284239	protein_coding
HNMT	TvC	chr2	137964020	138016364	protein_coding
LYPD6B	TvC	chr2	149037975	149215262	protein_coding
DIXDC1	TvC	chr11	111927144	112022653	protein_coding
PIH1D2	TvC	chr11	112063218	112074274	protein_coding
FREM2	TvC	chr13	38687077	38887131	protein_coding
FOXO1	TvC	chr13	40555667	40667612	protein_coding
SLC7A11	TvC	chr4	138164097	138242349	protein_coding
DCP1B	TvC	chr12	1946052	2004535	protein_coding
THRB	TvC	chr3	24117153	24495756	protein_coding
TMEM86A	TvC	chr11	18693122	18704785	protein_coding
ABTB3	TvC	chr12	107318421	107659642	protein_coding
ANK3	TvC	chr10	60026298	60733490	protein_coding
MAT1A	TvC	chr10	80269780	80290126	protein_coding
ME3	TvC	chr11	86438751	86672636	protein_coding
ADAMTS12	TvC	chr5	33523535	33892019	protein_coding
FRMD4A	TvC	chr10	13643706	14462142	protein_coding
PTPRO	TvC	chr12	15322257	15602175	protein_coding
ANO4	TvC	chr12	100717244	101128648	protein_coding
AKR1C2	TvC	chr10	4987775	5018031	protein_coding
ADAM8	TvC	chr10	133262416	133276909	protein_coding
ITIH2	TvC	chr10	7699386	7758675	protein_coding
ADAM17	TvC	chr2	9488486	9556732	protein_coding
TMEM45B	TvC	chr11	129815791	129861265	protein_coding
ACSL1	TvC	chr4	184755501	184826853	protein_coding
CCL28	TvC	chr5	43376645	43412391	protein_coding
BEND6	TvC	chr6	56954924	57027832	protein_coding
CCDC74B	TvC	chr2	130139287	130145134	protein_coding
TLCD4	TvC	chr1	95117292	95197607	protein_coding
TUBA3E	TvC	chr2	130191745	130198439	protein_coding
TMEM178A	TvC	chr2	39664982	39717963	protein_coding
PSTPIP2	TvC	chr18	45983536	46072296	protein_coding
TCF7L1	TvC	chr2	85133392	85310388	protein_coding
SH2D6	TvC	chr2	85418714	85437029	protein_coding
KCNK13	TvC	chr14	90061994	90185853	protein_coding
FAM151B	TvC	chr5	80487969	80542563	protein_coding
ZNF256	TvC	chr19	57940833	57947706	protein_coding
OLAH	TvC	chr10	15032227	15073853	protein_coding
PLEKHH2	TvC	chr2	43637260	43767987	protein_coding
SPARCL1	TvC	chr4	87473329	87531118	protein_coding
GJA1	TvC	chr6	121435577	121449727	protein_coding
CATSPER3	TvC	chr5	134967907	135011696	protein_coding
ANKRD22	TvC	chr10	88819896	88851844	protein_coding
SLC16A12	TvC	chr10	89430174	89556701	protein_coding
PRDM8	TvC	chr4	80183879	80204329	protein_coding
BMP3	TvC	chr4	81030632	81057627	protein_coding
UTRN	TvC	chr6	144285335	144853034	protein_coding
LMNTD1	TvC	chr12	25409307	25648579	protein_coding
PLOD2	TvC	chr3	146035139	146163725	protein_coding
CPB1	TvC	chr3	148791102	148860187	protein_coding
ACOXL	TvC	chr2	110732524	111118548	protein_coding
BMP6	TvC	chr6	7726049	7881728	protein_coding
PLA2R1	TvC	chr2	159932006	160062636	protein_coding
ADGRF1	TvC	chr6	46997708	47042350	protein_coding
SPACA7	TvC	chr13	112376355	112434689	protein_coding
CMTM7	TvC	chr3	32391686	32483067	protein_coding
CD8A	TvC	chr2	86784610	86808396	protein_coding
RPIA	TvC	chr2	88691642	88750933	protein_coding
LURAP1L	TvC	chr9	12775020	12823060	protein_coding
CMIP	TvC	chr16	81444808	81711762	protein_coding
PID1	TvC	chr2	228850526	229271867	protein_coding
DDAH1	TvC	chr1	85318481	85578363	protein_coding
GDPD1	TvC	chr17	59220467	59275970	protein_coding
SEMA3D	TvC	chr7	84995195	85187056	protein_coding
UBASH3B	TvC	chr11	122655722	122814473	protein_coding
ROBO4	TvC	chr11	124883666	124898500	protein_coding
ROBO3	TvC	chr11	124865432	124881471	protein_coding
NRGN	TvC	chr11	124739939	124747210	protein_coding
RETREG1	TvC	chr5	16473038	16617101	protein_coding
ANGPT1	TvC	chr8	107249482	107498055	protein_coding
CYP4Z2P	TvC	chr1	46843178	46900434	transcribed_unprocessed_pseudogene
LRRK1	TvC	chr15	100919327	101078257	protein_coding
CEP112	TvC	chr17	65635537	66192251	protein_coding
ABCA9	TvC	chr17	68974488	69060949	protein_coding
ABCA6	TvC	chr17	69074255	69142031	protein_coding
DISP1	TvC	chr1	222814730	223006258	protein_coding
FAM167A	TvC	chr8	11421463	11475908	protein_coding
PGM5	TvC	chr9	68328308	68535009	protein_coding
CFAP210	TvC	chr2	169645425	169694405	protein_coding
SRSF12	TvC	chr6	89093949	89118071	protein_coding
SORBS2	TvC	chr4	185585444	185956652	protein_coding
CXADR	TvC	chr21	17512971	17593579	protein_coding
BTG3	TvC	chr21	17593650	17613014	protein_coding
CHODL	TvC	chr21	17901263	18267373	protein_coding
TMPRSS15	TvC	chr21	18269116	18485879	protein_coding
PDE1C	TvC	chr7	31751179	32428131	protein_coding
JAM2	TvC	chr21	25639258	25717562	protein_coding
SLFN13	TvC	chr17	35435096	35449766	protein_coding
WNT7A	TvC	chr3	13816258	13880071	protein_coding
PLCL2	TvC	chr3	16802651	17090604	protein_coding
USP43	TvC	chr17	9644663	9729693	protein_coding
ACSS1	TvC	chr20	25006230	25058980	protein_coding
PTPRN2	TvC	chr7	157539056	158587823	protein_coding
PIP4P2	TvC	chr8	90990482	91041007	protein_coding
TTC39B	TvC	chr9	15163622	15307360	protein_coding
GOLGA7B	TvC	chr10	97849295	97871580	protein_coding
GPR78	TvC	chr4	8558725	8619761	protein_coding
SAMSN1	TvC	chr21	14485228	14658821	protein_coding
PPM1J	TvC	chr1	112709994	112715336	protein_coding
GRIA1	TvC	chr5	153489615	153813869	protein_coding
LRGUK	TvC	chr7	134127299	134264595	protein_coding
PIK3AP1	TvC	chr10	96593043	96720534	protein_coding
FLACC1	TvC	chr2	201288271	201357398	protein_coding
FZD7	TvC	chr2	202033855	202038441	protein_coding
DEPTOR	TvC	chr8	119873717	120050918	protein_coding
SLC26A2	TvC	chr5	149960758	149993455	protein_coding
SAXO1	TvC	chr9	18858906	19049358	protein_coding
PXYLP1	TvC	chr3	141228726	141367753	protein_coding
RAET1L	TvC	chr6	150018334	150025532	protein_coding
GRIP1	TvC	chr12	66347431	67069162	protein_coding
PSD3	TvC	chr8	18527303	19084730	protein_coding
MMP16	TvC	chr8	88032011	88328025	protein_coding
KCNMA1	TvC	chr10	76869601	77638369	protein_coding
CFAP161	TvC	chr15	81007033	81149179	protein_coding
ART3	TvC	chr4	76011184	76114094	protein_coding
MAP3K7CL	TvC	chr21	29077060	29175889	protein_coding
BACH1	TvC	chr21	29194071	29630751	protein_coding
TSPAN7	TvC	chrX	38561498	38689249	protein_coding
TIAM1	TvC	chr21	31117985	31559977	protein_coding
FUT6	TvC	chr19	5830361	5839722	protein_coding
PCDH1	TvC	chr5	141853090	141879246	protein_coding
SH3RF2	TvC	chr5	145936425	146085976	protein_coding
NODAL	TvC	chr10	70431936	70447951	protein_coding
UBE2L6	TvC	chr11	57551656	57568284	protein_coding
RAB11FIP1	TvC	chr8	37858618	37899513	protein_coding
GLYATL2	TvC	chr11	58834065	58904215	protein_coding
MAPK13	TvC	chr6	36127809	36144524	protein_coding
IGKV1OR-2	TvC	chr9	64765054	64765535	IG_V_pseudogene
B3GNT7	TvC	chr2	231395671	231408799	protein_coding
EIF4A2	TvC	chr3	186783205	186789901	protein_coding
SYN2	TvC	chr3	12004388	12192032	protein_coding
NRG1	TvC	chr8	31639222	32855666	protein_coding
STEAP2	TvC	chr7	90167590	90238137	protein_coding
FZD1	TvC	chr7	91264433	91271326	protein_coding
CLEC18A	TvC	chr16	69950705	69964452	protein_coding
CLEC18C	TvC	chr16	70173322	70187361	protein_coding
ARMC12	TvC	chr6	35737032	35749079	protein_coding
ST3GAL2	TvC	chr16	70375977	70439263	protein_coding
CACNA1D	TvC	chr3	53328963	53813733	protein_coding
ARSL	TvC	chrX	2934045	2968475	protein_coding
CACNA2D3	TvC	chr3	54122427	55074557	protein_coding
TSC22D3	TvC	chrX	107713221	107777342	protein_coding
KCNJ6	TvC	chr21	37607373	38121345	protein_coding
KCNJ15	TvC	chr21	38155549	38307357	protein_coding
TSPAN18	TvC	chr11	44726322	44932427	protein_coding
LCA5L	TvC	chr21	39405135	39445805	protein_coding
CREB3L1	TvC	chr11	46277637	46321422	protein_coding
PALM2AKAP2	TvC	chr9	109498325	110172512	protein_coding
ZNF618	TvC	chr9	113876052	114056593	protein_coding
DGKI	TvC	chr7	137381037	137847092	protein_coding
ACAN	TvC	chr15	88803436	88875353	protein_coding
WDR19	TvC	chr4	39182494	39285810	protein_coding
PRXL2B	TvC	chr1	2586491	2591470	protein_coding
CIB4	TvC	chr2	26581205	26641366	protein_coding
KRTCAP3	TvC	chr2	27442337	27446481	protein_coding
EXTL1	TvC	chr1	26019884	26036464	protein_coding
DUSP2	TvC	chr2	96143166	96145440	protein_coding
UBXN11	TvC	chr1	26281328	26318363	protein_coding
RHPN1	TvC	chr8	143368810	143384221	protein_coding
XDH	TvC	chr2	31334320	31414747	protein_coding
DZIP1L	TvC	chr3	138061987	138115839	protein_coding
ESYT3	TvC	chr3	138434586	138481686	protein_coding
TENT5B	TvC	chr1	27005020	27012850	protein_coding
RNF207	TvC	chr1	6205392	6221299	protein_coding
GPR153	TvC	chr1	6247347	6261098	protein_coding
SLC13A3	TvC	chr20	46557823	46684467	protein_coding
KCNB1	TvC	chr20	49293394	49484297	protein_coding
TSPAN33	TvC	chr7	129144690	129169699	protein_coding
NRG2	TvC	chr5	139846779	140043299	protein_coding
B4GALT5	TvC	chr20	49632945	49713908	protein_coding
CD1D	TvC	chr1	158178015	158186427	protein_coding
PPP1R9A	TvC	chr7	94907202	95296415	protein_coding
ALAS2	TvC	chrX	55009055	55030986	protein_coding
SLC45A3	TvC	chr1	205657851	205680990	protein_coding
DUSP23	TvC	chr1	159780932	159782543	protein_coding
F11R	TvC	chr1	160995211	161023123	protein_coding
NPM2	TvC	chr8	22024125	22036897	protein_coding
CDA	TvC	chr1	20588932	20618908	protein_coding
PINK1	TvC	chr1	20633458	20651511	protein_coding
FCER1G	TvC	chr1	161215234	161220699	protein_coding
MPZ	TvC	chr1	161304735	161309968	protein_coding
WFDC8	TvC	chr20	45551153	45579326	protein_coding
CACHD1	TvC	chr1	64469765	64693058	protein_coding
STC1	TvC	chr8	23841929	23854806	protein_coding
TNNI1	TvC	chr1	201403784	201429866	protein_coding
CIART	TvC	chr1	150282543	150287093	protein_coding
RUNX1	TvC	chr21	34787801	36004667	protein_coding
ENSG00000159239	TvC	chr2	74393836	74421662	protein_coding
PTMS	TvC	chr12	6765516	6770952	protein_coding
PLA2G4D	TvC	chr15	42067009	42094562	protein_coding
PADI4	TvC	chr1	17308195	17364004	protein_coding
BTG2	TvC	chr1	203305491	203309602	protein_coding
HK2	TvC	chr2	74834079	74893359	protein_coding
C1R	TvC	chr12	7080213	7092540	protein_coding
STARD9	TvC	chr15	42575606	42720998	protein_coding
PGLYRP3	TvC	chr1	153297116	153312952	protein_coding
ISL2	TvC	chr15	76336773	76342475	protein_coding
ACE	TvC	chr17	63477058	63498380	protein_coding
SPON2	TvC	chr4	1166932	1208962	protein_coding
CHCHD6	TvC	chr3	126704214	126960420	protein_coding
ZFYVE28	TvC	chr4	2269582	2418651	protein_coding
C16orf86	TvC	chr16	67666814	67668757	protein_coding
FAM131B	TvC	chr7	143353400	143362815	protein_coding
LYPD5	TvC	chr19	43785874	43827206	protein_coding
CCDC107	TvC	chr9	35658290	35661511	protein_coding
ZNF362	TvC	chr1	33256359	33300719	protein_coding
CPAMD8	TvC	chr19	16892951	17026815	protein_coding
ANKLE1	TvC	chr19	17281645	17287649	protein_coding
ABCG1	TvC	chr21	42199689	42304389	protein_coding
RSPH1	TvC	chr21	42472486	42496366	protein_coding
SLC37A1	TvC	chr21	42495994	42581440	protein_coding
PDE9A	TvC	chr21	42653591	42775513	protein_coding
CSTB	TvC	chr21	43772511	43776579	protein_coding
GAB3	TvC	chrX	154675249	154751583	protein_coding
ICOSLG	TvC	chr21	44215382	44241446	protein_coding
CFAP410	TvC	chr21	44328944	44339402	protein_coding
LRRC3	TvC	chr21	44455490	44462196	protein_coding
SLX9	TvC	chr21	44939938	44977014	protein_coding
LSS	TvC	chr21	46188141	46228840	protein_coding
ADAMTS13	TvC	chr9	133414358	133459402	protein_coding
SLC2A6	TvC	chr9	133471088	133479148	protein_coding
GPSM1	TvC	chr9	136327476	136359605	protein_coding
ST6GALNAC6	TvC	chr9	127885321	127906616	protein_coding
PKN3	TvC	chr9	128702499	128720924	protein_coding
BRSK1	TvC	chr19	55282072	55312562	protein_coding
COX6B2	TvC	chr19	55349306	55354719	protein_coding
PLPP7	TvC	chr9	131289459	131359022	protein_coding
DEDD2	TvC	chr19	42198593	42220140	protein_coding
ZBTB7B	TvC	chr1	155002543	155018525	protein_coding
IL6R	TvC	chr1	154405193	154469450	protein_coding
NBEAL2	TvC	chr3	46979666	47009707	protein_coding
AZGP1	TvC	chr7	99966720	99976066	protein_coding
HK3	TvC	chr5	176880820	176899437	protein_coding
SH2B2	TvC	chr7	102284995	102321712	protein_coding
SQSTM1	TvC	chr5	179806398	179838078	protein_coding
FBXO27	TvC	chr19	38990714	39033773	protein_coding
BDH1	TvC	chr3	197509776	197573382	protein_coding
LRRC56	TvC	chr11	536841	554925	protein_coding
SHANK1	TvC	chr19	50659255	50719802	protein_coding
FMNL3	TvC	chr12	49636499	49708165	protein_coding
AQP5	TvC	chr12	49961811	49965682	protein_coding
IP6K3	TvC	chr6	33721315	33750520	protein_coding
ALOX15	TvC	chr17	4630919	4642294	protein_coding
CXCL16	TvC	chr17	4733533	4739934	protein_coding
MSLNL	TvC	chr16	769428	782054	protein_coding
BICDL2	TvC	chr16	3027682	3036993	protein_coding
ZG16B	TvC	chr16	2830162	2839585	protein_coding
SHANK2	TvC	chr11	70467805	71252844	protein_coding
PDZK1IP1	TvC	chr1	47183582	47191398	protein_coding
PLPP3	TvC	chr1	56494761	56645301	protein_coding
PRKAA2	TvC	chr1	56645314	56715335	protein_coding
SLC45A1	TvC	chr1	8318104	8344167	protein_coding
SLC25A34	TvC	chr1	15736176	15741392	protein_coding
AKR7A3	TvC	chr1	19282496	19288823	protein_coding
DHRS3	TvC	chr1	12567909	12620133	protein_coding
LAPTM5	TvC	chr1	30732465	30757855	protein_coding
SDC3	TvC	chr1	30869466	30908810	protein_coding
SYNC	TvC	chr1	32679906	32703596	protein_coding
NHSL3	TvC	chr1	32741696	32774970	protein_coding
MEGF6	TvC	chr1	3487942	3611543	protein_coding
CCDC27	TvC	chr1	3746460	3771645	protein_coding
NEXN	TvC	chr1	77888480	77943895	protein_coding
LRRIQ3	TvC	chr1	74026015	74198187	protein_coding
NTNG1	TvC	chr1	107140007	107484923	protein_coding
AKNAD1	TvC	chr1	108815898	108963484	protein_coding
GBP4	TvC	chr1	89181144	89198942	protein_coding
GFI1	TvC	chr1	92472360	92486925	protein_coding
EXTL2	TvC	chr1	100872372	100896000	protein_coding
CADM3	TvC	chr1	159171609	159203313	protein_coding
NLRP3	TvC	chr1	247332331	247449668	protein_coding
SLAMF9	TvC	chr1	159951492	159954237	protein_coding
ATF3	TvC	chr1	212565334	212620777	protein_coding
DENND2D	TvC	chr1	111185969	111204535	protein_coding
SNED1	TvC	chr2	240998612	241095569	protein_coding
C1orf115	TvC	chr1	220690363	220699153	protein_coding
MT2P1	TvC	chr4	68376323	68376505	processed_pseudogene
HAAO	TvC	chr2	42765709	42792941	protein_coding
IL24	TvC	chr1	206897443	206904139	protein_coding
PIGR	TvC	chr1	206928522	206949367	protein_coding
REL	TvC	chr2	60881491	60931612	protein_coding
DISC1	TvC	chr1	231626790	232041272	protein_coding
KCNF1	TvC	chr2	10911096	10914225	protein_coding
LRATD1	TvC	chr2	14632700	14650814	protein_coding
CCDC74A	TvC	chr2	131527675	131533666	protein_coding
SLC16A14	TvC	chr2	230034974	230068999	protein_coding
INHBB	TvC	chr2	120346136	120351803	protein_coding
NEURL3	TvC	chr2	96497644	96508153	protein_coding
IVL	TvC	chr1	152908546	152911886	protein_coding
SPRR3	TvC	chr1	153001747	153003856	protein_coding
SPRR2D	TvC	chr1	153039732	153041931	protein_coding
PGLYRP4	TvC	chr1	153330120	153348841	protein_coding
ARHGAP25	TvC	chr2	68679601	68826833	protein_coding
S100A9	TvC	chr1	153357767	153361027	protein_coding
TGFA	TvC	chr2	70447284	70554193	protein_coding
NPPC	TvC	chr2	231921809	231926396	protein_coding
ALPP	TvC	chr2	232378724	232382889	protein_coding
ANTXR2	TvC	chr4	79901146	80125454	protein_coding
CLDN1	TvC	chr3	190305707	190322446	protein_coding
COL6A3	TvC	chr2	237324003	237414405	protein_coding
INAVA	TvC	chr1	200891003	200915742	protein_coding
LINC01116	TvC	chr2	176611437	176637931	lncRNA
IGFN1	TvC	chr1	201190824	201228952	protein_coding
SLC15A2	TvC	chr3	121894391	121944188	protein_coding
EIF4E3	TvC	chr3	71675414	71754773	protein_coding
FSTL1	TvC	chr3	120392293	120451241	protein_coding
ELF3	TvC	chr1	202007945	202017183	protein_coding
PDCL2	TvC	chr4	55556519	55592245	protein_coding
TMEM169	TvC	chr2	216081866	216102783	protein_coding
IGFBP7	TvC	chr4	57030766	57110690	protein_coding
CXCR1	TvC	chr2	218162841	218166962	protein_coding
TMEM79	TvC	chr1	156282935	156293185	protein_coding
STK36	TvC	chr2	218672052	218702717	protein_coding
CRYBA2	TvC	chr2	218990189	218994270	protein_coding
IHH	TvC	chr2	219054424	219060921	protein_coding
EOMES	TvC	chr3	27715949	27722711	protein_coding
TGFBR2	TvC	chr3	30606478	30694249	protein_coding
NFASC	TvC	chr1	204828651	205022822	protein_coding
NUAK2	TvC	chr1	205302063	205321745	protein_coding
IFI16	TvC	chr1	158999953	159055156	protein_coding
EIF5A2	TvC	chr3	170888418	170908644	protein_coding
SLC2A2	TvC	chr3	170995125	171026775	protein_coding
PPM1L	TvC	chr3	160755602	161078902	protein_coding
CADPS	TvC	chr3	62398346	62875563	protein_coding
C3orf49	TvC	chr3	63819299	63848636	protein_coding
PRICKLE2	TvC	chr3	64092236	64445476	protein_coding
ADAMTS9	TvC	chr3	64515654	64688000	protein_coding
PPM1K	TvC	chr4	88257620	88284769	protein_coding
DNASE1L3	TvC	chr3	58192257	58214697	protein_coding
CFAP20DC	TvC	chr3	58717365	59050084	protein_coding
RBM47	TvC	chr4	40423267	40630892	protein_coding
CXCL3	TvC	chr4	74036589	74038807	protein_coding
CXCL1	TvC	chr4	73869392	73871308	protein_coding
PLB1	TvC	chr2	28457145	28644142	protein_coding
NMNAT3	TvC	chr3	139558709	139678017	protein_coding
KLF15	TvC	chr3	126342635	126357458	protein_coding
LIPH	TvC	chr3	185506262	185552617	protein_coding
RPL39L	TvC	chr3	187120927	187180972	protein_coding
MELTF	TvC	chr3	196980590	197029874	protein_coding
S100P	TvC	chr4	6693878	6697170	protein_coding
SPRY1	TvC	chr4	123396754	123403760	protein_coding
MST1R	TvC	chr3	49886902	49906130	protein_coding
GRM2	TvC	chr3	51707061	51718616	protein_coding
PRSS12	TvC	chr4	118280038	118353003	protein_coding
SAP30	TvC	chr4	173369969	173377532	protein_coding
SCRG1	TvC	chr4	173384701	173410218	protein_coding
GUCY1A1	TvC	chr4	155666707	155737059	protein_coding
HPGD	TvC	chr4	174490175	174523154	protein_coding
NPY1R	TvC	chr4	163323962	163344852	protein_coding
FHIP1A	TvC	chr4	151409118	151670503	protein_coding
ITGA2	TvC	chr5	52989320	53094779	protein_coding
ELOVL7	TvC	chr5	60751791	60844274	protein_coding
CDC20B	TvC	chr5	55112971	55173177	protein_coding
SERINC5	TvC	chr5	80111228	80256048	protein_coding
EBF1	TvC	chr5	158695920	159099951	protein_coding
TERT	TvC	chr5	1253147	1295085	protein_coding
FOXQ1	TvC	chr6	1312098	1314758	protein_coding
LINC01600	TvC	chr6	2562085	2634734	lncRNA
ADGRF2P	TvC	chr6	47673420	47693719	transcribed_unitary_pseudogene
CSF2	TvC	chr5	132073789	132076170	protein_coding
SHROOM1	TvC	chr5	132822141	132830920	protein_coding
GRIK2	TvC	chr6	100962701	102081622	protein_coding
CGAS	TvC	chr6	73413515	73461726	protein_coding
CITED2	TvC	chr6	139371807	139375909	protein_coding
STXBP5	TvC	chr6	147203710	147391010	protein_coding
IL31RA	TvC	chr5	55851357	55922854	protein_coding
ANKRD55	TvC	chr5	56099680	56233330	protein_coding
PI16	TvC	chr6	36948263	36965993	protein_coding
TBX20	TvC	chr7	35202430	35254100	protein_coding
STK17A	TvC	chr7	43582758	43650713	protein_coding
GPR85	TvC	chr7	113078331	113087778	protein_coding
RELL2	TvC	chr5	141636950	141641064	protein_coding
KCNK5	TvC	chr6	39188128	39229559	protein_coding
SLC29A4	TvC	chr7	5274369	5307194	protein_coding
HEY1	TvC	chr8	79762371	79767857	protein_coding
ZNF704	TvC	chr8	80628451	80874781	protein_coding
SLC13A4	TvC	chr7	135681231	135729258	protein_coding
CTSB	TvC	chr8	11842524	11869533	protein_coding
SLC30A8	TvC	chr8	116950273	117176714	protein_coding
TMEM184A	TvC	chr7	1542235	1560821	protein_coding
MICALL2	TvC	chr7	1428465	1459496	protein_coding
SLC4A2	TvC	chr7	151057210	151076527	protein_coding
BAALC	TvC	chr8	103140433	103230305	protein_coding
CTHRC1	TvC	chr8	103371538	103382990	protein_coding
PDP1	TvC	chr8	93857788	93926068	protein_coding
TMEM67	TvC	chr8	93754844	93819234	protein_coding
SPMIP6	TvC	chr9	34379019	34397828	protein_coding
ABCA1	TvC	chr9	104781006	104928155	protein_coding
NFIL3	TvC	chr9	91408748	91425066	protein_coding
TMEM71	TvC	chr8	132685007	132760712	protein_coding
PRSS37	TvC	chr7	141836300	141841487	protein_coding
TMC1	TvC	chr9	72521608	72838297	protein_coding
ALDH1A1	TvC	chr9	72900670	73080442	protein_coding
QNG1	TvC	chr9	83938311	83956986	protein_coding
SVEP1	TvC	chr9	110365248	110579880	protein_coding
METTL27	TvC	chr7	73834012	73842539	protein_coding
CLDN3	TvC	chr7	73768997	73770270	protein_coding
WNK2	TvC	chr9	93184122	93320572	protein_coding
AQP3	TvC	chr9	33441156	33447596	protein_coding
CFL2	TvC	chr14	34709113	34714823	protein_coding
ZNF22-AS1	TvC	chr10	44997697	45236093	lncRNA
ZNF22	TvC	chr10	45000293	45005329	protein_coding
TMEM63C	TvC	chr14	77116568	77259498	protein_coding
FAAH2	TvC	chrX	57286632	57490641	protein_coding
OXGR1	TvC	chr13	96985713	96994730	protein_coding
STOX1	TvC	chr10	68827199	68895432	protein_coding
JCAD	TvC	chr10	30012803	30115494	protein_coding
NDRG2	TvC	chr14	21016763	21071094	protein_coding
CCDC186	TvC	chr10	114120862	114174232	protein_coding
ARHGAP42	TvC	chr11	100687288	100993941	protein_coding
LARGE2	TvC	chr11	45918146	45929376	protein_coding
RAPSN	TvC	chr11	47437762	47449192	protein_coding
TC2N	TvC	chr14	91779746	91867536	protein_coding
SMCO2	TvC	chr12	27446736	27502185	protein_coding
CLMN	TvC	chr14	95181940	95319921	protein_coding
CACNB2	TvC	chr10	18140424	18543557	protein_coding
HTRA1	TvC	chr10	122458551	122514907	protein_coding
TCP11L2	TvC	chr12	106301929	106347609	protein_coding
GLB1L3	TvC	chr11	134274245	134319579	protein_coding
AMN	TvC	chr14	102922663	102933596	protein_coding
SPINT1	TvC	chr15	40843513	40858383	protein_coding
FBN1	TvC	chr15	48408313	48645721	protein_coding
ASPG	TvC	chr14	104085537	104115582	protein_coding
FAM227B	TvC	chr15	49326962	49620929	protein_coding
PLEKHF1	TvC	chr19	29665398	29675477	protein_coding
TMEM100	TvC	chr17	55718739	55732121	protein_coding
APBB1	TvC	chr11	6395111	6419453	protein_coding
DCHS1	TvC	chr11	6621330	6655809	protein_coding
PPFIBP2	TvC	chr11	7513298	7657127	protein_coding
CYB5R2	TvC	chr11	7665097	7677222	protein_coding
WDR72	TvC	chr15	53513741	53762878	protein_coding
CDYL2	TvC	chr16	80597907	80804598	protein_coding
PKD1L2	TvC	chr16	81100875	81220370	protein_coding
CCDC68	TvC	chr18	54901504	54959519	protein_coding
BEAN1	TvC	chr16	66427295	66493529	protein_coding
SLFN5	TvC	chr17	35243043	35273655	protein_coding
LDHAL6A	TvC	chr11	18455824	18479601	protein_coding
LDHD	TvC	chr16	75111855	75116782	protein_coding
PLIN1	TvC	chr15	89664365	89679450	protein_coding
MESP1	TvC	chr15	89749875	89751249	protein_coding
ANPEP	TvC	chr15	89784875	89815401	protein_coding
SCNN1G	TvC	chr16	23182677	23216883	protein_coding
RBPMS2	TvC	chr15	64739886	64775621	protein_coding
NAV2	TvC	chr11	19350724	20121601	protein_coding
GLYATL1	TvC	chr11	58905398	59043527	protein_coding
NYAP1	TvC	chr7	100483605	100494802	protein_coding
SMAD3	TvC	chr15	67063763	67195173	protein_coding
MAP1A	TvC	chr15	43510958	43531620	protein_coding
SAMD14	TvC	chr17	50110040	50130160	protein_coding
ACSF2	TvC	chr17	50426158	50474845	protein_coding
CERCAM	TvC	chr9	128411751	128437351	protein_coding
ISLR2	TvC	chr15	74100311	74138540	protein_coding
GPRC5B	TvC	chr16	19856691	19886173	protein_coding
TBC1D2B	TvC	chr15	77984036	78077724	protein_coding
NOD2	TvC	chr16	50693217	50733348	protein_coding
MYO5B	TvC	chr18	49822789	50195164	protein_coding
RHEBL1	TvC	chr12	49064676	49070039	protein_coding
NCKAP5L	TvC	chr12	49791140	49828750	protein_coding
AQP2	TvC	chr12	49950737	49958878	protein_coding
TMC4	TvC	chr19	54160095	54173250	protein_coding
TMEM145	TvC	chr19	42313309	42325064	protein_coding
SPINT2	TvC	chr19	38244035	38292615	protein_coding
C19orf33	TvC	chr19	38304164	38305006	protein_coding
PSCA	TvC	chr8	142670308	142682725	protein_coding
PLIN4	TvC	chr19	4502182	4520379	protein_coding
NXN	TvC	chr17	799310	979776	protein_coding
SERPINF2	TvC	chr17	1742069	1755271	protein_coding
WDR81	TvC	chr17	1716523	1738599	protein_coding
TRPV3	TvC	chr17	3510502	3557812	protein_coding
GGT6	TvC	chr17	4556927	4560818	protein_coding
KLK1	TvC	chr19	50819146	50823787	protein_coding
KLK5	TvC	chr19	50943299	50953314	protein_coding
KLK6	TvC	chr19	50958631	50969673	protein_coding
KLK11	TvC	chr19	51022216	51028039	protein_coding
IGFBP6	TvC	chr12	53097436	53102345	protein_coding
ZNF558	TvC	chr19	8806170	8832314	protein_coding
NUDT8	TvC	chr11	67627937	67629937	protein_coding
HID1	TvC	chr17	74950741	74973166	protein_coding
EVPL	TvC	chr17	76004502	76027438	protein_coding
TMC8	TvC	chr17	78130770	78142968	protein_coding
GSDMA	TvC	chr17	39953263	39977768	protein_coding
CASKIN1	TvC	chr16	2177180	2196605	protein_coding
ABCA3	TvC	chr16	2275878	2340749	protein_coding
NLRC3	TvC	chr16	3539033	3577403	protein_coding
BEST1	TvC	chr11	61950063	61965515	protein_coding
FTH1	TvC	chr11	61959718	61967634	protein_coding
TRANK1	TvC	chr3	36826817	36945057	protein_coding
LTBP3	TvC	chr11	65538559	65558930	protein_coding
BATF2	TvC	chr11	64987945	64997018	protein_coding
SCARA3	TvC	chr8	27633414	27676776	protein_coding
PNOC	TvC	chr8	28316986	28343355	protein_coding
ZNF355P	TvC	chr21	13095305	13113790	unprocessed_pseudogene
FOXI1	TvC	chr5	170105897	170109734	protein_coding
PXK	TvC	chr3	58332686	58426746	protein_coding
CMAHP	TvC	chr6	25081862	25138081	transcribed_unitary_pseudogene
SCNN1B	TvC	chr16	23278231	23381299	protein_coding
RAB31	TvC	chr18	9708246	9862551	protein_coding
TNXB	TvC	chr6	32041153	32115334	protein_coding
CCDC110	TvC	chr4	185445182	185471752	protein_coding
CAVIN2	TvC	chr2	191834305	191847211	protein_coding
COL3A1	TvC	chr2	188974371	189012746	protein_coding
GDNF	TvC	chr5	37812677	37840041	protein_coding
WFDC13	TvC	chr20	45702038	45708817	protein_coding
AXIN2	TvC	chr17	65528561	65562067	protein_coding
LRATD2	TvC	chr8	126552443	126558478	protein_coding
WFDC12	TvC	chr20	45123425	45124465	protein_coding
SHOX2	TvC	chr3	158095905	158106420	protein_coding
ATOH8	TvC	chr2	85751344	85791383	protein_coding
ZNF608	TvC	chr5	124636913	124748807	protein_coding
STXBP6	TvC	chr14	24809454	25050333	protein_coding
TM4SF20	TvC	chr2	227362038	227381995	protein_coding
SLC49A3	TvC	chr4	681824	689396	protein_coding
IRS1	TvC	chr2	226731312	226799820	protein_coding
ROR2	TvC	chr9	91563091	91950240	protein_coding
AR	TvC	chrX	67543353	67730619	protein_coding
PARM1	TvC	chr4	74933041	75050115	protein_coding
AFAP1L2	TvC	chr10	114293604	114404775	protein_coding
MN1	TvC	chr22	27748277	27801756	protein_coding
NMD3	TvC	chr3	161104681	161253532	protein_coding
STK32A	TvC	chr5	147234963	147387855	protein_coding
IL1RAPL1	TvC	chrX	28587446	29956718	protein_coding
MINAR1	TvC	chr15	79431003	79472304	protein_coding
PTAFR	TvC	chr1	28147166	28194083	protein_coding
CXCL8	TvC	chr4	73740519	73747379	protein_coding
SCN9A	TvC	chr2	166195185	166376001	protein_coding
RASSF6	TvC	chr4	73571550	73620631	protein_coding
SDC2	TvC	chr8	96493410	96611790	protein_coding
SPRR1B	TvC	chr1	153031203	153032900	protein_coding
SPRR1A	TvC	chr1	152984081	152985814	protein_coding
HTRA4	TvC	chr8	38974228	38988663	protein_coding
PLEKHA2	TvC	chr8	38901235	38973912	protein_coding
CT55	TvC	chrX	135156540	135171398	protein_coding
ZEB2	TvC	chr2	144364364	144521057	protein_coding
GJB1	TvC	chrX	71212811	71225519	protein_coding
CLIC3	TvC	chr9	136994608	136996568	protein_coding
MT1E	TvC	chr16	56625475	56627112	protein_coding
RAC3	TvC	chr17	82031637	82034204	protein_coding
PCDH7	TvC	chr4	30720369	31146805	protein_coding
WNT10B	TvC	chr12	48965340	48971735	protein_coding
ITGAM	TvC	chr16	31259967	31332892	protein_coding
TM4SF1	TvC	chr3	149369022	149377692	protein_coding
KLF13	TvC	chr15	31326706	31435665	protein_coding
ZFPM2	TvC	chr8	104590733	105804539	protein_coding
IFFO2	TvC	chr1	18904280	18956676	protein_coding
NLGN2	TvC	chr17	7404874	7419860	protein_coding
MYO7B	TvC	chr2	127535683	127637729	protein_coding
TMEM154	TvC	chr4	152618628	152680012	protein_coding
ZPLD1	TvC	chr3	102099244	102479841	protein_coding
RNF150	TvC	chr4	140859807	141212877	protein_coding
CHRNB1	TvC	chr17	7445061	7457710	protein_coding
ANKK1	TvC	chr11	113387779	113400416	protein_coding
ADRA1B	TvC	chr5	159865080	159973012	protein_coding
MRAP	TvC	chr21	32291813	32314784	protein_coding
CMTM8	TvC	chr3	32237207	32370699	protein_coding
LGALS9B	TvC	chr17	20449395	20467548	protein_coding
CDK1	TvC	chr10	60778312	60796236	protein_coding
FRMPD2	TvC	chr10	48153088	48274696	protein_coding
FOS	TvC	chr14	75278826	75283190	protein_coding
SP7	TvC	chr12	53326575	53345315	protein_coding
TCAF2	TvC	chr7	143620952	143730410	protein_coding
SEMA3E	TvC	chr7	83363238	83649139	protein_coding
DCLK2	TvC	chr4	150078176	150257454	protein_coding
GPRC5C	TvC	chr17	74424851	74451653	protein_coding
TMT1B	TvC	chr12	55681736	55684611	protein_coding
KRT86	TvC	chr12	52249300	52309163	protein_coding
CD14	TvC	chr5	140631728	140633700	protein_coding
KRT4	TvC	chr12	52806549	52814116	protein_coding
NPAS2	TvC	chr2	100820091	100996829	protein_coding
KISS1	TvC	chr1	204190341	204196491	protein_coding
KRT83	TvC	chr12	52314301	52321398	protein_coding
TMC7	TvC	chr16	18983934	19063942	protein_coding
CDH2	TvC	chr18	27932879	28177946	protein_coding
IRX2	TvC	chr5	2741794	2751677	protein_coding
SIX2	TvC	chr2	45005182	45009452	protein_coding
RASA4B	TvC	chr7	102479976	102517800	protein_coding
CAVIN4	TvC	chr9	100578033	100588402	protein_coding
KCNS3	TvC	chr2	17877847	18361616	protein_coding
GPR37	TvC	chr7	124743885	124765792	protein_coding
FOXN2	TvC	chr2	48314331	48379295	protein_coding
CEL	TvC	chr9	133061981	133071861	protein_coding
PSG6	TvC	chr19	42902086	42919563	protein_coding
MTSS1	TvC	chr8	124550776	124728775	protein_coding
TRH	TvC	chr3	129974688	129977935	protein_coding
GSTA4	TvC	chr6	52977948	52995312	protein_coding
ZNF160	TvC	chr19	53064884	53103434	protein_coding
CAVIN3	TvC	chr11	6318946	6320546	protein_coding
CEACAM3	TvC	chr19	41796587	41811554	protein_coding
HAS2	TvC	chr8	121612116	121641440	protein_coding
S1PR1	TvC	chr1	101235366	101243713	protein_coding
PKIA	TvC	chr8	78516303	78605267	protein_coding
TSNARE1	TvC	chr8	142212077	142403213	protein_coding
FPR1	TvC	chr19	51745172	51804115	protein_coding
NRTN	TvC	chr19	5805056	5828324	protein_coding
FUT3	TvC	chr19	5842888	5851471	protein_coding
KCNG3	TvC	chr2	42442017	42493982	protein_coding
PRKCE	TvC	chr2	45651205	46187990	protein_coding
BBLN	TvC	chr9	128160265	128163924	protein_coding
FAM241B	TvC	chr10	69630241	69633614	protein_coding
TMEM37	TvC	chr2	119429901	119438504	protein_coding
SOSTDC1	TvC	chr7	16461481	16530580	protein_coding
CANT1	TvC	chr17	78991707	79009867	protein_coding
KCNK3	TvC	chr2	26692722	26733420	protein_coding
KRT15	TvC	chr17	41513745	41522529	protein_coding
KRT13	TvC	chr17	41500981	41505705	protein_coding
PDE7B	TvC	chr6	135851701	136195574	protein_coding
KSR2	TvC	chr12	117453012	117968990	protein_coding
DSEL	TvC	chr18	67506587	67516723	protein_coding
HOPX	TvC	chr4	56647989	56681877	protein_coding
RXFP1	TvC	chr4	158315311	158653372	protein_coding
DSCAM	TvC	chr21	40010999	40847158	protein_coding
PIK3CD	TvC	chr1	9629889	9730117	protein_coding
ENC1	TvC	chr5	74627406	74641424	protein_coding
DEFB4A	TvC	chr8	7894677	7896716	protein_coding
TMEM51	TvC	chr1	15152498	15220484	protein_coding
GATM	TvC	chr15	45361124	45402327	protein_coding
FAM90A1	TvC	chr12	8221260	8227621	protein_coding
RRM2	TvC	chr2	10120698	10211725	protein_coding
PRNP	TvC	chr20	4685730	4701590	protein_coding
KLF17	TvC	chr1	44118821	44135140	protein_coding
ADRA1D	TvC	chr20	4220630	4249287	protein_coding
FRMD5	TvC	chr15	43870761	44195271	protein_coding
CYP4F11	TvC	chr19	15912367	15934933	protein_coding
LGALS9C	TvC	chr17	18476737	18494945	protein_coding
FOXB1	TvC	chr15	60004234	60061730	protein_coding
DRC3	TvC	chr17	17972813	18016889	protein_coding
SYNPO	TvC	chr5	150601080	150659208	protein_coding
ANKRD20A4P	TvC	chr9	64369675	64438574	transcribed_unprocessed_pseudogene
EPHX4	TvC	chr1	92029475	92063538	protein_coding
LAMB2	TvC	chr3	49121113	49133118	protein_coding
KLF11	TvC	chr2	10042849	10054836	protein_coding
EIF2AK3	TvC	chr2	88556741	88691518	protein_coding
MOB3A	TvC	chr19	2071032	2096679	protein_coding
CALB2	TvC	chr16	71358713	71390436	protein_coding
SLC9C1	TvC	chr3	112140898	112294227	protein_coding
SNTB1	TvC	chr8	120535745	120813273	protein_coding
ISG20	TvC	chr15	88635618	88656483	protein_coding
SERHL	TvC	chr22	42500671	42512237	transcribed_unitary_pseudogene
NEGR1	TvC	chr1	71395943	72282539	protein_coding
MACROD2	TvC	chr20	13995369	16053197	protein_coding
SPTLC3	TvC	chr20	13008972	13169103	protein_coding
RCAN2	TvC	chr6	46220736	46491972	protein_coding
ARNT2	TvC	chr15	80404315	80597937	protein_coding
MAB21L4	TvC	chr2	240886048	240896893	protein_coding
ACOT12	TvC	chr5	81329862	81394191	protein_coding
SMPDL3A	TvC	chr6	122789049	122809720	protein_coding
RND1	TvC	chr12	48857145	48865870	protein_coding
ZNF738	TvC	chr19	21358930	21388582	protein_coding
SLFN11	TvC	chr17	35350305	35373701	protein_coding
EFCAB12	TvC	chr3	129401321	129428636	protein_coding
OVOL1	TvC	chr11	65786714	65797219	protein_coding
SSH3	TvC	chr11	67303478	67312607	protein_coding
EGFL7	TvC	chr9	136658284	136672679	protein_coding
MYEOV	TvC	chr11	69294129	69341682	protein_coding
MRGPRF	TvC	chr11	69004376	69014407	protein_coding
SH3RF3	TvC	chr2	109129205	109504634	protein_coding
EVC2	TvC	chr4	5542772	5709548	protein_coding
HPSE	TvC	chr4	83292461	83335153	protein_coding
ACSM6	TvC	chr10	95194200	95228929	protein_coding
ABCD2	TvC	chr12	39550033	39619803	protein_coding
ABLIM3	TvC	chr5	149141483	149260542	protein_coding
MAB21L3	TvC	chr1	116111399	116138149	protein_coding
SYT12	TvC	chr11	67006772	67050870	protein_coding
C11orf86	TvC	chr11	66975277	66977009	protein_coding
LIPM	TvC	chr10	88802730	88820546	protein_coding
PLAC8L1	TvC	chr5	146084313	146105577	protein_coding
SLC2A14	TvC	chr12	7812512	7891148	protein_coding
MMRN2	TvC	chr10	86935540	86969481	protein_coding
STOX2	TvC	chr4	183797692	184023526	protein_coding
TRIB1	TvC	chr8	125430358	125438403	protein_coding
OLR1	TvC	chr12	10158301	10172138	protein_coding
SAA1	TvC	chr11	18266260	18269977	protein_coding
TMEM196	TvC	chr7	19719315	19773617	protein_coding
CIMIP2C	TvC	chr2	26562585	26579532	protein_coding
SULT1B1	TvC	chr4	69721167	69787961	protein_coding
HSPB7	TvC	chr1	16014028	16020597	protein_coding
ADGRG2	TvC	chrX	18989307	19122956	protein_coding
SUSD5	TvC	chr3	33150043	33218810	protein_coding
HEG1	TvC	chr3	124965710	125055997	protein_coding
FAUP4	TvC	chr11	65455269	65455581	transcribed_unprocessed_pseudogene
CD7	TvC	chr17	82313564	82317608	protein_coding
JUP	TvC	chr17	41750887	41786931	protein_coding
HAP1	TvC	chr17	41717742	41734644	protein_coding
TIGD3	TvC	chr11	65354751	65357613	protein_coding
PLK3	TvC	chr1	44800346	44805995	protein_coding
C1QTNF1	TvC	chr17	79022729	79049788	protein_coding
FBXO45	TvC	chr3	196568611	196589059	protein_coding
SPATA31G1	TvC	chr9	35041095	35045986	protein_coding
CTSF	TvC	chr11	66563463	66568879	protein_coding
MSRB3	TvC	chr12	65278643	65491430	protein_coding
GLIS1	TvC	chr1	53506232	53739164	protein_coding
TRHR	TvC	chr8	109086585	109121565	protein_coding
GCSAM	TvC	chr3	112120839	112133270	protein_coding
SLC26A9	TvC	chr1	205913048	205943460	protein_coding
MYO1H	TvC	chr12	109347900	109455523	protein_coding
GOLT1A	TvC	chr1	204198158	204214121	protein_coding
TRAM1L1	TvC	chr4	117083554	117085576	protein_coding
CMKLR1	TvC	chr12	108288044	108339317	protein_coding
UGT8	TvC	chr4	114598374	114678588	protein_coding
SLCO2A1	TvC	chr3	133932699	134052184	protein_coding
BRSK2	TvC	chr11	1389899	1462689	protein_coding
SH3PXD2B	TvC	chr5	172325000	172454531	protein_coding
HRAS	TvC	chr11	532242	537343	protein_coding
BTC	TvC	chr4	74744759	74794717	protein_coding
VN2R1P	TvC	chr3	156019646	156037647	unitary_pseudogene
SEZ6L2	TvC	chr16	29871159	29899550	protein_coding
ASPHD1	TvC	chr16	29900375	29919864	protein_coding
FUT1	TvC	chr19	48748011	48755390	protein_coding
SLC22A1	TvC	chr6	160121815	160159398	protein_coding
CHST2	TvC	chr3	143119771	143124014	protein_coding
ZDHHC14	TvC	chr6	157381133	157678157	protein_coding
MARCKSL1	TvC	chr1	32333827	32336233	protein_coding
TMEM51-AS1	TvC	chr1	15111815	15153618	lncRNA
YPEL2	TvC	chr17	59331655	59401729	protein_coding
ABO	TvC	chr9	133233278	133276024	protein_coding
GAL3ST3	TvC	chr11	66040748	66049502	protein_coding
CHST1	TvC	chr11	45647689	45666096	protein_coding
PHYHD1	TvC	chr9	128920966	128942042	protein_coding
CATSPER1	TvC	chr11	66016752	66026479	protein_coding
ISX	TvC	chr22	35066136	35087392	protein_coding
SCUBE2	TvC	chr11	9019476	9138114	protein_coding
CLTB	TvC	chr5	176392494	176416557	protein_coding
UCP3	TvC	chr11	74000277	74009085	protein_coding
FOSL1	TvC	chr11	65892049	65900573	protein_coding
ERCC6L2-AS1	TvC	chr9	95759231	95876241	lncRNA
LINC02873	TvC	chr11	130631289	130717352	lncRNA
NR2F1	TvC	chr5	93583222	93594611	protein_coding
TTLL11	TvC	chr9	121815674	122093606	protein_coding
ZBTB44-DT	TvC	chr11	130314106	130446210	lncRNA
CREG2	TvC	chr2	101345550	101387503	protein_coding
TMEM270	TvC	chr7	73861159	73865890	protein_coding
ZDHHC21	TvC	chr9	14586766	14693737	protein_coding
ARL4D	TvC	chr17	43398150	43401137	protein_coding
DOK7	TvC	chr4	3463306	3501473	protein_coding
C11orf16	TvC	chr11	8920076	8933006	protein_coding
NUPR1	TvC	chr16	28532708	28539038	protein_coding
CRYBG2	TvC	chr1	26321698	26360080	protein_coding
ENSG00000176134	TvC	chr9	64640639	64643300	transcribed_unprocessed_pseudogene
SPHK1	TvC	chr17	76376584	76387860	protein_coding
DMRTA1	TvC	chr9	22446824	22455740	protein_coding
RIMS2	TvC	chr8	103500610	104254430	protein_coding
DIRAS1	TvC	chr19	2714566	2721438	protein_coding
PHLDB3	TvC	chr19	43473625	43505301	protein_coding
KBTBD11	TvC	chr8	1973677	2006937	protein_coding
MAP3K19	TvC	chr2	134964485	135047468	protein_coding
RNF152	TvC	chr18	61808067	61895097	protein_coding
MYO1D	TvC	chr17	32492522	32877192	protein_coding
FOXC2	TvC	chr16	86566829	86569728	protein_coding
NCKAP5	TvC	chr2	132671788	133568463	protein_coding
BASP1	TvC	chr5	17065598	17276843	protein_coding
KRT18P28	TvC	chr1	182959074	182960405	processed_pseudogene
EFCAB5	TvC	chr17	29929200	30108452	protein_coding
FIBIN	TvC	chr11	26994112	26997087	protein_coding
ACER2	TvC	chr9	19409009	19452505	protein_coding
IRAG1-AS1	TvC	chr11	10541244	10606435	lncRNA
RIMKLA	TvC	chr1	42380792	42424232	protein_coding
DEFB4B	TvC	chr8	7414855	7416863	protein_coding
FBXO39	TvC	chr17	6776215	6797101	protein_coding
LY6S-AS1	TvC	chr8	143039209	143060684	lncRNA
ENSG00000177359	TvC	chr12	31112236	31201235	transcribed_unprocessed_pseudogene
LRRN4CL	TvC	chr11	62686406	62689609	protein_coding
ERICH5	TvC	chr8	98064271	98095512	protein_coding
ACOT4	TvC	chr14	73591873	73595766	protein_coding
IRX3	TvC	chr16	54283304	54286787	protein_coding
SAMD12	TvC	chr8	118189455	118622112	protein_coding
FAM87B	TvC	chr1	817363	819842	lncRNA
CIMAP1B	TvC	chr22	50529710	50532520	protein_coding
ALS2CL	TvC	chr3	46668994	46694071	protein_coding
MLF1	TvC	chr3	158571163	158607252	protein_coding
STAP2	TvC	chr19	4324040	4342786	protein_coding
BOLA1	TvC	chr1	149887890	149900798	protein_coding
PDE4DIP	TvC	chr1	148808140	149048286	protein_coding
PPP1R42	TvC	chr8	66964099	67056604	protein_coding
SPINK6	TvC	chr5	148202794	148215137	protein_coding
ZNF366	TvC	chr5	72439903	72507410	protein_coding
PARD6G	TvC	chr18	80157232	80247514	protein_coding
ZC3H12D	TvC	chr6	149446795	149485014	protein_coding
RNF212	TvC	chr4	1056250	1113564	protein_coding
DNAJC22	TvC	chr12	49345607	49357546	protein_coding
TUBAL3	TvC	chr10	5393101	5404828	protein_coding
DTX3	TvC	chr12	57604484	57609804	protein_coding
CA8	TvC	chr8	60185412	60281573	protein_coding
ERBB4	TvC	chr2	211375717	212538841	protein_coding
CSRNP3	TvC	chr2	165469647	165689407	protein_coding
GLULP4	TvC	chr9	34917175	34918296	processed_pseudogene
C5orf46	TvC	chr5	147879632	147906538	protein_coding
GDPD4	TvC	chr11	77216558	77301687	protein_coding
OPLAH	TvC	chr8	144051265	144064091	protein_coding
TMEM139	TvC	chr7	143279937	143288240	protein_coding
APOLD1	TvC	chr12	12725917	12829975	protein_coding
KLHDC7A	TvC	chr1	18480930	18485974	protein_coding
TRIML2	TvC	chr4	188091247	188109611	protein_coding
ENSG00000179066	TvC	chr19	35090930	35113664	lncRNA
PER1	TvC	chr17	8140467	8156506	protein_coding
HES7	TvC	chr17	8120592	8124106	protein_coding
TMEM125	TvC	chr1	43269979	43274007	protein_coding
LINC00311	TvC	chr16	85282958	85285963	lncRNA
GVQW3	TvC	chr11	76381303	76414619	protein_coding
NSUN7	TvC	chr4	40749776	40811184	protein_coding
HLA-DQB1	TvC	chr6	32659467	32668383	protein_coding
ARID3B	TvC	chr15	74541188	74598131	protein_coding
VWA1	TvC	chr1	1434861	1442882	protein_coding
ALOX12B	TvC	chr17	8072636	8087716	protein_coding
SLITRK4	TvC	chrX	143622790	143636101	protein_coding
HTR1D	TvC	chr1	23190178	23217547	protein_coding
CIITA	TvC	chr16	10866222	10943021	protein_coding
ALOX15B	TvC	chr17	8039011	8049134	protein_coding
ARL14	TvC	chr3	160677160	160678448	protein_coding
OR7E22P	TvC	chr3	75356467	75357501	transcribed_unprocessed_pseudogene
SERTAD2	TvC	chr2	64631621	64751005	protein_coding
CITED4	TvC	chr1	40861054	40862363	protein_coding
ABCA13	TvC	chr7	48171458	48647497	protein_coding
CFAP276	TvC	chr1	109105951	109113857	protein_coding
B3GNT3	TvC	chr19	17794697	17814175	protein_coding
SSC5D	TvC	chr19	55488404	55519099	protein_coding
TSHZ1	TvC	chr18	75210755	75289950	protein_coding
ACER2P1	TvC	chr2	206410087	206410909	processed_pseudogene
TH	TvC	chr11	2163929	2171968	protein_coding
FAR2P1	TvC	chr2	130028309	130040560	transcribed_unprocessed_pseudogene
MYL11	TvC	chr16	30370332	30377991	protein_coding
FGD6	TvC	chr12	95076749	95217482	protein_coding
MEIOC	TvC	chr17	44656404	44690308	protein_coding
FZD2	TvC	chr17	44557484	44561262	protein_coding
ITPRID1	TvC	chr7	31514090	31656504	protein_coding
HCLS1	TvC	chr3	121631399	121660927	protein_coding
TPRXL	TvC	chr3	14064203	14065442	transcribed_processed_pseudogene
GAS1	TvC	chr9	86944362	86947506	protein_coding
ARHGAP45	TvC	chr19	1065923	1086642	protein_coding
NRIP1	TvC	chr21	14961235	15065936	protein_coding
RNF182	TvC	chr6	13924446	13980310	protein_coding
SKIDA1	TvC	chr10	21513475	21526368	protein_coding
SHISA2	TvC	chr13	26044597	26052016	protein_coding
S1PR5	TvC	chr19	10512742	10517931	protein_coding
MAP3K15	TvC	chrX	19360056	19515508	protein_coding
ZNF572	TvC	chr8	124973265	124979389	protein_coding
GPR137C	TvC	chr14	52552823	52637713	protein_coding
MAPK15	TvC	chr8	143716279	143722458	protein_coding
F2R	TvC	chr5	76716126	76735770	protein_coding
MUC16	TvC	chr19	8848844	9010390	protein_coding
PJA1	TvC	chrX	69160721	69165521	protein_coding
MTHFD2P7	TvC	chr3	179464346	179465328	processed_pseudogene
LRRC75A	TvC	chr17	16441577	16492237	protein_coding
SYNE4	TvC	chr19	36003282	36008831	protein_coding
ZNF467	TvC	chr7	149764175	149776519	protein_coding
TNFSF15	TvC	chr9	114784652	114806039	protein_coding
PHLDA2	TvC	chr11	2928273	2929420	protein_coding
ATG9B	TvC	chr7	151012209	151024499	protein_coding
GPR3	TvC	chr1	27392622	27395814	protein_coding
ADGRB1	TvC	chr8	142449430	142545009	protein_coding
SLC9A9	TvC	chr3	143265222	143848485	protein_coding
SLC2A4	TvC	chr17	7281667	7289241	protein_coding
CLDN7	TvC	chr17	7259347	7264016	protein_coding
ENSG00000182021	TvC	chr9	63121691	63124292	transcribed_unprocessed_pseudogene
USH1G	TvC	chr17	74916083	74923256	protein_coding
KCNIP1	TvC	chr5	170353487	170736632	protein_coding
TDRKH	TvC	chr1	151769799	151791416	protein_coding
SHISAL2A	TvC	chr1	52633168	52669683	protein_coding
ZAR1	TvC	chr4	48490252	48494389	protein_coding
SYNM	TvC	chr15	99098217	99135593	protein_coding
PRR34	TvC	chr22	46049478	46054144	lncRNA
IZUMO1	TvC	chr19	48740852	48746909	protein_coding
C1S	TvC	chr12	6988259	7071281	protein_coding
NXPH4	TvC	chr12	57216794	57226449	protein_coding
TSHZ2	TvC	chr20	52972358	53495330	protein_coding
CAPN12	TvC	chr19	38730187	38769904	protein_coding
XKRX	TvC	chrX	100913445	100929433	protein_coding
BGN	TvC	chrX	153488654	153510299	protein_coding
SPNS3	TvC	chr17	4433940	4488208	protein_coding
CSF1R	TvC	chr5	150053291	150113372	protein_coding
EPGN	TvC	chr4	74308470	74316789	protein_coding
PLCB1	TvC	chr20	8077251	8968360	protein_coding
C1orf116	TvC	chr1	207018522	207032821	protein_coding
CRIP2	TvC	chr14	105472962	105480162	protein_coding
GALNT9	TvC	chr12	132196372	132329598	protein_coding
SLC25A18	TvC	chr22	17563086	17591909	protein_coding
WFDC10B	TvC	chr20	45684651	45705019	protein_coding
ZNF320	TvC	chr19	52860851	52897704	protein_coding
SLC25A21	TvC	chr14	36677921	37172606	protein_coding
OTOP2	TvC	chr17	74922950	74933912	protein_coding
NKX2-5	TvC	chr5	173232109	173235311	protein_coding
BEGAIN	TvC	chr14	100537147	100587417	protein_coding
CALHM3	TvC	chr10	103472804	103479240	protein_coding
RIPPLY3	TvC	chr21	37006150	37019662	protein_coding
ANKRD20A2P	TvC	chr9	40223397	40292345	transcribed_unprocessed_pseudogene
RIMBP3C	TvC	chr22	21545666	21551461	protein_coding
PLGLB1	TvC	chr2	86996231	87021852	protein_coding
CCBE1	TvC	chr18	59430939	59697694	protein_coding
TMEM121B	TvC	chr22	17116297	17121367	protein_coding
REC114	TvC	chr15	73443164	73560013	protein_coding
OVCH2	TvC	chr11	7689437	7706477	protein_coding
FHL3	TvC	chr1	37994394	38006380	protein_coding
TRIM61	TvC	chr4	164954446	164977668	protein_coding
MEX3B	TvC	chr15	82041778	82046119	protein_coding
PCBP3	TvC	chr21	45643694	45942454	protein_coding
RP1L1	TvC	chr8	10606349	10712187	protein_coding
PSG9	TvC	chr19	43211791	43269530	protein_coding
CMKLR2	TvC	chr2	206175316	206218047	protein_coding
MACC1	TvC	chr7	20134655	20217457	protein_coding
ACP7	TvC	chr19	39083913	39111497	protein_coding
DOCK8-AS1	TvC	chr9	212824	215893	lncRNA
EMILIN3	TvC	chr20	41359962	41366818	protein_coding
ANKRD45	TvC	chr1	173608336	173669851	protein_coding
SCN5A	TvC	chr3	38548057	38649743	protein_coding
DNAH2	TvC	chr17	7717744	7833742	protein_coding
DUSP5P1	TvC	chr1	228650241	228651379	processed_pseudogene
KCNH8	TvC	chr3	19148102	19535642	protein_coding
SMTN	TvC	chr22	31064105	31104757	protein_coding
ST6GALNAC3	TvC	chr1	76074746	76634603	protein_coding
ADRA2C	TvC	chr4	3766348	3768526	protein_coding
C1QTNF12	TvC	chr1	1242446	1246722	protein_coding
GPR173	TvC	chrX	53048789	53080615	protein_coding
TSPYL2	TvC	chrX	53082326	53088541	protein_coding
PCDH9	TvC	chr13	66302834	67230445	protein_coding
ALDH1A3	TvC	chr15	100861924	100916628	protein_coding
KCNK12	TvC	chr2	47509290	47570985	protein_coding
TACSTD2	TvC	chr1	58575433	58577252	protein_coding
PRKD1	TvC	chr14	29576479	30191898	protein_coding
ZDHHC23	TvC	chr3	113947901	113965401	protein_coding
H1-5	TvC	chr6	27866792	27867588	protein_coding
CSF1	TvC	chr1	109910242	109930993	protein_coding
IRS3P	TvC	chr7	100570131	100571136	transcribed_unitary_pseudogene
C1QTNF8	TvC	chr16	1088226	1099401	protein_coding
PROS1	TvC	chr3	93873046	93980003	protein_coding
GAST	TvC	chr17	41712331	41715969	protein_coding
CEND1	TvC	chr11	787115	790113	protein_coding
DUSP8	TvC	chr11	1554051	1573076	protein_coding
STING1	TvC	chr5	139475528	139482935	protein_coding
TAFA3	TvC	chr1	112718905	112727235	protein_coding
ZNF72BP	TvC	chr22	15326037	15343065	unprocessed_pseudogene
FAM110C	TvC	chr2	38814	46870	protein_coding
OSBP2	TvC	chr22	30693782	30907824	protein_coding
ZBTB7C	TvC	chr18	48026672	48410752	protein_coding
PRR16	TvC	chr5	120464300	120687332	protein_coding
RPL7AP49	TvC	chr9	39983821	39984401	transcribed_processed_pseudogene
MAFF	TvC	chr22	38200767	38216511	protein_coding
ANKS1B	TvC	chr12	98726457	99984936	protein_coding
ADSS1	TvC	chr14	104724174	104747325	protein_coding
ANO9	TvC	chr11	417921	442072	protein_coding
FAM43A	TvC	chr3	194685883	194689037	protein_coding
SIGIRR	TvC	chr11	405711	417473	protein_coding
IFITM2	TvC	chr11	303655	309397	protein_coding
TNFAIP2	TvC	chr14	103121407	103137441	protein_coding
GP1BA	TvC	chr17	4932277	4935023	protein_coding
KIAA0825	TvC	chr5	94150851	94618604	protein_coding
UBALD2	TvC	chr17	76265348	76271298	protein_coding
RBM11	TvC	chr21	14216130	14228372	protein_coding
IL3RA	TvC	chrX	1335025	1382689	protein_coding
TCN2	TvC	chr22	30607003	30627631	protein_coding
TMT1A	TvC	chr12	50923472	50932510	protein_coding
LINC00158	TvC	chr21	25374242	25431701	lncRNA
IFNLR1	TvC	chr1	24154168	24187959	protein_coding
KPNA7	TvC	chr7	99173572	99250075	protein_coding
GPRIN3	TvC	chr4	89236383	89307937	protein_coding
KRT6B	TvC	chr12	52446651	52452146	protein_coding
MUC1	TvC	chr1	155185824	155192916	protein_coding
IRF7	TvC	chr11	612551	615983	protein_coding
L3MBTL1	TvC	chr20	43489442	43550954	protein_coding
FAM131C	TvC	chr1	16057769	16073651	protein_coding
SPATA45	TvC	chr1	212830141	212847649	protein_coding
AHNAK2	TvC	chr14	104937244	104978374	protein_coding
OLFML2A	TvC	chr9	124777122	124814885	protein_coding
SHC4	TvC	chr15	48823741	48963919	protein_coding
NTF3	TvC	chr12	5432108	5521536	protein_coding
MYBL1	TvC	chr8	66562175	66614247	protein_coding
ADARB2	TvC	chr10	1177313	1737525	protein_coding
CCDC190	TvC	chr1	162824458	162868957	protein_coding
ZNF829	TvC	chr19	36888124	36916291	protein_coding
LINC00839	TvC	chr10	42475476	42495337	lncRNA
KLHDC8B	TvC	chr3	49171239	49176487	protein_coding
RTN4RL1	TvC	chr17	1934677	2025334	protein_coding
NKAIN3	TvC	chr8	62248591	63014000	protein_coding
RASA3	TvC	chr13	113977783	114132775	protein_coding
LEMD1	TvC	chr1	205381378	205455954	protein_coding
KRT5	TvC	chr12	52514575	52520530	protein_coding
GSAP	TvC	chr7	77310751	77416419	protein_coding
WWOX	TvC	chr16	78099400	79212667	protein_coding
EDARADD	TvC	chr1	236348257	236502915	protein_coding
SOWAHB	TvC	chr4	76894152	76898144	protein_coding
BACE1	TvC	chr11	117285232	117316286	protein_coding
SERTAD4BP	TvC	chr14	62117346	62128397	transcribed_unitary_pseudogene
CYP4X1	TvC	chr1	47023666	47050751	protein_coding
ZNF501	TvC	chr3	44729593	44737936	protein_coding
GNG2	TvC	chr14	51826195	51979342	protein_coding
ANKRD20A5P	TvC	chr18	14179395	14244811	transcribed_unprocessed_pseudogene
CLCNKA	TvC	chr1	16018146	16034109	protein_coding
CYP4F3	TvC	chr19	15640795	15662825	protein_coding
SPATC1	TvC	chr8	144012280	144047114	protein_coding
PDE2A	TvC	chr11	72576141	72674591	protein_coding
CYP27C1	TvC	chr2	127183832	127220385	protein_coding
CFAP73	TvC	chr12	113149716	113159526	protein_coding
FOXE3	TvC	chr1	47416285	47418052	protein_coding
KRT17P2	TvC	chr17	18426927	18431848	transcribed_unprocessed_pseudogene
KRT16	TvC	chr17	41609778	41615899	protein_coding
KRT14	TvC	chr17	41582279	41586895	protein_coding
RTN4RL2	TvC	chr11	57460528	57477534	protein_coding
ZNF395	TvC	chr8	28345590	28402701	protein_coding
TMEM232	TvC	chr5	110289233	110738956	protein_coding
CFAP144	TvC	chr1	43145153	43156396	protein_coding
ESPN	TvC	chr1	6424776	6461367	protein_coding
PLCD1	TvC	chr3	38007496	38029675	protein_coding
RNF220	TvC	chr1	44405185	44651724	protein_coding
GCNT1	TvC	chr9	76419850	76651203	protein_coding
DYNC2H1	TvC	chr11	103109410	103479863	protein_coding
BCAM	TvC	chr19	44809070	44821421	protein_coding
CIDEC	TvC	chr3	9866710	9880256	protein_coding
KCNJ11	TvC	chr11	17365172	17389353	protein_coding
CDHR4	TvC	chr3	49790732	49799873	protein_coding
TLR5	TvC	chr1	223109339	223143318	protein_coding
NANOS3	TvC	chr19	13862063	13880757	protein_coding
LINC02583	TvC	chr2	46429090	46528299	lncRNA
LIAT1	TvC	chr17	410325	431062	protein_coding
DHRS4L2	TvC	chr14	23969874	24006408	protein_coding
SAMD11	TvC	chr1	923923	944575	protein_coding
ERC2	TvC	chr3	55508286	56469095	protein_coding
C9orf153	TvC	chr9	86220265	86259657	protein_coding
PEAR1	TvC	chr1	156893666	156916432	protein_coding
CCDC157	TvC	chr22	30356635	30378673	protein_coding
DMBT1	TvC	chr10	122560643	122643740	protein_coding
OVCH1	TvC	chr12	29412474	29497686	protein_coding
DNER	TvC	chr2	229357629	229714581	protein_coding
CPSF4L	TvC	chr17	73248449	73262352	protein_coding
TPRG1	TvC	chr3	188947214	189325304	protein_coding
SNHG28	TvC	chr1	159834480	159855071	lncRNA
WNT7B	TvC	chr22	45920366	45977162	protein_coding
PLA2G4E	TvC	chr15	41981394	42051190	protein_coding
MESP2	TvC	chr15	89760591	89778754	protein_coding
C6orf132	TvC	chr6	42092233	42142620	protein_coding
ZNF626	TvC	chr19	20619939	20661596	protein_coding
HYKK	TvC	chr15	78507564	78537372	protein_coding
HES4	TvC	chr1	998962	1000172	protein_coding
IGFL1	TvC	chr19	46229742	46231243	protein_coding
SBK1	TvC	chr16	28259246	28323849	protein_coding
ZP3	TvC	chr7	76397518	76442071	protein_coding
GPAT2P2	TvC	chr2	97081098	97083249	transcribed_unprocessed_pseudogene
DYNLT4	TvC	chr1	44805888	44807417	protein_coding
SLC24A5	TvC	chr15	48120990	48142672	protein_coding
INSC	TvC	chr11	15112424	15247208	protein_coding
NCCRP1	TvC	chr19	39196964	39201884	protein_coding
RALGAPA2	TvC	chr20	20389530	20712644	protein_coding
NKAIN2	TvC	chr6	123803865	124825640	protein_coding
CFAP54	TvC	chr12	96489571	96875555	protein_coding
FAM72B	TvC	chr1	121167646	121185539	protein_coding
NANOS1	TvC	chr10	119029714	119033730	protein_coding
DPYD	TvC	chr1	97077743	97995000	protein_coding
SAXO2	TvC	chr15	82262810	82284930	protein_coding
FSIP2	TvC	chr2	185738804	185833290	protein_coding
SPRED3	TvC	chr19	38388421	38399588	protein_coding
ZDHHC11	TvC	chr5	795605	858973	protein_coding
LINC00910	TvC	chr17	43338741	43389226	lncRNA
ZNF563	TvC	chr19	12317477	12333720	protein_coding
KLRG2	TvC	chr7	139450625	139483674	protein_coding
LRRK2	TvC	chr12	40196744	40369285	protein_coding
HACD4	TvC	chr9	20999509	21031640	protein_coding
MSANTD1	TvC	chr4	3244369	3271738	protein_coding
LRRC66	TvC	chr4	51993614	52020363	protein_coding
SBSN	TvC	chr19	35523367	35528351	protein_coding
SHLD2P3	TvC	chr10	47689707	47730436	transcribed_unprocessed_pseudogene
ANKDD1B	TvC	chr5	75611182	75681773	protein_coding
H1-0	TvC	chr22	37805229	37807432	protein_coding
LITAF	TvC	chr16	11546875	11636395	protein_coding
FAM25G	TvC	chr10	47487219	47491700	protein_coding
SP6	TvC	chr17	47844908	47855874	protein_coding
PLAC9	TvC	chr10	80131682	80145359	protein_coding
CLDN4	TvC	chr7	73799542	73832690	protein_coding
FAM47E	TvC	chr4	76214040	76284294	protein_coding
BTBD8	TvC	chr1	92080305	92184725	protein_coding
MAOA	TvC	chrX	43654907	43746821	protein_coding
S100A14	TvC	chr1	153614255	153616996	protein_coding
KAZN	TvC	chr1	13892792	15118043	protein_coding
RASSF10	TvC	chr11	13009316	13012119	protein_coding
SYCP2	TvC	chr20	59863564	59933655	protein_coding
IL1RAP	TvC	chr3	190514051	190659750	protein_coding
MYBPC1	TvC	chr12	101568353	101686181	protein_coding
ADAM5	TvC	chr8	39314591	39417378	transcribed_unitary_pseudogene
S100A4	TvC	chr1	153543613	153550136	protein_coding
FAT4	TvC	chr4	125314918	125492932	protein_coding
CTSE	TvC	chr1	206008535	206023909	protein_coding
SEMA4A	TvC	chr1	156147366	156178869	protein_coding
HRCT1	TvC	chr9	35906202	35907136	protein_coding
SIRPB2	TvC	chr20	1470741	1491587	protein_coding
SRGAP3	TvC	chr3	8980591	9363053	protein_coding
FAM217B	TvC	chr20	59933643	59949387	protein_coding
ZNF493	TvC	chr19	21397119	21427577	protein_coding
CGB7	TvC	chr19	49054274	49058860	protein_coding
CD55	TvC	chr1	207321514	207386804	protein_coding
CPNE4	TvC	chr3	131533555	132285410	protein_coding
THEM5	TvC	chr1	151847101	151853712	protein_coding
RFX8	TvC	chr2	101397359	101475112	protein_coding
ESRRG	TvC	chr1	216503246	217137755	protein_coding
SPTSSB	TvC	chr3	161344798	161372880	protein_coding
MME	TvC	chr3	155024124	155183803	protein_coding
FAM72A	TvC	chr1	206186179	206204414	protein_coding
LAMA2	TvC	chr6	128883138	129516566	protein_coding
POTEF	TvC	chr2	130073535	130129222	protein_coding
ZNF846	TvC	chr19	9751993	9793180	protein_coding
ADH1B	TvC	chr4	99304971	99321659	protein_coding
ZNF136	TvC	chr19	12163064	12189871	protein_coding
IFT70B	TvC	chr2	177548998	177552796	protein_coding
HSH2D	TvC	chr19	16134028	16158575	protein_coding
COL27A1	TvC	chr9	114155537	114312511	protein_coding
GM2A	TvC	chr5	151212150	151270440	protein_coding
ZNF239	TvC	chr10	43554516	43574623	protein_coding
SPRR2B	TvC	chr1	153070226	153071611	protein_coding
ARID5A	TvC	chr2	96536717	96552638	protein_coding
CRACDL	TvC	chr2	98793845	98936259	protein_coding
LAMB3	TvC	chr1	209614870	209653106	protein_coding
FLNA	TvC	chrX	154348524	154374638	protein_coding
ZNF100	TvC	chr19	21722771	21767598	protein_coding
ANXA6	TvC	chr5	151100706	151157815	protein_coding
HRG-AS1	TvC	chr3	186579476	186772986	lncRNA
SRC	TvC	chr20	37344673	37406050	protein_coding
ADAM32	TvC	chr8	39106990	39284917	protein_coding
LRRC8B	TvC	chr1	89524829	89597861	protein_coding
H3C12	TvC	chr6	27890315	27893106	protein_coding
NOL4L	TvC	chr20	32443059	32585333	protein_coding
CYSRT1	TvC	chr9	137225174	137226315	protein_coding
KANK2	TvC	chr19	11164267	11197945	protein_coding
PELI1	TvC	chr2	64092652	64144420	protein_coding
UAP1L1	TvC	chr9	137077483	137084542	protein_coding
ADARB1	TvC	chr21	45073839	45226560	protein_coding
C5AR1	TvC	chr19	47290023	47322066	protein_coding
VEPH1	TvC	chr3	157259742	157533619	protein_coding
STMN3	TvC	chr20	63639705	63657682	protein_coding
COL13A1	TvC	chr10	69801880	69964275	protein_coding
SLC28A3	TvC	chr9	84275457	84340758	protein_coding
ENSG00000197550	TvC	chr9	64817870	64836341	unprocessed_pseudogene
ELANE	TvC	chr19	850951	856247	protein_coding
COL4A6	TvC	chrX	108155607	108439497	protein_coding
ENSG00000197585	TvC	chr2	214241676	214684246	lncRNA
ENTPD6	TvC	chr20	25195693	25228075	protein_coding
DMBX1	TvC	chr1	46489822	46516218	protein_coding
ENPP1	TvC	chr6	131807993	131895155	protein_coding
CPLANE1	TvC	chr5	37106228	37249400	protein_coding
MFAP5	TvC	chr12	8637346	8672519	protein_coding
UBE2Q2P12	TvC	chr15	84491480	84500599	transcribed_unprocessed_pseudogene
SERPINB2	TvC	chr18	63871692	63903888	protein_coding
ENSG00000197813	TvC	chr19	49331044	49340303	lncRNA
OCLN	TvC	chr5	69492184	69558104	protein_coding
CFAP299	TvC	chr4	80335730	80963750	protein_coding
INKA2	TvC	chr1	111680630	111755824	protein_coding
ZNF44	TvC	chr19	12224686	12294883	protein_coding
CYRIA	TvC	chr2	16549459	16666331	protein_coding
IFNA1	TvC	chr9	21440439	21441316	protein_coding
PLCG2	TvC	chr16	81738248	81962685	protein_coding
ZNF71	TvC	chr19	56595265	56626481	protein_coding
MBP	TvC	chr18	76978827	77133683	protein_coding
SIRPA	TvC	chr20	1892726	1940592	protein_coding
AKR1B10	TvC	chr7	134527567	134541412	protein_coding
CHSY3	TvC	chr5	129904465	130186634	protein_coding
TOR4A	TvC	chr9	137274854	137282641	protein_coding
MB	TvC	chr22	35606764	35637951	protein_coding
TMEM229B	TvC	chr14	67447084	67533878	protein_coding
ZNF876P	TvC	chr4	218650	254841	transcribed_unprocessed_pseudogene
HMGN5	TvC	chrX	81112915	81202016	protein_coding
HSD17B11	TvC	chr4	87336515	87391219	protein_coding
SULT1C2	TvC	chr2	108288639	108309915	protein_coding
RPS6KL1	TvC	chr14	74903951	74923302	protein_coding
CSF2RA	TvC	chrX	1268779	1325373	protein_coding
ZNF442	TvC	chr19	12345944	12365905	protein_coding
HOXC4	TvC	chr12	54016931	54056030	protein_coding
SPRED2	TvC	chr2	65310851	65432637	protein_coding
GFPT1	TvC	chr2	69319780	69387281	protein_coding
NRARP	TvC	chr9	137299631	137302271	protein_coding
ZNF568	TvC	chr19	36916316	37005037	protein_coding
LINC02692	TvC	chr9	136969243	136972890	lncRNA
TPM2	TvC	chr9	35681992	35690056	protein_coding
SH3BGRL2	TvC	chr6	79537185	79703655	protein_coding
MAFK	TvC	chr7	1530702	1543049	protein_coding
C2CD4A	TvC	chr15	62066977	62070917	protein_coding
ITGBL1	TvC	chr13	101452593	101720856	protein_coding
ENSG00000198555	TvC	chr16	33976039	33987630	unprocessed_pseudogene
MMP17	TvC	chr12	131828393	131851783	protein_coding
COPS8	TvC	chr2	237085882	237100474	protein_coding
CCDC69	TvC	chr5	151181052	151224124	protein_coding
PAPSS2	TvC	chr10	87659613	87747708	protein_coding
DLL1	TvC	chr6	170282202	170306565	protein_coding
SMOC1	TvC	chr14	69854131	70032366	protein_coding
PLXNB3	TvC	chrX	153764186	153779346	protein_coding
APCDD1L	TvC	chr20	58458452	58515399	protein_coding
RASSF9	TvC	chr12	85800703	85836409	protein_coding
FAM169A	TvC	chr5	74777574	74867022	protein_coding
MUC2	TvC	chr11	1074875	1110511	protein_coding
SCAMP5	TvC	chr15	74957219	75021497	protein_coding
BRINP2	TvC	chr1	177170890	177282422	protein_coding
PAX9	TvC	chr14	36657568	36679362	protein_coding
GRM3	TvC	chr7	86643909	86864884	protein_coding
SELENOM	TvC	chr22	31104772	31120069	protein_coding
GJC2	TvC	chr1	228149930	228159826	protein_coding
CES1	TvC	chr16	55802845	55833337	protein_coding
HSD3BP5	TvC	chr1	119601340	119609250	transcribed_unprocessed_pseudogene
GRK5	TvC	chr10	119207543	119459745	protein_coding
NOS1AP	TvC	chr1	162069691	162370475	protein_coding
TBKBP1	TvC	chr17	47694030	47712063	protein_coding
DMD	TvC	chrX	31097677	33339609	protein_coding
TGM2	TvC	chr20	38127385	38168463	protein_coding
MIR429	TvC	chr1	1169005	1169087	miRNA
RNU5E-1	TvC	chr1	11908152	11908272	snRNA
ENSG00000199470	TvC	chr7	12700758	12700889	snoRNA
RNVU1-22	TvC	chr1	148263476	148263632	snRNA
RNU5B-1	TvC	chr15	65304677	65304793	snRNA
RNU5D-1	TvC	chr1	44731069	44731170	snRNA
RN7SKP160	TvC	chr1	173791548	173791887	misc_RNA
RNVU1-6	TvC	chr1	146052081	146052244	snRNA
ENSG00000203279	TvC	chr9	97157784	97238790	lncRNA
TDRKH-AS1	TvC	chr1	151790709	151794403	lncRNA
IQANK1	TvC	chr8	143734139	143790645	protein_coding
ENSG00000203635	TvC	chr2	1620510	1625419	lncRNA
EFCAB2	TvC	chr1	244969682	245127164	protein_coding
IBA57-DT	TvC	chr1	228164086	228165584	lncRNA
CAPN8	TvC	chr1	223538007	223665723	protein_coding
MIR29B2CHG	TvC	chr1	207760650	207879121	lncRNA
LINC02901	TvC	chr6	158869067	158948522	lncRNA
C1orf53	TvC	chr1	197902449	197907368	protein_coding
SPRR2E	TvC	chr1	153093135	153106184	protein_coding
DDO	TvC	chr6	110391771	110415862	protein_coding
HSD3BP4	TvC	chr1	119564066	119572067	transcribed_unprocessed_pseudogene
LINC01270	TvC	chr20	50292709	50315488	lncRNA
CT83	TvC	chrX	116461686	116462976	protein_coding
LIPK	TvC	chr10	88706249	88752776	protein_coding
LRRC73	TvC	chr6	43506965	43510388	protein_coding
LINC00963	TvC	chr9	129476946	129513769	lncRNA
IER5L-AS1	TvC	chr9	129175807	129261581	lncRNA
MAFB	TvC	chr20	40685848	40689236	protein_coding
GPRIN2	TvC	chr10	46541736	46557569	protein_coding
GGNBP1	TvC	chr6	33583699	33589026	transcribed_unitary_pseudogene
TXNDC8	TvC	chr9	110303476	110337891	protein_coding
TCEA3	TvC	chr1	23370591	23425169	protein_coding
LINC02731	TvC	chr11	134031993	134067936	lncRNA
ERICH2	TvC	chr2	170766878	170798977	protein_coding
LINC02783	TvC	chr1	17189782	17198369	lncRNA
VWA7	TvC	chr6	31765590	31777328	protein_coding
CARD16	TvC	chr11	105039092	105101431	protein_coding
LY6G5C	TvC	chr6	31676684	31684040	protein_coding
NALF1	TvC	chr13	107163510	107867496	protein_coding
MICB	TvC	chr6	31494881	31511124	protein_coding
PSORS1C1	TvC	chr6	31114750	31140092	protein_coding
TRIM15	TvC	chr6	30163194	30173160	protein_coding
TRIM31	TvC	chr6	30102886	30113090	protein_coding
RNF39	TvC	chr6	30070266	30075849	protein_coding
LINC02210	TvC	chr17	45633049	45636444	transcribed_unitary_pseudogene
MIR1915HG	TvC	chr10	21487597	21497260	lncRNA
CFAP95	TvC	chr9	69820815	69906655	protein_coding
IGKV1OR-3	TvC	chr9	65770955	65771434	IG_V_pseudogene
IGKV1OR9-1	TvC	chr9	65250543	65250826	IG_V_pseudogene
SMPD5	TvC	chr8	144049079	144051203	transcribed_unitary_pseudogene
LINC01291	TvC	chr2	74908953	74943494	lncRNA
ODAD4	TvC	chr17	41930617	41966503	protein_coding
MROH6	TvC	chr8	143566192	143572772	protein_coding
TCTN1	TvC	chr12	110614027	110663431	protein_coding
GPR20	TvC	chr8	141356470	141367286	protein_coding
KRT40	TvC	chr17	40977715	40987135	protein_coding
LINC02934	TvC	chr2	65435852	66200373	lncRNA
CD177	TvC	chr19	43353686	43364395	protein_coding
PSG5	TvC	chr19	43166256	43186536	protein_coding
ZNF425	TvC	chr7	149102784	149126338	protein_coding
LINC01121	TvC	chr2	45164809	45323397	lncRNA
GARIN1A	TvC	chr7	128671693	128687877	protein_coding
CDKL4	TvC	chr2	39168045	39243983	protein_coding
CFAP96	TvC	chr4	185426014	185449828	protein_coding
KRT17P4	TvC	chr17	16847852	16851908	transcribed_unprocessed_pseudogene
ENSG00000205325	TvC	chr17	14767583	14780686	lncRNA
ADGRG1	TvC	chr16	57610652	57665580	protein_coding
MT1A	TvC	chr16	56638202	56640087	protein_coding
CFI	TvC	chr4	109731008	109802195	protein_coding
KRT6A	TvC	chr12	52487176	52493257	protein_coding
EXOC3L4	TvC	chr14	103094538	103110570	protein_coding
CALML3-AS1	TvC	chr10	5510036	5551111	lncRNA
LINC03041	TvC	chr9	16203935	16410990	lncRNA
ARSH	TvC	chrX	3006546	3034111	protein_coding
DPF3	TvC	chr14	72609034	72894101	protein_coding
MANSC4	TvC	chr12	27762427	27780236	protein_coding
DENND1C	TvC	chr19	6467207	6482557	protein_coding
CATSPER2P1	TvC	chr15	43727181	43745165	transcribed_unprocessed_pseudogene
CYS1	TvC	chr2	10056473	10080944	protein_coding
KLRC2	TvC	chr12	10426854	10442300	protein_coding
ENSG00000205890	TvC	chr16	3032481	3039133	lncRNA
ENSG00000205959	TvC	chr4	8482270	8516759	lncRNA
NYNRIN	TvC	chr14	24399003	24419304	protein_coding
SERPINB4	TvC	chr18	63637259	63644256	protein_coding
ZDHHC11B	TvC	chr5	710355	784729	protein_coding
ATP10A	TvC	chr15	25677273	25865184	protein_coding
ANKRD20A9P	TvC	chr13	18816718	18871967	transcribed_unprocessed_pseudogene
VGLL3	TvC	chr3	86876388	86991149	protein_coding
COLQ	TvC	chr3	15450132	15521928	protein_coding
RNU6-2	TvC	chr19	1021522	1021628	snRNA
MIR200A	TvC	chr1	1167863	1167952	miRNA
MIR193A	TvC	chr17	31559996	31560083	miRNA
MIR200B	TvC	chr1	1167104	1167198	miRNA
DIO1	TvC	chr1	53891239	53911086	protein_coding
AKR7L	TvC	chr1	19265982	19274194	protein_coding
IGHE	TvC	chr14	105597691	105601728	IG_C_gene
RNA5SP18	TvC	chr1	228647912	228648032	rRNA_pseudogene
LINC02693	TvC	chr17	21428263	21574517	lncRNA
KRTAP2-3	TvC	chr17	41059240	41060114	protein_coding
RTL8B	TvC	chrX	135020513	135022542	protein_coding
LPAL2	TvC	chr6	160453428	160511007	transcribed_unprocessed_pseudogene
STRADBP1	TvC	chr7	150512559	150513839	transcribed_processed_pseudogene
FTH1P12	TvC	chr9	15527133	15527683	processed_pseudogene
HAUS7	TvC	chrX	153447655	153495516	protein_coding
GPC2	TvC	chr7	100169606	100177381	protein_coding
SIPA1	TvC	chr11	65638091	65650930	protein_coding
FIRRE	TvC	chrX	131688779	131830928	lncRNA
ENSG00000213514	TvC	chr10	77730766	77734769	processed_pseudogene
RARRES2P2	TvC	chr10	133637408	133637892	processed_pseudogene
FAM220CP	TvC	chr9	97121659	97122489	processed_pseudogene
RPL21P70	TvC	chr2	31290762	31291604	processed_pseudogene
S1PR3	TvC	chr9	88990863	89005155	protein_coding
ENSG00000213976	TvC	chr19	21382865	21387177	unprocessed_pseudogene
UCA1	TvC	chr19	15828206	15836328	lncRNA
CPSF1P1	TvC	chr22	32269381	32273110	transcribed_processed_pseudogene
CYP4F30P	TvC	chr2	130681229	130681955	transcribed_unprocessed_pseudogene
LINC00887	TvC	chr3	194200261	194324520	lncRNA
PLEKHM1P1	TvC	chr17	64785259	64829208	transcribed_unprocessed_pseudogene
LGMNP1	TvC	chr13	64958097	64959396	processed_pseudogene
AGGF1P1	TvC	chr4	190041342	190043414	processed_pseudogene
SCART1	TvC	chr10	133453928	133523558	protein_coding
KRT8P14	TvC	chrX	45632292	45633733	processed_pseudogene
FOXI3	TvC	chr2	88446787	88452693	protein_coding
NEURL1B	TvC	chr5	172641248	172691540	protein_coding
EFCAB9	TvC	chr5	172194172	172203454	protein_coding
VSTM5	TvC	chr11	93818232	93850620	protein_coding
RDUR	TvC	chr3	101868657	101997926	lncRNA
GTF2IRD2P1	TvC	chr7	73243271	73280119	transcribed_unprocessed_pseudogene
ENSG00000214546	TvC	chr17	39617471	39623157	lncRNA
SLC6A10P	TvC	chr16	32878706	32885501	transcribed_unprocessed_pseudogene
ARHGEF33	TvC	chr2	38889875	38975454	protein_coding
CAPN14	TvC	chr2	31173056	31234011	protein_coding
GUCY2C-AS1	TvC	chr12	14665629	14790901	lncRNA
TUBA5P	TvC	chr1	202852991	202859099	transcribed_unprocessed_pseudogene
ENSG00000214797	TvC	chr11	59268876	59284033	lncRNA
KRT16P3	TvC	chr17	20501669	20504283	transcribed_unprocessed_pseudogene
KRT16P1	TvC	chr17	18439985	18442734	transcribed_unprocessed_pseudogene
SMTNL1	TvC	chr11	57537595	57550272	protein_coding
ARHGEF28	TvC	chr5	73625757	73942391	protein_coding
CRPPA	TvC	chr7	16087525	16502504	protein_coding
COL28A1	TvC	chr7	7356203	7535873	protein_coding
CD27-AS1	TvC	chr12	6439001	6452092	lncRNA
GRID2IP	TvC	chr7	6496778	6551461	protein_coding
ENSG00000215146	TvC	chr10	42336101	42353011	transcribed_unprocessed_pseudogene
MUC5AC	TvC	chr11	1157953	1201138	protein_coding
LINC02649	TvC	chr10	6271169	6401372	lncRNA
RNF212B	TvC	chr14	23185316	23273477	protein_coding
TMED11P	TvC	chr4	1115263	1153726	transcribed_unitary_pseudogene
MIR99AHG	TvC	chr21	15928296	16646364	lncRNA
AATBC	TvC	chr21	43805758	43812567	lncRNA
LINC00598	TvC	chr13	40079106	40535807	lncRNA
ENSG00000215512	TvC	chr18	15307663	15330282	transcribed_unprocessed_pseudogene
ANKRD20A11P	TvC	chr21	13909574	13979911	transcribed_unprocessed_pseudogene
ZNF962P	TvC	chr13	18467172	18485448	unprocessed_pseudogene
FAM72D	TvC	chr1	145095971	145112696	protein_coding
ENSG00000215861	TvC	chr1	149197992	149321732	transcribed_unprocessed_pseudogene
LINC01356	TvC	chr1	112820170	112850643	lncRNA
ATAD3C	TvC	chr1	1449689	1470163	protein_coding
ENSG00000216352	TvC	chr6	80555841	80557189	processed_pseudogene
ENSG00000216809	TvC	chr6	118452469	118454992	processed_pseudogene
SYCE3	TvC	chr22	50551112	50562919	protein_coding
PARLP2	TvC	chr6	143342246	143343383	processed_pseudogene
PTPN11BP	TvC	chr1	1063079	1069355	transcribed_unprocessed_pseudogene
ADAMTS7P4	TvC	chr15	85255369	85270892	transcribed_unprocessed_pseudogene
FAM138C	TvC	chr9	34394	37280	lncRNA
ZNF602P	TvC	chr6	28115628	28116551	transcribed_unprocessed_pseudogene
FTH1P8	TvC	chrX	148052233	148052746	processed_pseudogene
FAM228B	TvC	chr2	24076526	24169642	protein_coding
ENSG00000219755	TvC	chr6	99575712	99576456	processed_pseudogene
YAP1P1	TvC	chr6	147406889	147408281	processed_pseudogene
MTMR9LP	TvC	chr1	32231847	32241592	transcribed_unprocessed_pseudogene
MIR1302-3	TvC	chr2	113582959	113583096	miRNA
PSG7	TvC	chr19	42924132	42937207	protein_coding
NPTXR	TvC	chr22	38818452	38844028	protein_coding
FADS3	TvC	chr11	61873519	61892136	protein_coding
MYBPHL	TvC	chr1	109292363	109307213	protein_coding
ZNF630	TvC	chrX	47983356	48071893	protein_coding
BTBD19	TvC	chr1	44808523	44817381	protein_coding
URAHP	TvC	chr16	90043914	90047597	transcribed_unprocessed_pseudogene
ENSG00000222032	TvC	chr2	237421420	237434906	lncRNA
RNU2-63P	TvC	chr2	88016354	88016547	snRNA
ENSG00000223356	TvC	chr1	156712212	156713174	lncRNA
FTH1P10	TvC	chr5	17353875	17354424	transcribed_processed_pseudogene
LINC01778	TvC	chr1	30824000	30834864	lncRNA
TH2LCRR	TvC	chr5	132629735	132664272	lncRNA
LINC01615	TvC	chr6	169157162	169182878	lncRNA
CCR5AS	TvC	chr3	46363984	46407184	lncRNA
TINCR	TvC	chr19	5558167	5578349	protein_coding
LINC00370	TvC	chr13	109265416	109307831	lncRNA
MIR503HG	TvC	chrX	134543118	134549644	lncRNA
SIRPB3P	TvC	chr20	1665283	1708200	transcribed_unprocessed_pseudogene
LINC00205	TvC	chr21	45287983	45353538	lncRNA
ENSG00000223838	TvC	chr7	19339294	19668629	lncRNA
HLA-DPB1	TvC	chr6	33073786	33089696	protein_coding
NBEAP3	TvC	chr22	15852990	15893942	transcribed_unprocessed_pseudogene
ENSG00000223886	TvC	chr7	105530209	105530671	processed_pseudogene
LGALSL-DT	TvC	chr2	64395060	64454619	lncRNA
CHROMR	TvC	chr2	178413476	178442854	lncRNA
RPL26P28	TvC	chr10	5304431	5304865	transcribed_processed_pseudogene
SLC44A3-AS1	TvC	chr1	94672918	94674161	transcribed_processed_pseudogene
CYP4F25P	TvC	chr9	64465463	64466498	transcribed_unprocessed_pseudogene
INHBA-AS1	TvC	chr7	41693884	41779388	lncRNA
ENSG00000224245	TvC	chr9	94496275	94512879	transcribed_unprocessed_pseudogene
LINC01133	TvC	chr1	159941373	160025027	lncRNA
ENSG00000224260	TvC	chr1	209516746	209567795	lncRNA
ANKRD30BP2	TvC	chr21	13038208	13067033	transcribed_unprocessed_pseudogene
PELATON	TvC	chr20	50233416	50312038	lncRNA
LINC00539	TvC	chr13	21302829	21362139	lncRNA
CDHR18P	TvC	chr3	63741827	63805093	transcribed_unitary_pseudogene
LINC00620	TvC	chr3	13650632	13746655	lncRNA
ENSG00000224523	TvC	chrX	81408938	81427276	transcribed_unprocessed_pseudogene
MIR3659HG	TvC	chr1	38031125	38119530	lncRNA
LINC00885	TvC	chr3	196141940	196193538	lncRNA
ENSG00000224715	TvC	chr22	47329227	47373541	lncRNA
EIF4A2P4	TvC	chrX	52832704	52833899	processed_pseudogene
KRT18P39	TvC	chr2	203764295	203765593	processed_pseudogene
ENSG00000224844	TvC	chr2	237122910	237124097	lncRNA
LINC00393	TvC	chr13	73412982	73662210	lncRNA
LINC01398	TvC	chr1	46446600	46451317	lncRNA
POT1-AS1	TvC	chr7	124929862	125482966	lncRNA
LINC00184	TvC	chr1	234609295	234637418	lncRNA
PRRT4	TvC	chr7	128350325	128361690	protein_coding
ENSG00000224950	TvC	chr1	116493016	116499212	lncRNA
DAP3P1	TvC	chr1	155586644	155602197	unprocessed_pseudogene
PLEKHM1	TvC	chr17	45435900	45490758	protein_coding
MIR137HG	TvC	chr1	97933474	98054717	lncRNA
LINC01678	TvC	chr21	44158740	44160137	lncRNA
ENSG00000225356	TvC	chr4	181522666	181523001	processed_pseudogene
IGKV1OR9-2	TvC	chr9	40641841	40642117	IG_V_pseudogene
PGM5P4	TvC	chr2	113541937	113563298	transcribed_unprocessed_pseudogene
ENSG00000225407	TvC	chr5	76691439	76716215	lncRNA
EIF2AK3-AS1	TvC	chr2	88503987	88575610	lncRNA
BOLA3-DT	TvC	chr2	74147044	74156983	lncRNA
RFPL1S	TvC	chr22	29409067	29478923	lncRNA
ENSG00000225498	TvC	chr7	90312496	90322592	lncRNA
LINC00475	TvC	chr9	92141438	92141650	transcribed_unprocessed_pseudogene
C2CD4D	TvC	chr1	151837818	151840557	protein_coding
ENSG00000225594	TvC	chr2	132087289	132102564	unprocessed_pseudogene
ENSG00000225676	TvC	chr22	30182818	30207255	lncRNA
FAM225B	TvC	chr9	113095149	113111543	lncRNA
SLC26A6	TvC	chr3	48625718	48635493	protein_coding
TMEM230P1	TvC	chrX	107939263	107939642	processed_pseudogene
LINC00431	TvC	chr13	110989980	110990138	transcribed_unprocessed_pseudogene
LINC01389	TvC	chr1	47380733	47433569	lncRNA
TRAM2-AS1	TvC	chr6	52576786	52643081	lncRNA
ANKRD65-AS1	TvC	chr1	1420245	1423287	lncRNA
NTF4	TvC	chr19	49061066	49065076	protein_coding
ELFN1	TvC	chr7	1665745	1747946	protein_coding
LINC00937	TvC	chr12	8244845	8453161	lncRNA
ENSG00000226149	TvC	chr6	129439485	129576047	lncRNA
LEMD1-AS1	TvC	chr1	205373219	205422954	lncRNA
GAS1RR	TvC	chr9	86948583	87013294	lncRNA
ENSG00000226281	TvC	chr6	6692737	6801186	lncRNA
TMEM191A	TvC	chr22	20702007	20704490	transcribed_unprocessed_pseudogene
LINC00351	TvC	chr13	85363601	85544570	lncRNA
IFNA20P	TvC	chr9	21321300	21321827	unprocessed_pseudogene
MRPL23-AS1	TvC	chr11	1983237	1989993	lncRNA
ENSG00000226472	TvC	chr12	31005777	31005848	transcribed_unprocessed_pseudogene
FAM138B	TvC	chr2	113541518	113578852	lncRNA
ENSG00000226592	TvC	chr7	145269514	145270384	processed_pseudogene
LINC03086	TvC	chr20	2207217	2213151	lncRNA
LINC01108	TvC	chr6	14280127	14285454	lncRNA
LINC01535	TvC	chr19	37251448	37267879	lncRNA
ZNF277-AS1	TvC	chr7	112327888	112444682	lncRNA
ERVMER34-1	TvC	chr4	52722618	52751897	protein_coding
ENSG00000226904	TvC	chr9	68222231	68229312	lncRNA
IL1R1-AS1	TvC	chr2	102168978	102182422	lncRNA
CEP164P1	TvC	chr10	45070792	45071209	transcribed_processed_pseudogene
ENSG00000226990	TvC	chr10	8329226	8463531	lncRNA
IL6STP1	TvC	chr17	15783288	15784307	transcribed_processed_pseudogene
GTF2IP7	TvC	chr7	76099440	76101408	transcribed_unprocessed_pseudogene
ENSG00000227066	TvC	chr1	20154117	20160568	lncRNA
LINC02798	TvC	chr1	121396240	121463508	lncRNA
HORMAD2-AS1	TvC	chr22	30008740	30080480	lncRNA
LBX1-AS1	TvC	chr10	101221750	101270148	lncRNA
ENSG00000227292	TvC	chr2	38111185	38239590	lncRNA
KRT16P2	TvC	chr17	16829999	16832753	transcribed_unprocessed_pseudogene
GOLGA7B-DT	TvC	chr10	97818479	97851012	lncRNA
HPN-AS1	TvC	chr19	35027447	35106898	lncRNA
ENSG00000227479	TvC	chr2	240227474	240256429	lncRNA
ENSG00000227496	TvC	chr1	225685933	225752258	lncRNA
SLC2A1-DT	TvC	chr1	42959028	42996814	lncRNA
MYO1B-AS1	TvC	chr2	191209191	191246251	lncRNA
HSD11B1-AS1	TvC	chr1	209661354	209757643	lncRNA
ENSG00000227606	TvC	chr19	43153279	43160862	lncRNA
ENSG00000227712	TvC	chr1	119160535	119379295	lncRNA
LINC02803	TvC	chr1	175893132	175921057	lncRNA
LINC01940	TvC	chr2	238919302	238926269	lncRNA
ENSG00000227745	TvC	chr2	132132856	132139429	unprocessed_pseudogene
SLC9A7P1	TvC	chr12	98454877	98457115	transcribed_processed_pseudogene
IL6ST-DT	TvC	chr5	55995138	56003649	lncRNA
TARID	TvC	chr6	133485013	133953083	lncRNA
EPHA2-AS1	TvC	chr1	16155072	16183148	lncRNA
RAPGEF4-AS1	TvC	chr2	172677132	172736367	lncRNA
ENSG00000228044	TvC	chr1	234646289	234683181	lncRNA
ENSG00000228120	TvC	chr21	43159066	43162277	lncRNA
EFHD2-AS1	TvC	chr1	15316844	15411229	lncRNA
ENSG00000228222	TvC	chr2	167293171	167558333	lncRNA
HCG11	TvC	chr6	26521709	26527404	lncRNA
LINC02048	TvC	chr3	194275452	194290678	lncRNA
TOMM22-DT	TvC	chr22	38667585	38681871	lncRNA
UMLILO	TvC	chr4	73707725	73734688	lncRNA
PCAT6	TvC	chr1	202810827	202827227	lncRNA
CYP4F29P	TvC	chr21	13846759	13847713	transcribed_unprocessed_pseudogene
MIR646HG	TvC	chr20	60047154	60653784	lncRNA
ENSG00000228343	TvC	chrX	48579774	48581157	lncRNA
REL-DT	TvC	chr2	60823069	60882232	lncRNA
RRAGC-DT	TvC	chr1	38859886	38965038	lncRNA
ENSG00000228484	TvC	chr10	114764788	114794346	lncRNA
C2orf92	TvC	chr2	97664217	97703066	protein_coding
HK2P1	TvC	chrX	80571871	80574607	processed_pseudogene
LALTOP	TvC	chr2	1447968	1620113	lncRNA
ROCR	TvC	chr17	71829870	72058073	lncRNA
HNRNPCP7	TvC	chr7	64500825	64501729	processed_pseudogene
PROB1	TvC	chr5	139390592	139395104	protein_coding
CES1P1	TvC	chr16	55760642	55793960	transcribed_unprocessed_pseudogene
ENSG00000228739	TvC	chr9	6047360	6066714	lncRNA
MIR365BHG	TvC	chr17	31571074	31575659	lncRNA
LINC00954	TvC	chr2	19863616	19885047	lncRNA
THRB-AS1	TvC	chr3	24493985	24681711	lncRNA
FAM207BP	TvC	chr13	18697003	18697507	processed_pseudogene
RASA4CP	TvC	chr7	44029334	44041892	transcribed_unprocessed_pseudogene
ENSG00000228933	TvC	chrX	27016335	27399033	lncRNA
CDCA4P1	TvC	chr9	14593577	14594200	processed_pseudogene
ENSG00000229066	TvC	chr2	175257250	175463180	lncRNA
ANKRD20A8P	TvC	chr2	94791103	94857282	transcribed_unprocessed_pseudogene
SNX18P4	TvC	chr9	66082350	66083187	transcribed_processed_pseudogene
EPHA1-AS1	TvC	chr7	143407562	143523449	lncRNA
ENSG00000229167	TvC	chr1	31567940	31579510	lncRNA
ENSG00000229172	TvC	chr2	227801840	227804705	processed_pseudogene
ENSG00000229195	TvC	chr2	165794857	165846230	lncRNA
PPP1R12BP1	TvC	chrY	26277923	26354418	transcribed_unprocessed_pseudogene
ENSG00000229261	TvC	chr10	69215333	69232490	lncRNA
ENSG00000229278	TvC	chr10	99599629	99659596	lncRNA
ENSG00000229491	TvC	chrX	45183251	45333922	lncRNA
NKX1-2	TvC	chr10	124445243	124450035	protein_coding
LINC01204	TvC	chrX	45505373	45632121	lncRNA
ENSG00000229618	TvC	chr7	12726152	13751920	lncRNA
MYOSLID	TvC	chr2	207165961	207253323	lncRNA
ENSG00000229672	TvC	chr10	3730666	3769404	lncRNA
ENSG00000229771	TvC	chr20	40693988	40866186	lncRNA
ENSG00000229848	TvC	chr17	81514047	81527776	lncRNA
LINC01315	TvC	chr22	42363671	42369300	lncRNA
FOSL2-AS1	TvC	chr2	28384409	28394705	lncRNA
ENSG00000229962	TvC	chr21	25453289	25567169	lncRNA
ENSG00000229976	TvC	chr20	39710745	39815097	lncRNA
TOB1-AS1	TvC	chr17	50866605	50938089	lncRNA
ZBTB47-AS1	TvC	chr3	42601961	42654396	lncRNA
TMEM254-AS1	TvC	chr10	80040484	80079255	lncRNA
LINC01433	TvC	chr20	4192932	4195953	lncRNA
FTH1P5	TvC	chr6	50912712	50913256	processed_pseudogene
LINC02603	TvC	chr9	94176494	94259545	lncRNA
ENSG00000230286	TvC	chr2	26950308	27009807	lncRNA
DSCR9	TvC	chr21	37208196	37237353	lncRNA
LINC03125	TvC	chr20	23159587	23190419	lncRNA
SERPINB9P1	TvC	chr6	2851230	2886183	lncRNA
CTF2P	TvC	chr16	30904348	30910208	unitary_pseudogene
LNCTSI	TvC	chr21	36430289	36627435	lncRNA
ENSG00000230490	TvC	chr13	33354744	33676883	lncRNA
CCDC192	TvC	chr5	127703361	127941507	protein_coding
APPAT	TvC	chr2	97416059	97437397	lncRNA
ENSG00000230615	TvC	chr1	44030414	44115913	lncRNA
ENSG00000230628	TvC	chr1	234669523	234696153	lncRNA
ENSG00000230637	TvC	chr22	25327252	25339975	transcribed_unprocessed_pseudogene
KLHL7-DT	TvC	chr7	23100214	23105703	lncRNA
GGTLC4P	TvC	chr22	24248074	24249466	transcribed_unprocessed_pseudogene
ZNF341-AS1	TvC	chr20	33787373	33812321	lncRNA
LINC03016	TvC	chr7	7255154	7278077	lncRNA
ENSG00000230834	TvC	chr11	1771630	1778587	lncRNA
OCLNP1	TvC	chr5	71074225	71093193	transcribed_unprocessed_pseudogene
ENSG00000230882	TvC	chr7	76071469	76074963	processed_pseudogene
MIR205HG	TvC	chr1	209427531	209432855	lncRNA
LINC00326	TvC	chr6	132908105	133107410	lncRNA
THBS3-AS1	TvC	chr1	155194806	155207322	lncRNA
LNCAROD	TvC	chr10	52445975	52755570	lncRNA
ENSG00000231189	TvC	chr2	223498773	223504611	lncRNA
APCDD1L-DT	TvC	chr20	58515379	58623080	lncRNA
IGKV1OR2-108	TvC	chr2	113406396	113406872	IG_V_gene
HLA-DPA1	TvC	chr6	33064569	33080781	protein_coding
LINC03078	TvC	chr19	43323549	43331550	lncRNA
FAM225A	TvC	chr9	113111624	113119928	lncRNA
LINC02015	TvC	chr3	177816847	177940299	lncRNA
KRT17P6	TvC	chr17	20512560	20517479	transcribed_unprocessed_pseudogene
CD109-AS1	TvC	chr6	73669691	73696297	lncRNA
TSPAN19	TvC	chr12	85014311	85036277	protein_coding
LINC01273	TvC	chr20	50165586	50188316	lncRNA
ENSG00000231760	TvC	chr6	149796151	149799150	lncRNA
ENSG00000231769	TvC	chr6	46096004	46129857	lncRNA
PCAT7	TvC	chr9	94554599	94603990	lncRNA
NANOGP9	TvC	chrX	65772741	65773632	processed_pseudogene
LINC01819	TvC	chr2	42972255	43040662	lncRNA
TMEM139-AS1	TvC	chr7	143255264	143287997	lncRNA
STAT4-AS1	TvC	chr2	191021526	191032314	lncRNA
KRT17P3	TvC	chr17	30567700	30571748	transcribed_unprocessed_pseudogene
PRH1	TvC	chr12	10824960	11171608	protein_coding
ENSG00000231901	TvC	chr9	117840322	117897256	lncRNA
NEBL-AS1	TvC	chr10	21173599	21182579	lncRNA
PSG1	TvC	chr19	42866464	42879822	protein_coding
PGM5P4-AS1	TvC	chr2	113526836	113542789	lncRNA
EP300-AS1	TvC	chr22	41141367	41197520	lncRNA
RPL7AP76	TvC	chr9	62266319	62266919	transcribed_processed_pseudogene
LRRC8C-DT	TvC	chr1	89581291	89633008	lncRNA
FAAHP1	TvC	chr1	46432129	46445321	transcribed_unprocessed_pseudogene
ENSG00000232124	TvC	chr21	44198797	44208090	lncRNA
FTH1P7	TvC	chr13	22696023	22696574	processed_pseudogene
ASCL5	TvC	chr1	201113943	201127184	protein_coding
FAM131C2P	TvC	chr1	16035178	16040029	transcribed_unprocessed_pseudogene
ENSG00000232471	TvC	chr4	49550032	49557400	transcribed_unprocessed_pseudogene
LIF-AS1	TvC	chr22	30238784	30240556	lncRNA
ENSG00000232555	TvC	chr2	172301145	172370401	lncRNA
LINC02576	TvC	chr2	65030678	65053807	lncRNA
HLA-DQB2	TvC	chr6	32756094	32763543	protein_coding
ZNF687-AS1	TvC	chr1	151273345	151282013	lncRNA
LINC00665	TvC	chr19	36259540	36331770	lncRNA
DUX4L50	TvC	chr9	63817748	63818462	unprocessed_pseudogene
ENSG00000232828	TvC	chrX	48636633	48801376	lncRNA
PTGES2-AS1	TvC	chr9	128128529	128130628	lncRNA
DLGAP4-AS1	TvC	chr20	36507702	36573410	lncRNA
ENSG00000232909	TvC	chr6	35733435	35737689	lncRNA
HCG25	TvC	chr6	33248510	33260681	lncRNA
CYP1B1-AS1	TvC	chr2	38073447	38231651	lncRNA
LINC01219	TvC	chr11	1988477	1993673	lncRNA
ENSG00000233017	TvC	chr20	62427769	62447680	lncRNA
PHGR1	TvC	chr15	40351033	40356434	protein_coding
LINC01399	TvC	chr22	35194699	35194942	transcribed_processed_pseudogene
LINC00702	TvC	chr10	4201141	4268709	lncRNA
LINC00456	TvC	chr13	97117149	97187578	lncRNA
RNF224	TvC	chr9	137226908	137229640	protein_coding
MROH3P	TvC	chr1	200917460	200966536	transcribed_unitary_pseudogene
ARHGEF4-AS1	TvC	chr2	130830978	130836994	lncRNA
LINC00472	TvC	chr6	71187161	71420745	lncRNA
RASA4DP	TvC	chr7	102681836	102690469	transcribed_unprocessed_pseudogene
PDE4DIPP3	TvC	chr1	143811359	143825837	transcribed_unprocessed_pseudogene
STXBP5-AS1	TvC	chr6	146824501	147204677	lncRNA
TMEM238	TvC	chr19	55379244	55384292	protein_coding
LINC00460	TvC	chr13	106374477	106384315	lncRNA
LINC02609	TvC	chr1	90769086	90851701	lncRNA
TWIST2	TvC	chr2	238848032	238910534	protein_coding
LINC02579	TvC	chr2	64606975	64616556	lncRNA
LINC01122	TvC	chr2	58427707	59355588	lncRNA
NRAD1	TvC	chr13	43908669	44042929	lncRNA
CAVIN2-AS1	TvC	chr2	191844916	192085236	lncRNA
CICP5	TvC	chr1	223947605	223950416	unprocessed_pseudogene
MIR4280HG	TvC	chr5	87048858	87180021	lncRNA
GIRGL	TvC	chr7	20188113	20221710	lncRNA
ENSG00000233870	TvC	chr2	71178587	71178773	unprocessed_pseudogene
LINC01503	TvC	chr9	129320968	129359549	lncRNA
MT1XP1	TvC	chr1	16241213	16241398	transcribed_processed_pseudogene
KRTAP5-AS1	TvC	chr11	1571353	1620791	lncRNA
ENSG00000233978	TvC	chr2	43041193	43043782	lncRNA
EIF2AK3-DT	TvC	chr2	88627539	88631825	lncRNA
TPRG1-AS1	TvC	chr3	188941196	188947829	lncRNA
LINC02433	TvC	chr4	157572470	157576154	lncRNA
AKAP8P1	TvC	chr9	11011748	11013096	processed_pseudogene
ENSG00000234147	TvC	chr6	140575530	140898472	lncRNA
LINC02535	TvC	chr6	85320314	85404911	lncRNA
LINC01191	TvC	chr2	113970621	114028083	lncRNA
DEPDC1-AS1	TvC	chr1	68496671	68538627	lncRNA
ZNF879	TvC	chr5	179023804	179035064	protein_coding
JAZF1-AS1	TvC	chr7	28180322	28243917	lncRNA
ENSG00000234378	TvC	chr2	20063856	20137475	lncRNA
CICP13	TvC	chr1	222468094	222470882	processed_pseudogene
LINC02765	TvC	chr1	225439845	225473786	lncRNA
HRAT17	TvC	chr7	112943295	112995737	lncRNA
C2CD4D-AS1	TvC	chr1	151841877	151851549	lncRNA
EPCAM-DT	TvC	chr2	47192405	47345112	lncRNA
ATP5F1AP8	TvC	chr9	39654241	39655531	processed_pseudogene
LINC02621	TvC	chr10	62289521	62304033	lncRNA
ENSG00000234773	TvC	chr19	12207332	12209563	transcribed_unprocessed_pseudogene
FREY1	TvC	chr11	45906513	45907272	protein_coding
LINC01239	TvC	chr9	22640681	22824213	lncRNA
ENSG00000234859	TvC	chr17	41397086	41449675	lncRNA
ATP5F1AP1	TvC	chr9	42410830	42412150	processed_pseudogene
SOX9-AS1	TvC	chr17	72067099	72237203	lncRNA
SHISA8	TvC	chr22	41909543	41915074	protein_coding
FTH1P2	TvC	chr1	228687415	228687826	processed_pseudogene
LINC02966	TvC	chr2	113282181	113431913	lncRNA
SEMA3F-AS1	TvC	chr3	50116022	50156085	lncRNA
LINC00940	TvC	chr12	1929202	1936574	lncRNA
ENSG00000235056	TvC	chr2	195003711	195026370	lncRNA
ARNILA	TvC	chr2	25369136	25376895	lncRNA
LINC00330	TvC	chr13	44799503	44809630	lncRNA
ANKRD65	TvC	chr1	1415637	1421769	protein_coding
SMIM1	TvC	chr1	3772655	3776709	protein_coding
KRT18P16	TvC	chr5	123636110	123637403	processed_pseudogene
B3GALT1-AS1	TvC	chr2	167814756	167941183	lncRNA
LINC02154	TvC	chrX	13266032	13308637	lncRNA
SPAAR	TvC	chr9	35909488	35937153	protein_coding
LURAP1L-AS1	TvC	chr9	12631434	12814382	lncRNA
NEURL1-AS1	TvC	chr10	103479603	103520314	lncRNA
LINC01664	TvC	chr22	17119519	17132113	lncRNA
ENSG00000235495	TvC	chr2	67565248	67684077	lncRNA
CNN3-DT	TvC	chr1	94926381	95067545	lncRNA
ENSG00000235523	TvC	chr9	72257336	72257783	lncRNA
MSC-AS1	TvC	chr8	71828167	72118393	lncRNA
NFAM1	TvC	chr22	42380407	42432403	protein_coding
GNAS-AS1	TvC	chr20	58818893	58855296	lncRNA
ENSG00000235610	TvC	chr2	223489090	223528308	lncRNA
LINC02250	TvC	chr15	25456131	25578823	lncRNA
LINC00607	TvC	chr2	215611563	215925887	lncRNA
ENSG00000235820	TvC	chr20	5533628	5535889	lncRNA
B3GALT4	TvC	chr6	33277123	33284832	protein_coding
LINC01564	TvC	chr6	53614863	53707024	lncRNA
APOA1-AS	TvC	chr11	116836117	116856210	lncRNA
NEXN-AS1	TvC	chr1	77881348	77889539	lncRNA
ENSG00000235978	TvC	chr3	4764242	4887293	lncRNA
LINC02941	TvC	chr6	139976352	140146226	lncRNA
SCN1A-AS1	TvC	chr2	165957188	166390771	lncRNA
LINC03070	TvC	chrX	5653418	5726388	lncRNA
CEACAMP11	TvC	chr19	43278933	43284318	unprocessed_pseudogene
ENSG00000236145	TvC	chr2	121178327	121182580	lncRNA
CDC42EP3-AS1	TvC	chr2	37425634	37921937	lncRNA
ENSG00000236235	TvC	chr22	15290718	15297196	unprocessed_pseudogene
LINC02653	TvC	chr10	90402521	90628981	lncRNA
FAM157A	TvC	chr3	198180755	198190365	transcribed_unprocessed_pseudogene
LINC00427	TvC	chr13	30316360	30319903	lncRNA
ENSG00000236469	TvC	chr2	71000440	71064746	lncRNA
LINC00896	TvC	chr22	20206340	20235981	lncRNA
ENSG00000236536	TvC	chr7	19117758	19122012	lncRNA
ANKRD20A7P	TvC	chr9	42852675	42920095	transcribed_unprocessed_pseudogene
ENSG00000236841	TvC	chr2	162120177	162173223	lncRNA
ZKSCAN7-AS1	TvC	chr3	44553148	44685676	lncRNA
LINC02827	TvC	chr12	3300084	3325343	lncRNA
ENSG00000236921	TvC	chr9	22203798	22216807	lncRNA
GGT8P	TvC	chr2	91775944	91781169	unprocessed_pseudogene
LINC01812	TvC	chr2	67796047	67825658	lncRNA
ANO7L1	TvC	chr1	16216469	16228027	transcribed_unprocessed_pseudogene
RNF223	TvC	chr1	1070967	1074306	protein_coding
PATE4	TvC	chr11	125833316	125840072	protein_coding
MGC27382	TvC	chr1	78222433	78369464	lncRNA
ENSG00000237471	TvC	chr7	45940449	46000898	lncRNA
LINC01637	TvC	chr22	20957092	20964881	lncRNA
SHISA9	TvC	chr16	12901598	13240416	protein_coding
NONOP2	TvC	chr2	60936819	60938049	processed_pseudogene
LINC00857	TvC	chr10	80207192	80235950	lncRNA
PYY2	TvC	chr17	28227306	28227701	transcribed_unprocessed_pseudogene
TIAM1-AS1	TvC	chr21	31559245	31560487	lncRNA
FAM138A	TvC	chr1	34553	37595	lncRNA
LINC01610	TvC	chr6	70375762	70403117	lncRNA
PRKCIP1	TvC	chrX	101537485	101539276	processed_pseudogene
CT75	TvC	chr2	222318275	222321512	transcribed_unprocessed_pseudogene
DDR1-DT	TvC	chr6	30866982	30875918	lncRNA
LINC02984	TvC	chr8	53393077	53524336	lncRNA
ENSG00000237961	TvC	chr4	49238032	49245419	processed_pseudogene
KCNMB2-AS1	TvC	chr3	178526505	178948804	lncRNA
TMEM230P2	TvC	chr11	56690465	56690723	processed_pseudogene
SPATA3-AS1	TvC	chr2	230963274	230996057	lncRNA
LINC01589	TvC	chr22	45604413	45639173	lncRNA
ENSG00000238122	TvC	chr1	108247487	108273689	lncRNA
MAP3K20-AS1	TvC	chr2	173166446	173282036	lncRNA
ENSG00000238171	TvC	chr2	181076051	181105968	lncRNA
OR7E7P	TvC	chr7	97946987	97947998	transcribed_unprocessed_pseudogene
IFNWP19	TvC	chr9	21455484	21456049	unprocessed_pseudogene
NCK1-DT	TvC	chr3	136807637	136862618	lncRNA
CYP4F62P	TvC	chr2	130439285	130440296	transcribed_unprocessed_pseudogene
APOBEC3G	TvC	chr22	39077059	39087743	protein_coding
TTC14-DT	TvC	chr3	180491772	180602142	lncRNA
ENPP7P2	TvC	chr3	75446769	75491202	transcribed_unprocessed_pseudogene
ENSG00000239991	TvC	chr3	55162566	55178107	lncRNA
AMY2B	TvC	chr1	103553815	103579534	protein_coding
ENSG00000240040	TvC	chr2	88811186	88861563	lncRNA
PSMB9	TvC	chr6	32844136	32860734	protein_coding
ENSG00000240086	TvC	chr3	135138469	135439888	lncRNA
ENSG00000240093	TvC	chr7	176561	194641	lncRNA
SMKR1	TvC	chr7	129502531	129512918	protein_coding
CPHL1P	TvC	chr3	149229431	149276664	transcribed_unitary_pseudogene
CDKN2B-AS1	TvC	chr9	21994139	22212895	lncRNA
TM4SF1-AS1	TvC	chr3	149354658	149386604	lncRNA
LINC02067	TvC	chr3	161426427	161448242	lncRNA
AQP1	TvC	chr7	30911720	30925517	protein_coding
ENSG00000240687	TvC	chr2	9631167	9713301	lncRNA
PLCXD2	TvC	chr3	111674676	111846447	protein_coding
PLGLA	TvC	chr2	106382171	106392864	transcribed_unprocessed_pseudogene
HOXA11-AS	TvC	chr7	27184507	27189298	lncRNA
HLA-DOB	TvC	chr6	32812763	32820466	protein_coding
PRICKLE2-AS1	TvC	chr3	64024107	64103131	lncRNA
PTPRG-AS1	TvC	chr3	62214400	62369406	lncRNA
CA15P1	TvC	chr22	19031564	19034564	transcribed_unitary_pseudogene
ATP5F1AP7	TvC	chr9	62686912	62688190	processed_pseudogene
ADAMTS9-AS2	TvC	chr3	64684879	65061892	lncRNA
LINC02053	TvC	chr3	180413008	180507405	lncRNA
XACT	TvC	chrX	113616300	114059289	lncRNA
SPRR2A	TvC	chr1	153056120	153057512	protein_coding
ENSG00000241962	TvC	chr2	99141485	99322741	protein_coding
ENSG00000242078	TvC	chr7	129783370	129785185	lncRNA
SLC5A4-AS1	TvC	chr22	32205115	32278382	lncRNA
ENSG00000242136	TvC	chr2	9102943	9106341	lncRNA
ENSG00000242507	TvC	chr20	35521084	35523276	transcribed_unprocessed_pseudogene
SERPINB10	TvC	chr18	63907958	63936111	protein_coding
ENSG00000242578	TvC	chr3	170410512	170418615	lncRNA
SOX2-OT	TvC	chr3	180989510	181836880	lncRNA
AADACL2-AS1	TvC	chr3	151552378	151928178	lncRNA
TDRD6-AS1	TvC	chr6	46670427	46688295	lncRNA
ENSG00000243089	TvC	chr3	99503282	99639737	lncRNA
PSG4	TvC	chr19	43192702	43207299	protein_coding
ENSG00000243225	TvC	chr14	76968683	76969145	processed_pseudogene
PRAF2	TvC	chrX	49071161	49074017	protein_coding
VSIG8	TvC	chr1	159854316	159862657	protein_coding
ENSG00000243296	TvC	chr3	99331402	99505508	lncRNA
ENSG00000243415	TvC	chr3	146064042	146105204	lncRNA
AOX2P	TvC	chr2	200738608	200791630	transcribed_unprocessed_pseudogene
MNX1-AS1	TvC	chr7	157007750	157017621	lncRNA
MIR1302-2HG	TvC	chr1	28589	31109	lncRNA
ENSG00000243491	TvC	chr2	9757496	9773958	lncRNA
ENSG00000243501	TvC	chr6	73209746	73263196	protein_coding
UPK3B	TvC	chr7	76510525	76516522	protein_coding
DUBR	TvC	chr3	107220744	107462923	lncRNA
ENSG00000243797	TvC	chr7	106372251	106775784	lncRNA
APOBEC3D	TvC	chr22	39021113	39033277	protein_coding
SPRR2F	TvC	chr1	153112121	153113516	protein_coding
RN7SL659P	TvC	chr9	107811616	107811914	misc_RNA
DNAJC25-GNG10	TvC	chr9	111631386	111670229	protein_coding
LINC01322	TvC	chr3	165206440	165846519	lncRNA
P2RY11	TvC	chr19	10111693	10115372	protein_coding
ENSG00000244176	TvC	chr11	62011751	62012602	processed_pseudogene
ARHGEF35-AS1	TvC	chr7	144194858	144300934	lncRNA
ENSG00000244358	TvC	chr3	145939912	145961536	lncRNA
ENSG00000244464	TvC	chr3	99598064	99637308	lncRNA
OR2A1-AS1	TvC	chr7	144250042	144356219	lncRNA
CCDC13	TvC	chr3	42705756	42773253	protein_coding
PTCHD4	TvC	chr6	47856673	48111197	protein_coding
CRYBB2	TvC	chr22	25212564	25231870	protein_coding
IGFBP7-AS1	TvC	chr4	57109736	57207459	lncRNA
A2M-AS1	TvC	chr12	9065163	9068689	lncRNA
GALNT7-DT	TvC	chr4	173094676	173170198	lncRNA
BMAL2-AS1	TvC	chr12	27389789	27446625	lncRNA
MSANTD2-AS1	TvC	chr11	124800424	124834487	lncRNA
RORA-AS1	TvC	chr15	60479151	60630637	lncRNA
KLRK1-AS1	TvC	chr12	10363608	10398506	lncRNA
NSMCE1-DT	TvC	chr16	27268205	27290492	lncRNA
BTG1-DT	TvC	chr12	92144900	92252555	lncRNA
TNFRSF10B-AS1	TvC	chr8	23068229	23083619	lncRNA
LINC01550	TvC	chr14	97924637	97987918	lncRNA
PPM1K-DT	TvC	chr4	88283967	88370797	lncRNA
LINC00968	TvC	chr8	56494305	56560407	lncRNA
ENSG00000246465	TvC	chr16	28284885	28292067	lncRNA
FZD4-DT	TvC	chr11	86955558	87021909	lncRNA
LINC02481	TvC	chr4	6680936	6693673	lncRNA
LINC02288	TvC	chr14	77027711	77086720	lncRNA
ENSG00000246575	TvC	chr2	85315041	85316529	unprocessed_pseudogene
PICART1	TvC	chr17	50050349	50056018	lncRNA
RASSF8-AS1	TvC	chr12	25936683	25959765	lncRNA
UBAP1L	TvC	chr15	65092760	65115200	protein_coding
BRPF3-AS1	TvC	chr6	36112466	36200952	lncRNA
MIR210HG	TvC	chr11	565657	568542	lncRNA
LINC01252	TvC	chr12	11499742	11590369	lncRNA
ENSG00000247228	TvC	chr16	70137655	70173505	lncRNA
LINC00926	TvC	chr15	57300317	57307769	lncRNA
FAM13A-AS1	TvC	chr4	88708622	88730103	lncRNA
INSL3	TvC	chr19	17816512	17821574	protein_coding
ENSG00000248112	TvC	chr5	82850942	83011784	lncRNA
RRN3P1	TvC	chr16	21797750	21820384	transcribed_unprocessed_pseudogene
LINC02383	TvC	chr4	43457527	43492543	lncRNA
LINC03140	TvC	chr4	128567933	128570531	lncRNA
CICP16	TvC	chr4	118635970	118638782	processed_pseudogene
KRT8P4	TvC	chr8	89412621	89415071	processed_pseudogene
BNIP3P41	TvC	chr4	49554	50124	transcribed_processed_pseudogene
WHAMMP2	TvC	chr15	28737583	28754869	transcribed_unprocessed_pseudogene
HAFML	TvC	chr4	176631958	176706145	lncRNA
ST13P12	TvC	chr5	82968888	82977153	processed_pseudogene
LINC02220	TvC	chr5	12914068	13032922	lncRNA
LINC01962	TvC	chr5	181178821	181191956	lncRNA
PPP1R3B-DT	TvC	chr8	9151669	9426716	lncRNA
ENSG00000248559	TvC	chr5	134399495	134401921	lncRNA
ENSG00000248583	TvC	chr4	49486926	49489554	unprocessed_pseudogene
ENSG00000248597	TvC	chr5	1963346	1975382	lncRNA
ENSG00000248601	TvC	chr4	167946674	168113331	lncRNA
ENSG00000248664	TvC	chr5	69096375	69166958	lncRNA
LINC01331	TvC	chr5	74111690	74537129	lncRNA
HAS2-AS1	TvC	chr8	121639293	121994185	lncRNA
LINC01085	TvC	chr4	14126339	14126664	transcribed_processed_pseudogene
TRIM59-IFT80	TvC	chr3	160227454	160449829	protein_coding
ZNF652-AS1	TvC	chr17	49361150	49476988	lncRNA
PRDM8-AS1	TvC	chr4	80181264	80197410	lncRNA
ENSG00000248774	TvC	chr4	173322206	173330743	lncRNA
ENSG00000248802	TvC	chr4	128582999	128601407	lncRNA
LINC02432	TvC	chr4	141302910	141357096	lncRNA
ENSG00000248837	TvC	chr4	22989147	23193740	lncRNA
LINC02065	TvC	chr5	66205120	66209893	lncRNA
LINC02511	TvC	chr4	136795919	137212799	lncRNA
LINC02899	TvC	chr5	23951348	24178273	lncRNA
FAM138E	TvC	chr15	101953420	101956412	lncRNA
FMN1	TvC	chr15	32765544	33194714	protein_coding
PDCD6-DT	TvC	chr5	269295	290834	lncRNA
ENSG00000248927	TvC	chr5	120697770	120791533	lncRNA
ENSG00000248939	TvC	chr4	43133867	43234956	lncRNA
ENSG00000248954	TvC	chr17	49887590	49938666	lncRNA
SPCS3-AS1	TvC	chr4	176308268	176320458	lncRNA
ENSG00000249041	TvC	chr4	154754756	154781873	lncRNA
FAM138D	TvC	chr12	36602	38133	lncRNA
ENSG00000249061	TvC	chr5	86967321	87137712	lncRNA
TNPO1-DT	TvC	chr5	72574098	72816565	lncRNA
ENSG00000249149	TvC	chr5	73410064	73410430	transcribed_processed_pseudogene
ENSG00000249209	TvC	chr21	33584687	33931607	protein_coding
ENSG00000249240	TvC	chr15	64841883	64930920	protein_coding
TMEM150C	TvC	chr4	82483170	82562357	protein_coding
LINC00939	TvC	chr12	125943740	125983667	lncRNA
ENSG00000249275	TvC	chr4	157637687	157678961	lncRNA
LINC02057	TvC	chr5	61194314	61305191	lncRNA
LINC01088	TvC	chr4	78938871	79309673	lncRNA
LINC02997	TvC	chr5	67379378	67806600	lncRNA
LINC01091	TvC	chr4	123539026	123962704	lncRNA
LINC01179	TvC	chr4	165684639	165762778	lncRNA
ENSG00000249526	TvC	chr5	139684637	139775472	lncRNA
ENSG00000249547	TvC	chr4	23234625	23285573	lncRNA
LINC02225	TvC	chr5	57890327	57899162	lncRNA
ENSG00000249627	TvC	chr4	157815010	157815480	processed_pseudogene
LINC00942	TvC	chr12	1500454	1510830	lncRNA
ENSG00000249631	TvC	chr4	11624720	11845730	lncRNA
ENSG00000249639	TvC	chr5	135446026	135458735	lncRNA
ENSG00000249685	TvC	chr4	39133913	39135608	lncRNA
LINC02261	TvC	chr4	27177144	27282225	lncRNA
SRD5A3-AS1	TvC	chr4	55363971	55396096	lncRNA
ENPP7P10	TvC	chr4	9079023	9141608	unprocessed_pseudogene
ENSG00000249857	TvC	chr5	82940458	82940983	lncRNA
LINC02742	TvC	chr11	28702301	29064322	lncRNA
ITGA2-AS1	TvC	chr5	52930606	52990278	lncRNA
ENSG00000249942	TvC	chr4	74539709	74670773	lncRNA
TERB1	TvC	chr16	66754640	66801620	protein_coding
PPIC-AS1	TvC	chr5	123036162	123054667	lncRNA
RARRES2P4	TvC	chr4	190037916	190038399	processed_pseudogene
ENSG00000250057	TvC	chr4	83233512	83247213	lncRNA
ESAM-AS1	TvC	chr11	124758841	124766832	lncRNA
ENSG00000250098	TvC	chr4	12947559	12948862	lncRNA
ENSG00000250137	TvC	chr4	23560923	23768652	lncRNA
ENSG00000250195	TvC	chr4	138819954	139015467	lncRNA
FZD10-AS1	TvC	chr12	130144315	130163495	lncRNA
ENSG00000250230	TvC	chr11	61587594	61608124	lncRNA
LINC01612	TvC	chr4	170226496	170284885	lncRNA
TRMT9B	TvC	chr8	12945642	13031503	protein_coding
ZNF718	TvC	chr4	124501	202303	protein_coding
PURPL	TvC	chr5	27217714	27497871	lncRNA
STK32A-AS1	TvC	chr5	147177035	147234888	lncRNA
ENSG00000250362	TvC	chr5	95861754	95936220	lncRNA
ENSG00000250371	TvC	chr4	12859101	12864961	lncRNA
UNC93B4	TvC	chr4	4143458	4150421	transcribed_unprocessed_pseudogene
ENSG00000250424	TvC	chr7	30852273	30923812	protein_coding
WBP1LP2	TvC	chr7	107628553	107629550	processed_pseudogene
ENSG00000250532	TvC	chr4	74418736	74440458	lncRNA
LINC01182	TvC	chr4	13654295	14254578	lncRNA
ENSG00000250643	TvC	chr3	129946209	130003557	lncRNA
ENSG00000250658	TvC	chr4	187226515	187505647	lncRNA
ENSG00000250697	TvC	chr5	32810721	33298066	lncRNA
SELENOP	TvC	chr5	42799880	42887392	protein_coding
LINC02381	TvC	chr12	54126019	54147485	lncRNA
ENSG00000250753	TvC	chr4	49579833	49580189	processed_pseudogene
ZBED3-AS1	TvC	chr5	77086688	77166909	lncRNA
ENSG00000250855	TvC	chr4	111802784	111839886	lncRNA
ENSG00000250892	TvC	chr4	201409	205009	unprocessed_pseudogene
ENSG00000250994	TvC	chr5	134436495	134492933	lncRNA
ZFPM2-AS1	TvC	chr8	105546089	106060524	lncRNA
ENSG00000251034	TvC	chr8	22481588	22553444	lncRNA
LINC02512	TvC	chr4	170343089	170372311	lncRNA
ENSG00000251127	TvC	chr8	61759094	61765969	lncRNA
LINC02882	TvC	chr12	73621834	74509544	lncRNA
ENSG00000251152	TvC	chr4	11469250	11478196	lncRNA
LINC00589	TvC	chr8	29654314	29770539	lncRNA
TILRLS	TvC	chr5	67268022	67270182	lncRNA
LINC01337	TvC	chr5	80608623	80622524	lncRNA
PSMA2P2	TvC	chr8	93939364	93942877	processed_pseudogene
EGFLAM-AS5	TvC	chr5	38460925	38469466	lncRNA
ENSG00000251313	TvC	chr4	9030286	9031066	processed_pseudogene
SHANK3	TvC	chr22	50674408	50733212	protein_coding
MSANTD3-TMEFF1	TvC	chr9	100442271	100577636	protein_coding
ENSG00000251357	TvC	chr22	23862188	23895223	protein_coding
ENSG00000251361	TvC	chr5	93019663	93261424	lncRNA
SYT9-AS1	TvC	chr11	7418826	7513675	lncRNA
LINC01094	TvC	chr4	78623173	78769640	lncRNA
CENPS-CORT	TvC	chr1	10430102	10452153	protein_coding
IMPA1P1	TvC	chr8	81605569	81626949	transcribed_unprocessed_pseudogene
SNX18P24	TvC	chr4	49561479	49562149	processed_pseudogene
ENSG00000251556	TvC	chr5	146099406	146120412	lncRNA
FHIP1A-DT	TvC	chr4	151333774	151409040	lncRNA
ENSG00000251630	TvC	chr4	49561285	49561470	processed_pseudogene
PRB1	TvC	chr12	11351823	11355591	protein_coding
IFITM3-AS1	TvC	chr11	318582	330206	lncRNA
ENSG00000253141	TvC	chr5	173463484	173484584	lncRNA
LINC01605	TvC	chr8	37406399	37625873	lncRNA
ENSG00000253171	TvC	chr8	87974165	88019113	lncRNA
LINC02948	TvC	chr8	29494231	29583951	lncRNA
C8orf88	TvC	chr8	90958084	90985238	protein_coding
ENSG00000253282	TvC	chr8	101287361	101293783	lncRNA
LINC01845	TvC	chr5	159448556	159466291	lncRNA
TMEM200B	TvC	chr1	29119429	29123918	protein_coding
SERPINE3	TvC	chr13	51335773	51364735	protein_coding
LINC01847	TvC	chr5	159698584	159937766	lncRNA
C1orf210	TvC	chr1	43281866	43285908	protein_coding
ENSG00000253348	TvC	chr5	170744869	170788724	lncRNA
TRNP1	TvC	chr1	26993692	27001912	protein_coding
ENTPD4-DT	TvC	chr8	23458601	23484971	lncRNA
IKBKB-DT	TvC	chr8	42233662	42271275	lncRNA
PCAT1	TvC	chr8	126556323	127419050	lncRNA
ENSG00000253452	TvC	chr8	35862123	36193866	lncRNA
ENSG00000253474	TvC	chr8	49086301	49229174	lncRNA
ENSG00000253477	TvC	chr8	103483398	103501676	lncRNA
MIR3142HG	TvC	chr5	160438594	160600965	lncRNA
CA3-AS1	TvC	chr8	85440537	85469968	lncRNA
ENSG00000253557	TvC	chr8	19084992	19259469	lncRNA
ENSG00000253573	TvC	chr8	126766161	126847016	lncRNA
SLC10A5	TvC	chr8	81693631	81695058	protein_coding
ENSG00000253607	TvC	chr8	123002560	123030751	lncRNA
ENSG00000253608	TvC	chr8	48551138	48730918	lncRNA
ENSG00000253666	TvC	chr8	100415940	100515173	lncRNA
GASAL1	TvC	chr8	102804677	102810044	lncRNA
ENSG00000253690	TvC	chr8	28250063	28339255	lncRNA
ENSG00000253736	TvC	chr5	172762980	172788112	lncRNA
ENSG00000253796	TvC	chr8	108871128	109063417	lncRNA
ENSG00000253896	TvC	chr8	72601	79775	lncRNA
TNFRSF10A-AS1	TvC	chr8	23189279	23190675	lncRNA
MTUS1-DT	TvC	chr8	17801345	17861069	lncRNA
GRHL2-DT	TvC	chr8	101460005	101493338	lncRNA
RBPMS-AS1	TvC	chr8	30380582	30385401	lncRNA
ENSG00000254162	TvC	chr8	80535006	80539135	lncRNA
CASC19	TvC	chr8	127072694	127227541	lncRNA
ENSG00000254337	TvC	chr8	68848736	68858119	lncRNA
ENSG00000254343	TvC	chr8	120052180	120056201	lncRNA
LINC02584	TvC	chr11	70072065	70085346	lncRNA
ENSG00000254458	TvC	chr11	66312267	66319237	lncRNA
AP5B1	TvC	chr11	65773898	65780976	protein_coding
ENSG00000254471	TvC	chr11	79987513	79989630	processed_pseudogene
ENSG00000254605	TvC	chr11	70012962	70021059	lncRNA
ENSG00000254610	TvC	chr11	67955482	67955690	transcribed_unprocessed_pseudogene
ENSG00000254632	TvC	chr11	76750468	76769806	lncRNA
RASSF10-DT	TvC	chr11	12980022	13009159	lncRNA
NECTIN1-DT	TvC	chr11	119728499	119822146	lncRNA
ENSG00000254859	TvC	chr8	143541941	143553609	lncRNA
LINC02688	TvC	chr11	1040663	1055781	lncRNA
ENSG00000254951	TvC	chr11	7754393	7906289	lncRNA
ENSG00000254973	TvC	chr8	143758153	143771870	lncRNA
ENSG00000254979	TvC	chr11	57387365	57424059	protein_coding
ENSG00000254991	TvC	chr11	12066222	12073353	lncRNA
ENSG00000255050	TvC	chr8	143573490	143577397	lncRNA
SAA2-SAA4	TvC	chr11	18231423	18248635	protein_coding
ENSG00000255191	TvC	chr11	69985876	70015815	lncRNA
ENSG00000255241	TvC	chr11	88098591	88115835	lncRNA
ENSG00000255271	TvC	chr11	34533014	34557924	lncRNA
ENPP7P8	TvC	chr11	71722052	71781183	transcribed_unprocessed_pseudogene
NOX5	TvC	chr15	69014695	69062762	protein_coding
ENSG00000255367	TvC	chr11	3424394	3605899	lncRNA
HCAR3	TvC	chr12	122714756	122716811	protein_coding
LINC02989	TvC	chr11	12080366	12091471	lncRNA
ENSG00000255478	TvC	chr11	65367438	65375299	lncRNA
ENSG00000255516	TvC	chr11	88043767	88062438	lncRNA
DPP3-DT	TvC	chr11	66472958	66480301	lncRNA
CD44-DT	TvC	chr11	35132655	35139311	lncRNA
B3GAT1-DT	TvC	chr11	134412267	134532225	lncRNA
ENSG00000255557	TvC	chr11	65745729	65771585	lncRNA
ENSG00000255558	TvC	chr11	13054615	13134839	lncRNA
MIR9-3HG	TvC	chr15	89361579	89424983	lncRNA
ENSG00000255639	TvC	chr12	4649101	4774184	protein_coding
ENSG00000255641	TvC	chr12	10412312	10436001	protein_coding
FAM222A-AS1	TvC	chr12	109734166	109773508	lncRNA
LINC02963	TvC	chr12	34190471	34219437	lncRNA
ENSG00000255663	TvC	chr11	114400682	114443932	protein_coding
ENSG00000255723	TvC	chr4	87317170	87345210	lncRNA
ENSG00000255730	TvC	chr19	41350853	41425001	protein_coding
KLRC4-KLRK1	TvC	chr12	10372353	10410146	protein_coding
ENSG00000255856	TvC	chr12	122007434	122020063	lncRNA
ENSG00000255872	TvC	chr9	37588413	38068687	protein_coding
PRECSIT	TvC	chr13	110863987	110870476	lncRNA
MT1JP	TvC	chr16	56635818	56636943	transcribed_unprocessed_pseudogene
ENSG00000256029	TvC	chr1	159834474	159873053	protein_coding
ENSG00000256195	TvC	chr11	114332415	114396219	lncRNA
ENSG00000256249	TvC	chr12	122687125	122715979	lncRNA
DDX11L8	TvC	chr12	12310	13501	unprocessed_pseudogene
ENSG00000256306	TvC	chr12	13509641	13547582	lncRNA
ENSG00000256433	TvC	chr12	6393879	6396148	lncRNA
ENSG00000256657	TvC	chr12	11196075	11196996	unprocessed_pseudogene
KDM2B-DT	TvC	chr12	121580360	121597226	lncRNA
ENSG00000256915	TvC	chr12	65622273	65663299	lncRNA
ENSG00000256947	TvC	chr11	114210616	114356571	lncRNA
ENSG00000256955	TvC	chr12	131855699	131864542	lncRNA
ENSG00000257065	TvC	chr6	143807092	143844617	protein_coding
ENSG00000257083	TvC	chr12	66950754	67096410	lncRNA
MIR200CHG	TvC	chr12	6962024	6964458	lncRNA
DENND11	TvC	chr7	141656728	141702166	protein_coding
FOXG1-AS1	TvC	chr14	28723436	28766589	lncRNA
ODC1-DT	TvC	chr2	10448640	10457693	lncRNA
ENSG00000257171	TvC	chr14	18395626	18412264	transcribed_unprocessed_pseudogene
LINC02385	TvC	chr12	104170395	104177661	lncRNA
ENSG00000257221	TvC	chr12	108628646	108659171	lncRNA
ENSG00000257310	TvC	chr14	19244962	19247673	lncRNA
ENSG00000257474	TvC	chr12	79540194	79550998	lncRNA
LINC02354	TvC	chr12	47826854	47837898	lncRNA
ENSG00000257489	TvC	chr12	100180553	100199762	transcribed_unprocessed_pseudogene
ENSG00000257524	TvC	chr9	127867850	127906022	protein_coding
BICD1-AS1	TvC	chr12	32079817	32107528	lncRNA
LINC00609	TvC	chr14	35897884	36235609	lncRNA
AQP5-AS1	TvC	chr12	49951512	49975539	lncRNA
ENSG00000257639	TvC	chr16	21532945	21550373	transcribed_unprocessed_pseudogene
GIHCG	TvC	chr12	57930084	57942198	lncRNA
MGAM2	TvC	chr7	142111718	142222324	protein_coding
MYL6B-AS1	TvC	chr12	56150796	56158220	lncRNA
SYT1-AS1	TvC	chr12	79341199	79503396	lncRNA
ENSG00000257925	TvC	chr12	47237734	47279021	lncRNA
ENSG00000258077	TvC	chr12	75523586	75984015	lncRNA
ENSG00000258130	TvC	chr16	30204571	30205090	transcribed_unprocessed_pseudogene
ENSG00000258150	TvC	chr16	29465222	29465741	transcribed_unprocessed_pseudogene
LINC02300	TvC	chr14	28502929	28613662	lncRNA
ENSG00000258272	TvC	chr12	96422326	96485442	lncRNA
ENSG00000258402	TvC	chr14	76226032	76310679	lncRNA
LINC02320	TvC	chr14	101628309	101760448	lncRNA
LINC00641	TvC	chr14	21200079	21206900	lncRNA
LINC02313	TvC	chr14	31944370	32029055	lncRNA
ENSG00000258488	TvC	chr15	20516252	20520627	unprocessed_pseudogene
LINC00239	TvC	chr14	101730437	101732534	lncRNA
ENSG00000258520	TvC	chr14	69239166	69260567	lncRNA
NBEAP1	TvC	chr15	20657638	20688408	transcribed_unprocessed_pseudogene
LINC01629	TvC	chr14	76959552	76970795	lncRNA
GZMH-AS1	TvC	chr14	24595723	24657774	lncRNA
LINC01397	TvC	chr1	110082638	110138881	lncRNA
ENSG00000258687	TvC	chr14	50848122	50865659	lncRNA
ENSG00000258691	TvC	chr14	96204844	96263929	protein_coding
LINC02328	TvC	chr14	85911438	86161539	lncRNA
PPP1R13B-DT	TvC	chr14	103847687	103880381	lncRNA
ENSG00000258760	TvC	chr14	65236480	65318790	lncRNA
CDRT15P13	TvC	chr14	19228898	19229945	unprocessed_pseudogene
LINC00520	TvC	chr14	55781132	55796731	lncRNA
ENSG00000258964	TvC	chr14	61734138	61776260	lncRNA
ENSG00000259072	TvC	chr14	38255980	38371338	lncRNA
ENSG00000259087	TvC	chr14	37515122	37567095	lncRNA
HSPA2-AS1	TvC	chr14	64508815	64540369	lncRNA
MAP3K9-DT	TvC	chr14	70808811	70816935	lncRNA
LINC00928	TvC	chr15	89504909	89524049	lncRNA
MIR4713HG	TvC	chr15	51037174	51322480	lncRNA
ACTG1P17	TvC	chr15	82726307	82727425	transcribed_processed_pseudogene
JDP2-AS1	TvC	chr14	75394920	75427898	lncRNA
ENSG00000259345	TvC	chr15	38864112	39427195	lncRNA
SLC30A4-AS1	TvC	chr15	45448427	45519668	lncRNA
ENSG00000259370	TvC	chr15	62827675	62884034	lncRNA
ENSG00000259414	TvC	chr15	23289303	23293667	transcribed_unprocessed_pseudogene
KIF23-AS1	TvC	chr15	69396897	69462856	lncRNA
ENSG00000259437	TvC	chr15	66919811	66931755	lncRNA
ENSG00000259442	TvC	chr15	82744223	82750289	lncRNA
LINC02352	TvC	chr15	31214784	31225007	lncRNA
UBE2Q2P16	TvC	chr15	84172973	84182076	transcribed_unprocessed_pseudogene
LINC01583	TvC	chr15	82088569	82097694	lncRNA
ENSG00000259536	TvC	chr15	40488039	40558019	lncRNA
UBE2Q2P11	TvC	chr15	84412773	84421837	transcribed_unprocessed_pseudogene
ENSG00000259551	TvC	chr15	84443425	84510812	lncRNA
ENSG00000259553	TvC	chr15	101959227	101963416	lncRNA
ENSG00000259579	TvC	chr15	100716028	100830966	lncRNA
ENSG00000259635	TvC	chr15	64701248	64719602	lncRNA
ENSG00000259675	TvC	chr15	61298791	61715216	lncRNA
FBN1-DT	TvC	chr15	48645821	48652016	lncRNA
ENSG00000259711	TvC	chr16	54934837	54954671	lncRNA
LINC00677	TvC	chr14	103119558	103123094	lncRNA
CSPG4P11	TvC	chr15	84186752	84197384	transcribed_unprocessed_pseudogene
LINC02259	TvC	chr15	72575113	72640297	lncRNA
ENSG00000259828	TvC	chr6	141447011	141451006	lncRNA
SH3RF3-AS1	TvC	chr2	109125905	109128930	lncRNA
ENSG00000259868	TvC	chr14	55803308	55972496	lncRNA
ENSG00000259946	TvC	chr1	97967005	97968814	lncRNA
LINC02977	TvC	chr9	112028547	112039143	lncRNA
ENSG00000259994	TvC	chr10	30302826	30306066	lncRNA
TGFBR3L	TvC	chr19	7914803	7919097	protein_coding
LINC02189	TvC	chr16	86720575	86722042	lncRNA
ENSG00000260077	TvC	chr2	10034314	10044450	lncRNA
DDX59-AS1	TvC	chr1	200669489	200694250	lncRNA
CA5AP1	TvC	chr16	29618785	29636328	transcribed_unprocessed_pseudogene
ENSG00000260136	TvC	chr16	23452719	23457634	lncRNA
CSPG4P13	TvC	chr15	77894684	77904674	transcribed_unprocessed_pseudogene
ENSG00000260144	TvC	chr15	72605183	72612326	unprocessed_pseudogene
CCDC187	TvC	chr9	136249973	136306901	protein_coding
ENSG00000260244	TvC	chr4	155734448	155737062	lncRNA
ENSG00000260269	TvC	chr15	75527150	75601205	lncRNA
ITFG1-AS1	TvC	chr16	47144260	47162749	lncRNA
ENSG00000260306	TvC	chr16	21794095	21795759	lncRNA
ENSG00000260328	TvC	chr17	17011910	17015052	lncRNA
TMEM263-DT	TvC	chr12	106953513	106955705	lncRNA
ENSG00000260368	TvC	chr8	100913247	100914388	lncRNA
LINC00562	TvC	chr13	47930153	47932622	lncRNA
ENSG00000260400	TvC	chr10	68698500	68700794	lncRNA
ENSG00000260417	TvC	chr16	85592266	85595720	lncRNA
ENSG00000260578	TvC	chr18	67481791	67484966	lncRNA
ENSG00000260593	TvC	chr16	71623708	71626816	lncRNA
TGILR	TvC	chr6	3893029	3913718	lncRNA
ENSG00000260618	TvC	chr15	52577842	52598709	lncRNA
ENSG00000260628	TvC	chr16	31975803	32004957	transcribed_unprocessed_pseudogene
SNAI3-AS1	TvC	chr16	88663298	88687289	lncRNA
ANKRD20A1	TvC	chr9	67832765	67920552	protein_coding
UBE2I-AS1	TvC	chr16	1286067	1300764	lncRNA
LINC01963	TvC	chr2	216217045	216246041	lncRNA
ENSG00000260805	TvC	chr1	212555799	212559731	lncRNA
ENSG00000260823	TvC	chr16	56609501	56611375	lncRNA
ENSG00000260834	TvC	chr16	65163472	65235088	lncRNA
ENSG00000260877	TvC	chr11	69299274	69372512	lncRNA
ENSG00000260899	TvC	chr16	30740667	30751381	lncRNA
LINC02890	TvC	chr16	22612543	22613483	lncRNA
SWINGN	TvC	chr13	113923052	113928991	lncRNA
ENSG00000260912	TvC	chr9	19453209	19455173	lncRNA
LINC00622	TvC	chr1	119597702	119599271	lncRNA
FOXC2-AS1	TvC	chr16	86564951	86569019	lncRNA
ENSG00000260953	TvC	chr16	29261105	29264680	lncRNA
ENSG00000260966	TvC	chr11	103050687	103055799	lncRNA
ENSG00000260973	TvC	chr16	22610531	22612196	lncRNA
ENSG00000261024	TvC	chr1	185332903	185333280	transcribed_processed_pseudogene
ENSG00000261036	TvC	chr5	120345907	120410969	lncRNA
WFDC21P	TvC	chr17	60085109	60088286	transcribed_unitary_pseudogene
ENSG00000261048	TvC	chr15	20890206	20890606	processed_pseudogene
ENSG00000261051	TvC	chr3	146059585	146061679	lncRNA
ENSG00000261070	TvC	chr11	69147228	69171564	lncRNA
LINC02178	TvC	chr16	50390894	50397277	lncRNA
ENSG00000261096	TvC	chr2	231809846	231812352	lncRNA
ENSG00000261104	TvC	chr2	9106593	9109865	lncRNA
TMEM178B	TvC	chr7	141074064	141480380	protein_coding
LINC02473	TvC	chr4	24659856	24671568	lncRNA
ADAMTS7P3	TvC	chr15	77976042	77993057	transcribed_unprocessed_pseudogene
EPPK1	TvC	chr8	143857324	143878467	protein_coding
ENSG00000261161	TvC	chr16	86573069	86696481	lncRNA
ENSG00000261170	TvC	chr16	74422120	74441937	lncRNA
LINC02188	TvC	chr16	86710122	86761490	lncRNA
SPINT1-AS1	TvC	chr15	40834724	40844636	lncRNA
DSP-AS1	TvC	chr6	7539659	7543119	lncRNA
LINC02133	TvC	chr16	47724568	47908433	lncRNA
ENSG00000261260	TvC	chr16	71288767	71309963	lncRNA
ENSG00000261338	TvC	chr2	218255319	218257366	lncRNA
PECAM1	TvC	chr17	64319415	64413776	protein_coding
HERC2P6	TvC	chr15	23430839	23435212	transcribed_unprocessed_pseudogene
LINC02894	TvC	chr8	94637284	94641055	lncRNA
POLG-DT	TvC	chr15	89334583	89336161	lncRNA
COQ7-DT	TvC	chr16	19062144	19089487	lncRNA
ENSG00000261468	TvC	chr3	30695664	30699576	lncRNA
TBILA	TvC	chr3	112133423	112135359	lncRNA
ENSG00000261522	TvC	chr2	94582873	94585473	transcribed_unprocessed_pseudogene
ENSG00000261543	TvC	chr15	74152788	74179415	lncRNA
AGK-DT	TvC	chr7	141499913	141551345	lncRNA
ENSG00000261584	TvC	chr6	26686241	26687964	lncRNA
ENSG00000261604	TvC	chr5	43287601	43290839	lncRNA
ENSG00000261646	TvC	chr4	173467833	173470041	lncRNA
ENSG00000261654	TvC	chr1	110936369	110942353	lncRNA
ENSG00000261655	TvC	chr8	141353403	141355365	lncRNA
ENSG00000261786	TvC	chr3	44117299	44122365	lncRNA
ENSG00000261817	TvC	chr1	180117140	180123890	lncRNA
ENSG00000261996	TvC	chr17	6653464	6655009	lncRNA
ENSG00000262050	TvC	chr17	2711925	2713612	lncRNA
ENSG00000262094	TvC	chr17	83220521	83230439	lncRNA
ENSG00000262202	TvC	chr17	19111680	19190245	lncRNA
ENSG00000262362	TvC	chr16	2981174	3005130	lncRNA
CCER2	TvC	chr19	38908980	38912186	protein_coding
SPON1	TvC	chr11	13962694	14268133	protein_coding
ENSG00000262801	TvC	chr16	13246181	13563388	lncRNA
ENSG00000262873	TvC	chr17	81017969	81028079	lncRNA
ALOX12P2	TvC	chr17	6893782	6900032	transcribed_unprocessed_pseudogene
ENSG00000263033	TvC	chr16	11196177	11224969	lncRNA
ENSG00000263325	TvC	chr16	2856503	2861801	lncRNA
RN7SL471P	TvC	chr6	28977475	28977773	misc_RNA
LINC01919	TvC	chr18	53568437	53629995	lncRNA
FAM72C	TvC	chr1	143955287	143971986	protein_coding
LINC02210-CRHR1	TvC	chr17	45620344	45835826	protein_coding
ENSG00000263745	TvC	chr18	1883253	2489426	lncRNA
LASP1NB	TvC	chr17	38925614	38929381	protein_coding
ENSG00000263923	TvC	chr4	98928897	98995001	lncRNA
ANXA8L1	TvC	chr10	46375587	46391784	protein_coding
DYM-AS1	TvC	chr18	49021705	49048610	lncRNA
ZNF236-DT	TvC	chr18	76794732	76822295	lncRNA
RN7SL208P	TvC	chr5	76836900	76837195	misc_RNA
KRT18P8	TvC	chr18	9678248	9679493	processed_pseudogene
ENSG00000264860	TvC	chr17	73164977	73196593	lncRNA
TWSG1-DT	TvC	chr18	9287952	9334558	lncRNA
GJA5	TvC	chr1	147756199	147773362	protein_coding
ANXA8	TvC	chr10	47460162	47484175	protein_coding
RBP3	TvC	chr10	47348363	47357881	protein_coding
ENSG00000265359	TvC	chr17	40850800	40898431	lncRNA
ENSG00000265437	TvC	chr18	14361434	14361943	processed_pseudogene
DSEL-AS1	TvC	chr18	67516546	67930010	lncRNA
ZNF488	TvC	chr10	47356520	47384325	protein_coding
CYP4F35P	TvC	chr18	14338015	14338834	transcribed_unprocessed_pseudogene
TXNIP	TvC	chr1	145992435	145996580	protein_coding
GATA6-AS1	TvC	chr18	22087583	22169878	lncRNA
ENSG00000266076	TvC	chr17	65538102	65641033	protein_coding
ENSG00000266088	TvC	chr17	40516699	40532686	lncRNA
RASSF5	TvC	chr1	206507531	206589448	protein_coding
LINC00908	TvC	chr18	76528580	76693637	lncRNA
LINC01910	TvC	chr18	70380140	70384591	lncRNA
LINC01927	TvC	chr18	76600734	76658718	lncRNA
RN7SL356P	TvC	chr14	76967518	76967765	misc_RNA
LINC01443	TvC	chr18	14946267	14974215	lncRNA
MYO15B	TvC	chr17	75587800	75626849	protein_coding
ENSG00000266818	TvC	chr18	15254418	15271744	unprocessed_pseudogene
GAPLINC	TvC	chr18	3466200	3487049	lncRNA
MBP-AS1	TvC	chr18	76974690	76984162	lncRNA
LINC00663	TvC	chr19	19749637	19776434	lncRNA
ENSG00000266923	TvC	chr12	92421531	92483680	lncRNA
ENSG00000266924	TvC	chr18	79787027	79791432	lncRNA
ENSG00000266931	TvC	chr2	87055658	87076060	transcribed_unprocessed_pseudogene
ENSG00000266947	TvC	chr17	35231449	35243011	lncRNA
ENSG00000266953	TvC	chr19	34396315	34409364	protein_coding
ENSG00000267173	TvC	chr19	44329695	44401608	protein_coding
ENSG00000267175	TvC	chr18	61545786	61749101	lncRNA
ENSG00000267179	TvC	chr19	11925075	11979290	protein_coding
ERVE-1	TvC	chr17	28230561	28238670	lncRNA
ENSG00000267295	TvC	chr17	60113793	60120687	unprocessed_pseudogene
SNHG30	TvC	chr17	35568050	35574900	lncRNA
ENSG00000267360	TvC	chr19	37093019	37210512	protein_coding
ENSG00000267404	TvC	chr18	36273574	36274599	processed_pseudogene
ENSG00000267456	TvC	chr18	36278735	36279119	processed_pseudogene
NFE2L3P1	TvC	chr18	59969438	59971396	processed_pseudogene
ENSG00000267501	TvC	chr18	58754859	58757842	lncRNA
ENSG00000267509	TvC	chr19	28065267	28126149	lncRNA
ENSG00000267561	TvC	chr1	86993009	87169204	protein_coding
ENSG00000267605	TvC	chr19	37235507	37304395	lncRNA
ENSG00000267644	TvC	chr17	28219285	28220005	lncRNA
ENSG00000267666	TvC	chr19	663448	669500	lncRNA
RDM1P3	TvC	chr17	68152776	68159043	transcribed_unprocessed_pseudogene
ENSG00000267774	TvC	chr18	59696459	59698111	lncRNA
ENSG00000267780	TvC	chr18	79792027	79816529	lncRNA
ENSG00000267786	TvC	chr19	35947095	35964076	lncRNA
ENSG00000267879	TvC	chr19	50968193	51012129	lncRNA
ENSG00000267881	TvC	chr19	41708657	41756737	protein_coding
ENSG00000267922	TvC	chr19	46101122	46196218	lncRNA
PPP2R1A-AS1	TvC	chr19	52222225	52231294	lncRNA
GABRQ	TvC	chrX	152637895	152657542	protein_coding
SLC6A14	TvC	chrX	116436606	116461458	protein_coding
ARL14EPL	TvC	chr5	116032324	116060118	protein_coding
ENSG00000268460	TvC	chr19	46201552	46214838	lncRNA
RAET1E-AS1	TvC	chr6	149863494	149919514	lncRNA
IGFL2-AS1	TvC	chr19	46189029	46203163	lncRNA
ENSG00000268649	TvC	chr20	58817132	58817725	lncRNA
ENSG00000268744	TvC	chr19	12379189	12401274	lncRNA
ENSG00000268797	TvC	chr19	40801297	40898282	protein_coding
LIF-AS2	TvC	chr22	30246205	30246998	lncRNA
ESPNP	TvC	chr1	16691214	16720157	transcribed_unprocessed_pseudogene
ENSG00000268870	TvC	chr19	12391949	12441082	protein_coding
MIA-RAB4B	TvC	chr19	40771648	40796943	protein_coding
FBXO17	TvC	chr19	38941401	38976773	protein_coding
ENSG00000269237	TvC	chr19	21405159	21491266	protein_coding
DMRTC1	TvC	chrX	72872025	72943837	protein_coding
ENSG00000269514	TvC	chr12	48198357	48264126	lncRNA
CYP4F23P	TvC	chr19	15564074	15584709	transcribed_unprocessed_pseudogene
ENSG00000269707	TvC	chr2	104853285	104927722	lncRNA
CCDC194	TvC	chr19	17387196	17394196	protein_coding
SPACA6-AS1	TvC	chr19	51685363	51693456	lncRNA
ENSG00000270008	TvC	chr13	32425358	32432954	lncRNA
ENSG00000270022	TvC	chr22	42614636	42626375	lncRNA
ENSG00000270091	TvC	chr17	19896590	19897287	lncRNA
GSE1-AS1	TvC	chr16	85578529	85584558	lncRNA
MICOS10-NBL1	TvC	chr1	19597067	19656927	protein_coding
ENSG00000270149	TvC	chr1	160997957	161038962	protein_coding
BIVM-ERCC5	TvC	chr13	102799110	102875994	protein_coding
ENSG00000270259	TvC	chr9	137286112	137287236	processed_pseudogene
IGHV1OR15-4	TvC	chr15	22194885	22195317	IG_V_pseudogene
LINC03131	TvC	chr9	10948281	11065127	lncRNA
ENSG00000270558	TvC	chr5	37286449	37286977	processed_pseudogene
BUD13P1	TvC	chr11	95143637	95145125	processed_pseudogene
RNVU1-31	TvC	chr1	145465617	145465780	snRNA
ENSG00000270726	TvC	chrX	156004218	156022236	lncRNA
ENSG00000270728	TvC	chr1	19297080	19297903	transcribed_processed_pseudogene
ENSG00000271009	TvC	chr16	73060245	73062316	lncRNA
LRRC37A9P	TvC	chr17	35912635	35918010	transcribed_processed_pseudogene
ENSG00000271057	TvC	chr4	9020857	9021161	transcribed_processed_pseudogene
TMCC1-DT	TvC	chr3	129893788	129918579	lncRNA
ENSG00000271344	TvC	chr7	128690451	128691717	lncRNA
ENSG00000271375	TvC	chrY	11473727	11474237	processed_pseudogene
ENSG00000271551	TvC	chr6	156776360	156778422	lncRNA
ENSG00000271573	TvC	chr10	87027184	87027477	processed_pseudogene
MILR1	TvC	chr17	64449037	64492770	protein_coding
ATP2B1-AS1	TvC	chr12	89708177	90143524	lncRNA
ENSG00000271715	TvC	chr5	10269489	10269918	lncRNA
ENSG00000271758	TvC	chr11	7704628	7882947	lncRNA
ENSG00000271830	TvC	chr8	103481266	103481619	lncRNA
LINC02343	TvC	chr13	34347864	34625428	lncRNA
ENSG00000271933	TvC	chr10	84138420	84140582	lncRNA
ENSG00000271969	TvC	chr12	6964949	6965382	lncRNA
ENSG00000272008	TvC	chr6	87151159	87155491	lncRNA
BCAN-AS1	TvC	chr1	156637783	156641004	lncRNA
ENSG00000272079	TvC	chr16	3004871	3007388	lncRNA
ENSG00000272141	TvC	chr1	1169357	1170343	lncRNA
CASC15	TvC	chr6	21664164	22660021	lncRNA
MICA-AS1	TvC	chr6	31382711	31400793	lncRNA
ENSG00000272362	TvC	chr1	234644666	234647571	lncRNA
ENSG00000272396	TvC	chr19	43360685	43368970	lncRNA
ENSG00000272425	TvC	chr8	81275399	81277570	lncRNA
ENSG00000272512	TvC	chr1	995966	998051	lncRNA
ENSG00000272622	TvC	chr2	226794675	226813741	lncRNA
KLHDC7B-DT	TvC	chr22	50542299	50548994	lncRNA
GAS6-DT	TvC	chr13	113864112	113883253	lncRNA
ENSG00000272710	TvC	chr3	75579978	75580199	transcribed_unprocessed_pseudogene
SAP30-DT	TvC	chr4	173349543	173371866	lncRNA
TRIM8-DT	TvC	chr10	102642792	102644140	lncRNA
ENSG00000273069	TvC	chr7	74606913	74607299	lncRNA
ENSG00000273156	TvC	chr4	82344876	82346842	lncRNA
ENSG00000273184	TvC	chr7	128455840	128493859	lncRNA
ENSG00000273209	TvC	chr2	201970945	202033537	lncRNA
LINC03060	TvC	chr7	134368737	134432598	lncRNA
LINC02019	TvC	chr3	50669989	50672048	lncRNA
TMEM167B-DT	TvC	chr1	109087971	109090858	lncRNA
ENSG00000273384	TvC	chr1	178644398	178652282	lncRNA
LINC02725	TvC	chr11	128095758	128183671	lncRNA
ENSG00000273552	TvC	chr13	27667315	27680581	lncRNA
H2BC14	TvC	chr6	27815022	27815489	protein_coding
LHX1	TvC	chr17	36936784	36944612	protein_coding
LINC02970	TvC	chr20	62596732	62603355	lncRNA
ENPP7P7	TvC	chr11	67812557	67873367	transcribed_unprocessed_pseudogene
ENSG00000273956	TvC	chr16	21526820	21550374	lncRNA
Y_RNA	TvC	chr21	7092616	7092716	misc_RNA
ALOX15P1	TvC	chr17	6657214	6661413	transcribed_unprocessed_pseudogene
LINC02967	TvC	chr20	24930619	24933194	lncRNA
ANTXRL	TvC	chr10	46286345	46330727	protein_coding
ADRA2B	TvC	chr2	96112876	96116571	protein_coding
H2BC6	TvC	chr6	26172059	26184655	protein_coding
ADAMTS7P1	TvC	chr15	82298553	82334609	transcribed_unprocessed_pseudogene
ENSG00000274378	TvC	chr17	60025859	60030746	transcribed_unprocessed_pseudogene
ENSG00000274414	TvC	chr20	25239007	25245229	lncRNA
Y_RNA	TvC	chr21	7474394	7474494	misc_RNA
RIMBP3B	TvC	chr22	21383751	21389478	protein_coding
CYP4F59P	TvC	chr9	66049896	66050845	transcribed_unprocessed_pseudogene
ENSG00000274629	TvC	chr2	224442844	224474961	lncRNA
ENSG00000274642	TvC	chr1	120197085	120319680	transcribed_unprocessed_pseudogene
TRBV12-3	TvC	chr7	142560423	142560931	TR_V_gene
ENSG00000274833	TvC	chr17	81387415	81387766	lncRNA
ENSG00000274863	TvC	chr20	18999096	19057020	lncRNA
ENSG00000274879	TvC	chr12	114929757	114929935	transcribed_processed_pseudogene
ALOXE3P1	TvC	chr17	8063936	8072533	unprocessed_pseudogene
PDE4DIPP5	TvC	chr1	145509047	145520594	transcribed_unprocessed_pseudogene
ENSG00000275119	TvC	chr12	11212219	11251389	lncRNA
PDE4DIPP2	TvC	chr1	120489860	120701289	transcribed_unprocessed_pseudogene
LINC02960	TvC	chr14	90382783	90388356	lncRNA
ENSG00000275223	TvC	chr20	33655701	33656423	lncRNA
FCGBP	TvC	chr19	39863323	39934626	protein_coding
ENSG00000275512	TvC	chr18	35403996	35406528	lncRNA
RNVU1-19	TvC	chr1	120850819	120850985	snRNA
UBE2Q2P6	TvC	chr15	82445719	82454712	transcribed_unprocessed_pseudogene
H3C1	TvC	chr6	26020451	26021487	protein_coding
ENSG00000275740	TvC	chr5	146203550	146339251	protein_coding
RIMBP3	TvC	chr22	18605815	18611919	protein_coding
LINC03082	TvC	chr13	109978140	110129136	lncRNA
ENSG00000275846	TvC	chr6	26602730	26606661	lncRNA
ENSG00000275993	TvC	chr21	6111131	6123778	artifact
ANKRD20A3P	TvC	chr9	66083960	66152966	transcribed_unprocessed_pseudogene
ENSG00000276216	TvC	chr1	145281115	145291294	lncRNA
FRG1HP	TvC	chr9	40992426	41218410	transcribed_unprocessed_pseudogene
ENSG00000276302	TvC	chr6	28267121	28281580	protein_coding
TRBV13	TvC	chr7	142535809	142536292	TR_V_gene
H2BC3	TvC	chr6	26042771	26043713	protein_coding
FAM25C	TvC	chr10	47995322	47999791	protein_coding
RAB7B	TvC	chr1	205976740	206003461	protein_coding
ENSG00000276851	TvC	chr17	50094065	50094647	lncRNA
TRBV12-4	TvC	chr7	142563740	142564245	TR_V_gene
SUNO1	TvC	chr19	33906352	33908393	lncRNA
ENSG00000277117	TvC	chr21	5022531	5036771	artifact
ENSG00000277128	TvC	chr14	19124807	19175530	lncRNA
ENSG00000277152	TvC	chr15	66860303	66867023	lncRNA
ENSG00000277182	TvC	chr17	38749275	38751773	lncRNA
GTSE1-DT	TvC	chr22	46295143	46296660	lncRNA
LHX1-DT	TvC	chr17	36861674	36936670	lncRNA
ATP5F1AP10	TvC	chr9	66721158	66722760	processed_pseudogene
ENSG00000277304	TvC	chr16	32916974	32946392	unprocessed_pseudogene
SRCIN1	TvC	chr17	38530031	38605952	protein_coding
ENSG00000277498	TvC	chr2	61858137	61860298	unprocessed_pseudogene
PGM5P3-AS1	TvC	chr9	72562	90820	lncRNA
ENSG00000277701	TvC	chr2	97276469	97291886	lncRNA
LINC02255	TvC	chr15	74379041	74393876	lncRNA
NLRP3P1	TvC	chrX	107974078	107985008	transcribed_unprocessed_pseudogene
RDM1	TvC	chr17	35918066	35930773	protein_coding
ENSG00000278075	TvC	chr18	79900555	79900903	lncRNA
ENSG00000278158	TvC	chr21	44241551	44242085	lncRNA
KBTBD6-DT	TvC	chr13	41132894	41261348	lncRNA
CHMP1B2P	TvC	chrX	80272065	80335227	transcribed_unitary_pseudogene
DHRS11	TvC	chr17	36591797	36600805	protein_coding
ENSG00000278546	TvC	chr17	31560132	31560573	lncRNA
H4C1	TvC	chr6	26021649	26022847	protein_coding
NKILA	TvC	chr20	57710156	57712780	lncRNA
ENSG00000278766	TvC	chr2	97405410	97434847	lncRNA
ENSG00000278869	TvC	chr22	49933184	49935331	lncRNA
EPB41L4A-DT	TvC	chr5	112419583	112420978	lncRNA
ENSG00000279026	TvC	chr14	73580694	73582918	TEC
PCDHB1-AS1	TvC	chr5	140990202	141096402	lncRNA
ENSG00000279117	TvC	chr11	75260129	75262466	TEC
ENSG00000279118	TvC	chr5	126496279	126498604	TEC
ENSG00000279138	TvC	chr8	104478539	104480783	TEC
LINC01451	TvC	chr9	136612019	136625416	lncRNA
ENSG00000279142	TvC	chr16	86595189	86597639	TEC
ENSG00000279148	TvC	chr12	100026248	100027540	TEC
TSTD3	TvC	chr6	99520976	99589899	transcribed_unitary_pseudogene
CTBP2P9	TvC	chr21	7626344	7627528	processed_pseudogene
ENSG00000279207	TvC	chr17	58095672	58101479	TEC
ENSG00000279208	TvC	chr21	9369285	9376645	transcribed_unprocessed_pseudogene
ENSG00000279266	TvC	chr11	20131730	20135465	TEC
ENSG00000279348	TvC	chr2	216211404	216213519	TEC
ENSG00000279352	TvC	chr18	14010054	14010917	TEC
ENSG00000279442	TvC	chr22	15298378	15304556	lncRNA
ENSG00000279443	TvC	chr1	28544460	28546542	TEC
ENSG00000279493	TvC	chr21	5011799	5017145	artifact
ENSG00000279518	TvC	chr8	134783694	134785879	TEC
ENSG00000279608	TvC	chr9	35038625	35044326	TEC
ENSG00000279687	TvC	chr21	5073458	5087867	artifact
ENSG00000279703	TvC	chr4	157818101	157818572	TEC
LINC00552	TvC	chr13	113748511	113751089	TEC
ENSG00000279806	TvC	chr17	40473554	40475289	TEC
ENSG00000279955	TvC	chr9	65873098	65875699	transcribed_unprocessed_pseudogene
LINC03032	TvC	chr13	110123208	110125235	lncRNA
ENSG00000280003	TvC	chr3	52217016	52219012	TEC
ENSG00000280032	TvC	chr11	118264593	118266817	TEC
ENSG00000280043	TvC	chr4	49229573	49231284	TEC
ENSG00000280047	TvC	chr5	142165767	142168387	TEC
ENSG00000280070	TvC	chr14	96992864	96996601	TEC
ENSG00000280071	TvC	chr21	5116341	5128369	artifact
ENSG00000280083	TvC	chr2	191154118	191156070	TEC
ENSG00000280147	TvC	chr8	29587001	29588426	TEC
ENSG00000280184	TvC	chr6	145789270	145791973	TEC
ENSG00000280193	TvC	chr8	81696368	81698694	TEC
GGT4P	TvC	chr13	18253526	18270822	transcribed_unprocessed_pseudogene
ENSG00000280217	TvC	chr12	131235511	131237523	TEC
ENSG00000280241	TvC	chr4	153759468	154300500	lncRNA
CTBP2P10	TvC	chr21	7129103	7130287	processed_pseudogene
ENSG00000280383	TvC	chr22	45657019	45680130	lncRNA
ENSG00000280435	TvC	chr3	44115818	44117487	TEC
SALRNA2	TvC	chr15	70635249	70637314	lncRNA
LINC01348	TvC	chr1	235054610	235074378	lncRNA
LINC02204	TvC	chr15	70570958	70586606	lncRNA
ENSG00000280655	TvC	chr15	21752278	21752710	IG_V_pseudogene
LINC02203	TvC	chr15	21552795	21653276	protein_coding
LINC01232	TvC	chr13	99479448	99501342	lncRNA
SCHLAP1	TvC	chr2	180692009	180916939	lncRNA
LINC00706	TvC	chr10	6772271	6779205	lncRNA
LINC01338	TvC	chr5	82807475	82860008	lncRNA
ENSG00000281333	TvC	chr12	88580531	88602193	lncRNA
ENSG00000281386	TvC	chr11	129591491	129612649	lncRNA
CICP14	TvC	chr7	128655962	128658791	processed_pseudogene
SAMD12-AS1	TvC	chr8	118620498	118906164	lncRNA
HERC2P7	TvC	chr15	22480439	22484840	transcribed_unprocessed_pseudogene
ENSG00000282097	TvC	chr1	234709165	234721431	lncRNA
ENSG00000282221	TvC	chr1	201399633	201401558	lncRNA
ENSG00000282381	TvC	chr7	65269305	65370725	lncRNA
ENSG00000282418	TvC	chr1	225465004	225486834	lncRNA
ENSG00000282527	TvC	chr3	97800545	97821979	lncRNA
FAM138F	TvC	chr19	76162	79204	lncRNA
ENSG00000282742	TvC	chr4	6697861	6698809	TEC
